date, value
1999-05-10,18.875000
1999-05-11,19.312500
1999-05-12,18.937500
1999-05-13,19.500000
1999-05-14,19.250000
1999-05-17,18.437500
1999-05-18,17.750000
1999-05-19,18.187500
1999-05-20,17.875000
1999-05-21,17.875000
1999-05-24,17.562500
1999-05-25,16.875000
1999-05-26,17.062500
1999-05-27,17.437500
1999-05-28,17.250000
1999-06-01,16.937500
1999-06-02,17.250000
1999-06-03,18.000000
1999-06-04,18.062500
1999-06-07,17.875000
1999-06-08,17.250000
1999-06-09,16.875000
1999-06-10,17.562500
1999-06-11,18.000000
1999-06-14,17.625000
1999-06-15,17.625000
1999-06-16,17.437500
1999-06-17,17.625000
1999-06-18,18.000000
1999-06-21,17.750000
1999-06-22,17.312500
1999-06-23,18.312500
1999-06-24,18.062500
1999-06-25,18.375000
1999-06-28,18.187500
1999-06-29,18.500000
1999-06-30,19.375000
1999-07-01,19.375000
1999-07-02,19.562500
1999-07-06,18.375000
1999-07-07,18.187500
1999-07-08,17.687500
1999-07-09,18.000000
1999-07-12,17.937500
1999-07-13,17.625000
1999-07-14,17.375000
1999-07-15,17.250000
1999-07-16,17.125000
1999-07-19,16.875000
1999-07-20,17.062500
1999-07-21,17.875000
1999-07-22,18.000000
1999-07-23,17.875000
1999-07-26,17.812500
1999-07-27,17.812500
1999-07-28,18.000000
1999-07-29,18.531250
1999-07-30,18.562500
1999-08-02,17.937500
1999-08-03,19.312500
1999-08-04,19.750000
1999-08-05,19.625000
1999-08-06,19.250000
1999-08-09,20.250000
1999-08-10,19.625000
1999-08-11,20.250000
1999-08-12,19.687500
1999-08-13,19.625000
1999-08-16,19.312500
1999-08-17,19.937500
1999-08-18,18.875000
1999-08-19,19.000000
1999-08-20,19.062500
1999-08-23,19.250000
1999-08-24,18.812500
1999-08-25,18.625000
1999-08-26,19.375000
1999-08-27,19.187500
1999-08-30,18.750000
1999-08-31,19.375000
1999-09-01,19.375000
1999-09-02,19.250000
1999-09-03,18.750000
1999-09-07,19.062500
1999-09-08,18.812500
1999-09-09,19.187500
1999-09-10,18.812500
1999-09-13,18.562500
1999-09-14,18.812500
1999-09-15,18.375000
1999-09-16,18.250000
1999-09-17,18.562500
1999-09-20,18.687500
1999-09-21,19.812500
1999-09-22,20.000000
1999-09-23,19.937500
1999-09-24,20.187500
1999-09-27,24.125000
1999-09-28,23.875000
1999-09-29,22.312500
1999-09-30,21.750000
1999-10-01,22.375000
1999-10-04,24.000000
1999-10-05,22.375000
1999-10-06,21.562500
1999-10-07,20.750000
1999-10-08,20.312500
1999-10-11,21.375000
1999-10-12,20.312500
1999-10-13,21.750000
1999-10-14,20.562500
1999-10-15,20.625000
1999-10-18,20.062500
1999-10-19,19.687500
1999-10-20,19.625000
1999-10-21,20.125000
1999-10-22,19.687500
1999-10-25,19.437500
1999-10-26,18.125000
1999-10-27,18.562500
1999-10-28,18.187500
1999-10-29,18.312500
1999-11-01,17.812500
1999-11-02,18.250000
1999-11-03,17.875000
1999-11-04,17.687500
1999-11-05,17.187500
1999-11-08,17.500000
1999-11-09,18.000000
1999-11-10,19.000000
1999-11-11,17.937500
1999-11-12,17.875000
1999-11-15,18.187500
1999-11-16,17.875000
1999-11-17,17.625000
1999-11-18,17.750000
1999-11-19,17.812500
1999-11-22,17.500000
1999-11-23,18.750000
1999-11-24,19.250000
1999-11-26,19.375000
1999-11-29,17.812500
1999-11-30,18.000000
1999-12-01,17.812500
1999-12-02,17.437500
1999-12-03,17.437500
1999-12-06,17.312500
1999-12-07,18.250000
1999-12-08,18.062500
1999-12-09,17.562500
1999-12-10,17.562500
1999-12-13,17.750000
1999-12-14,17.250000
1999-12-15,17.750000
1999-12-16,17.812500
1999-12-17,18.250000
1999-12-20,17.812500
1999-12-21,18.250000
1999-12-22,18.000000
1999-12-23,18.000000
1999-12-27,18.125000
1999-12-28,18.453125
1999-12-29,18.187500
1999-12-30,17.750000
1999-12-31,17.687500
2000-01-03,17.687500
2000-01-04,17.437500
2000-01-05,17.750000
2000-01-06,17.750000
2000-01-07,17.312500
2000-01-10,17.312500
2000-01-11,17.625000
2000-01-12,17.312500
2000-01-13,17.187500
2000-01-14,16.937500
2000-01-18,17.562500
2000-01-19,17.312500
2000-01-20,17.062500
2000-01-21,17.125000
2000-01-24,16.562500
2000-01-25,16.500000
2000-01-26,16.250000
2000-01-27,16.937500
2000-01-28,16.312500
2000-01-31,16.375000
2000-02-01,16.187500
2000-02-02,16.375000
2000-02-03,16.562500
2000-02-04,18.375000
2000-02-07,17.875000
2000-02-08,17.250000
2000-02-09,18.437500
2000-02-10,18.437500
2000-02-11,18.312500
2000-02-14,17.500000
2000-02-15,17.875000
2000-02-16,17.875000
2000-02-17,17.312500
2000-02-18,17.937500
2000-02-22,18.187500
2000-02-23,17.187500
2000-02-24,16.687500
2000-02-25,16.687500
2000-02-28,16.437500
2000-02-29,16.312500
2000-03-01,16.625000
2000-03-02,16.375000
2000-03-03,16.250000
2000-03-06,16.125000
2000-03-07,17.062500
2000-03-08,16.562500
2000-03-09,16.687500
2000-03-10,16.187500
2000-03-13,16.687500
2000-03-14,16.625000
2000-03-15,16.687500
2000-03-16,16.625000
2000-03-17,16.312500
2000-03-20,16.437500
2000-03-21,17.250000
2000-03-22,16.437500
2000-03-23,16.625000
2000-03-24,16.750000
2000-03-27,16.375000
2000-03-28,16.125000
2000-03-29,15.937500
2000-03-30,15.875000
2000-03-31,15.687500
2000-04-03,16.000000
2000-04-04,16.937500
2000-04-05,17.187500
2000-04-06,16.625000
2000-04-07,16.375000
2000-04-10,16.500000
2000-04-11,16.500000
2000-04-12,16.250000
2000-04-13,16.125000
2000-04-14,17.250000
2000-04-17,16.875000
2000-04-18,16.750000
2000-04-19,17.125000
2000-04-20,17.062500
2000-04-24,17.125000
2000-04-25,16.687500
2000-04-26,16.437500
2000-04-27,17.000000
2000-04-28,16.812500
2000-05-01,17.000000
2000-05-02,18.625000
2000-05-03,18.562500
2000-05-04,18.500000
2000-05-05,17.937500
2000-05-08,18.000000
2000-05-09,18.375000
2000-05-10,18.562500
2000-05-11,18.250000
2000-05-12,18.187500
2000-05-15,18.500000
2000-05-16,18.437500
2000-05-17,17.625000
2000-05-18,17.500000
2000-05-19,17.500000
2000-05-22,17.687500
2000-05-23,18.000000
2000-05-24,18.437500
2000-05-25,18.062500
2000-05-26,18.187500
2000-05-30,18.500000
2000-05-31,18.125000
2000-06-01,18.187500
2000-06-02,18.687500
2000-06-05,19.437500
2000-06-06,19.625000
2000-06-07,19.000000
2000-06-08,19.000000
2000-06-09,18.875000
2000-06-12,19.312500
2000-06-13,19.125000
2000-06-14,19.375000
2000-06-15,18.875000
2000-06-16,18.812500
2000-06-19,18.250000
2000-06-20,18.000000
2000-06-21,17.750000
2000-06-22,17.875000
2000-06-23,17.437500
2000-06-26,17.437500
2000-06-27,17.687500
2000-06-28,18.515625
2000-06-29,17.812500
2000-06-30,18.171875
2000-07-03,18.125000
2000-07-05,17.437500
2000-07-06,17.500000
2000-07-07,17.500000
2000-07-10,17.687500
2000-07-11,18.375000
2000-07-12,18.000000
2000-07-13,17.937500
2000-07-14,17.562500
2000-07-17,17.875000
2000-07-18,17.812500
2000-07-19,17.312500
2000-07-20,17.062500
2000-07-21,16.500000
2000-07-24,16.437500
2000-07-25,16.312500
2000-07-26,16.375000
2000-07-27,16.250000
2000-07-28,16.187500
2000-07-31,15.937500
2000-08-01,16.375000
2000-08-02,16.437500
2000-08-03,15.750000
2000-08-04,16.000000
2000-08-07,16.000000
2000-08-08,16.000000
2000-08-09,15.937500
2000-08-10,16.000000
2000-08-11,17.250000
2000-08-14,17.062500
2000-08-15,17.062500
2000-08-16,17.625000
2000-08-17,16.875000
2000-08-18,16.750000
2000-08-21,16.437500
2000-08-22,16.375000
2000-08-23,16.062500
2000-08-24,16.125000
2000-08-25,16.187500
2000-08-28,16.062500
2000-08-29,15.875000
2000-08-30,16.000000
2000-08-31,15.953125
2000-09-01,16.125000
2000-09-05,16.187500
2000-09-06,16.375000
2000-09-07,16.000000
2000-09-08,16.437500
2000-09-11,16.187500
2000-09-12,16.062500
2000-09-13,16.062500
2000-09-14,15.875000
2000-09-15,15.562500
2000-09-18,15.375000
2000-09-19,15.250000
2000-09-20,14.937500
2000-09-21,15.312500
2000-09-22,15.375000
2000-09-25,15.187500
2000-09-26,15.000000
2000-09-27,15.562500
2000-09-28,15.125000
2000-09-29,15.250000
2000-10-02,14.937500
2000-10-03,14.812500
2000-10-04,15.000000
2000-10-05,14.437500
2000-10-06,14.125000
2000-10-09,14.437500
2000-10-10,14.437500
2000-10-11,13.812500
2000-10-12,14.750000
2000-10-13,13.937500
2000-10-16,13.812500
2000-10-17,13.437500
2000-10-18,13.187500
2000-10-19,13.125000
2000-10-20,13.125000
2000-10-23,13.187500
2000-10-24,12.687500
2000-10-25,12.750000
2000-10-26,13.125000
2000-10-27,13.625000
2000-10-30,13.750000
2000-10-31,13.375000
2000-11-01,13.312500
2000-11-02,13.312500
2000-11-03,13.562500
2000-11-06,13.687500
2000-11-07,13.687500
2000-11-08,13.500000
2000-11-09,13.687500
2000-11-10,13.312500
2000-11-13,13.187500
2000-11-14,13.312500
2000-11-15,13.312500
2000-11-16,13.562500
2000-11-17,13.250000
2000-11-20,13.312500
2000-11-21,13.875000
2000-11-22,14.312500
2000-11-24,14.187500
2000-11-27,14.937500
2000-11-28,15.000000
2000-11-29,14.562500
2000-11-30,15.000000
2000-12-01,15.312500
2000-12-04,15.690000
2000-12-05,14.910000
2000-12-06,15.840000
2000-12-07,16.260000
2000-12-08,16.320000
2000-12-11,15.800000
2000-12-12,15.820000
2000-12-13,15.130000
2000-12-14,15.310000
2000-12-15,15.990000
2000-12-18,15.850000
2000-12-19,16.500000
2000-12-20,17.230000
2000-12-21,16.670000
2000-12-22,16.389999
2000-12-26,16.440001
2000-12-27,16.500000
2000-12-28,16.430000
2000-12-29,16.379999
2001-01-02,17.120001
2001-01-03,16.230000
2001-01-04,15.770000
2001-01-05,15.370000
2001-01-08,15.550000
2001-01-09,15.700000
2001-01-10,15.710000
2001-01-11,15.430000
2001-01-12,15.710000
2001-01-16,15.490000
2001-01-17,15.290000
2001-01-18,15.110000
2001-01-19,15.100000
2001-01-22,16.250000
2001-01-23,15.930000
2001-01-24,15.290000
2001-01-25,15.370000
2001-01-26,15.370000
2001-01-29,14.890000
2001-01-30,15.280000
2001-01-31,15.470000
2001-02-01,15.740000
2001-02-02,15.330000
2001-02-05,15.110000
2001-02-06,14.690000
2001-02-07,14.800000
2001-02-08,14.500000
2001-02-09,14.480000
2001-02-12,14.390000
2001-02-13,14.260000
2001-02-14,14.070000
2001-02-15,13.920000
2001-02-16,14.770000
2001-02-20,14.380000
2001-02-21,14.370000
2001-02-22,14.830000
2001-02-23,15.320000
2001-02-26,16.139999
2001-02-27,16.350000
2001-02-28,16.200001
2001-03-01,16.219999
2001-03-02,15.960000
2001-03-05,16.379999
2001-03-06,16.260000
2001-03-07,16.290001
2001-03-08,17.350000
2001-03-09,16.600000
2001-03-12,16.680000
2001-03-13,16.200001
2001-03-14,15.940000
2001-03-15,15.360000
2001-03-16,14.480000
2001-03-19,14.650000
2001-03-20,14.910000
2001-03-21,14.930000
2001-03-22,14.950000
2001-03-23,14.600000
2001-03-26,14.780000
2001-03-27,14.320000
2001-03-28,14.220000
2001-03-29,13.990000
2001-03-30,14.290000
2001-04-02,13.850000
2001-04-03,14.480000
2001-04-04,15.160000
2001-04-05,15.100000
2001-04-06,15.280000
2001-04-09,15.390000
2001-04-10,15.420000
2001-04-11,15.120000
2001-04-12,15.450000
2001-04-16,15.790000
2001-04-17,15.500000
2001-04-18,15.850000
2001-04-19,15.940000
2001-04-20,15.800000
2001-04-23,15.570000
2001-04-24,15.820000
2001-04-25,15.520000
2001-04-26,16.370001
2001-04-27,16.780001
2001-04-30,16.440001
2001-05-01,16.959999
2001-05-02,16.950001
2001-05-03,16.280001
2001-05-04,16.270000
2001-05-07,16.709999
2001-05-08,16.510000
2001-05-09,17.420000
2001-05-10,17.480000
2001-05-11,17.180000
2001-05-14,17.320000
2001-05-15,17.120001
2001-05-16,17.950001
2001-05-17,18.170000
2001-05-18,19.020000
2001-05-21,18.920000
2001-05-22,18.170000
2001-05-23,17.910000
2001-05-24,17.290001
2001-05-25,17.570000
2001-05-29,17.240000
2001-05-30,16.750000
2001-05-31,16.500000
2001-06-01,16.650000
2001-06-04,16.610001
2001-06-05,16.629999
2001-06-06,16.260000
2001-06-07,16.010000
2001-06-08,16.690001
2001-06-11,16.420000
2001-06-12,17.139999
2001-06-13,17.150000
2001-06-14,17.280001
2001-06-15,16.799999
2001-06-18,16.760000
2001-06-19,16.629999
2001-06-20,16.180000
2001-06-21,16.209999
2001-06-22,16.430000
2001-06-25,15.680000
2001-06-26,15.550000
2001-06-27,15.400000
2001-06-28,15.020000
2001-06-29,15.150000
2001-07-02,14.300000
2001-07-03,14.840000
2001-07-05,14.820000
2001-07-06,14.730000
2001-07-09,14.570000
2001-07-10,14.650000
2001-07-11,15.310000
2001-07-12,15.310000
2001-07-13,15.290000
2001-07-16,14.950000
2001-07-17,15.180000
2001-07-18,15.510000
2001-07-19,15.520000
2001-07-20,15.600000
2001-07-23,15.330000
2001-07-24,15.660000
2001-07-25,15.640000
2001-07-26,15.200000
2001-07-27,15.290000
2001-07-30,14.970000
2001-07-31,14.890000
2001-08-01,14.760000
2001-08-02,14.550000
2001-08-03,14.580000
2001-08-06,14.860000
2001-08-07,14.760000
2001-08-08,15.250000
2001-08-09,16.010000
2001-08-10,15.620000
2001-08-13,16.280001
2001-08-14,16.040001
2001-08-15,16.400000
2001-08-16,16.590000
2001-08-17,16.799999
2001-08-20,16.549999
2001-08-21,16.700001
2001-08-22,16.629999
2001-08-23,16.799999
2001-08-24,16.840000
2001-08-27,16.430000
2001-08-28,16.120001
2001-08-29,16.110001
2001-08-30,16.200001
2001-08-31,16.020000
2001-09-04,15.570000
2001-09-05,15.840000
2001-09-06,15.730000
2001-09-07,15.940000
2001-09-10,16.110001
2001-09-17,16.650000
2001-09-18,16.700001
2001-09-19,16.799999
2001-09-20,17.350000
2001-09-21,17.170000
2001-09-24,16.670000
2001-09-25,16.320000
2001-09-26,17.340000
2001-09-27,17.620001
2001-09-28,17.350000
2001-10-01,17.700001
2001-10-02,17.950001
2001-10-03,17.100000
2001-10-04,17.000000
2001-10-05,17.250000
2001-10-08,16.860001
2001-10-09,16.440001
2001-10-10,15.950000
2001-10-11,15.670000
2001-10-12,16.440001
2001-10-15,16.350000
2001-10-16,16.760000
2001-10-17,16.930000
2001-10-18,16.219999
2001-10-19,15.770000
2001-10-22,15.510000
2001-10-23,15.530000
2001-10-24,15.700000
2001-10-25,16.090000
2001-10-26,15.840000
2001-10-29,15.790000
2001-10-30,15.800000
2001-10-31,15.590000
2001-11-01,15.490000
2001-11-02,16.020000
2001-11-05,15.760000
2001-11-06,15.710000
2001-11-07,16.059999
2001-11-08,15.400000
2001-11-09,15.710000
2001-11-12,15.740000
2001-11-13,15.380000
2001-11-14,15.160000
2001-11-15,14.820000
2001-11-16,14.400000
2001-11-19,14.060000
2001-11-20,14.520000
2001-11-21,14.290000
2001-11-23,14.200000
2001-11-26,14.150000
2001-11-27,14.700000
2001-11-28,14.810000
2001-11-29,14.960000
2001-11-30,15.130000
2001-12-03,15.290000
2001-12-04,15.250000
2001-12-05,15.410000
2001-12-06,15.490000
2001-12-07,15.090000
2001-12-10,15.060000
2001-12-11,15.170000
2001-12-12,15.600000
2001-12-13,15.670000
2001-12-14,16.370001
2001-12-17,16.280001
2001-12-18,16.600000
2001-12-19,16.049999
2001-12-20,16.430000
2001-12-21,16.260000
2001-12-24,16.290001
2001-12-26,16.000000
2001-12-27,15.870000
2001-12-28,15.800000
2001-12-31,15.950000
2002-01-02,16.200001
2002-01-03,16.580000
2002-01-04,16.610001
2002-01-07,16.920000
2002-01-08,16.490000
2002-01-09,17.120001
2002-01-10,17.350000
2002-01-11,17.299999
2002-01-14,17.240000
2002-01-15,17.410000
2002-01-16,17.440001
2002-01-17,17.100000
2002-01-18,16.790001
2002-01-22,16.820000
2002-01-23,16.350000
2002-01-24,16.290001
2002-01-25,16.850000
2002-01-28,16.650000
2002-01-29,16.930000
2002-01-30,16.980000
2002-01-31,17.100000
2002-02-01,17.330000
2002-02-04,18.000000
2002-02-05,18.379999
2002-02-06,17.959999
2002-02-07,18.770000
2002-02-08,19.070000
2002-02-11,17.840000
2002-02-12,18.260000
2002-02-13,18.490000
2002-02-14,18.770000
2002-02-15,18.450001
2002-02-19,17.700001
2002-02-20,17.799999
2002-02-21,18.360001
2002-02-22,18.219999
2002-02-25,17.930000
2002-02-26,18.650000
2002-02-27,18.070000
2002-02-28,18.049999
2002-03-01,18.240000
2002-03-04,17.900000
2002-03-05,17.639999
2002-03-06,18.080000
2002-03-07,17.350000
2002-03-08,17.010000
2002-03-11,17.600000
2002-03-12,17.990000
2002-03-13,17.360001
2002-03-14,17.540001
2002-03-15,17.459999
2002-03-18,18.059999
2002-03-19,17.990000
2002-03-20,18.049999
2002-03-21,17.940001
2002-03-22,18.120001
2002-03-25,18.629999
2002-03-26,18.100000
2002-03-27,18.860001
2002-03-28,18.559999
2002-04-01,18.900000
2002-04-02,18.719999
2002-04-03,18.200001
2002-04-04,18.100000
2002-04-05,18.030001
2002-04-08,17.620001
2002-04-09,17.250000
2002-04-10,17.790001
2002-04-11,17.510000
2002-04-12,17.730000
2002-04-15,17.620001
2002-04-16,17.490000
2002-04-17,18.410000
2002-04-18,18.000000
2002-04-19,18.280001
2002-04-22,18.360001
2002-04-23,19.000000
2002-04-24,19.200001
2002-04-25,19.510000
2002-04-26,20.389999
2002-04-29,20.350000
2002-04-30,20.070000
2002-05-01,20.580000
2002-05-02,20.950001
2002-05-03,21.110001
2002-05-06,21.540001
2002-05-07,20.540001
2002-05-08,20.790001
2002-05-09,21.299999
2002-05-10,21.740000
2002-05-13,21.930000
2002-05-14,20.780001
2002-05-15,20.760000
2002-05-16,21.020000
2002-05-17,21.969999
2002-05-20,22.510000
2002-05-21,22.730000
2002-05-22,22.680000
2002-05-23,23.160000
2002-05-24,22.910000
2002-05-28,23.309999
2002-05-29,22.430000
2002-05-30,21.950001
2002-05-31,21.799999
2002-06-03,22.370001
2002-06-04,22.120001
2002-06-05,21.340000
2002-06-06,21.770000
2002-06-07,20.770000
2002-06-10,19.820000
2002-06-11,20.240000
2002-06-12,19.639999
2002-06-13,19.200001
2002-06-14,20.020000
2002-06-17,19.670000
2002-06-18,20.020000
2002-06-19,19.740000
2002-06-20,20.480000
2002-06-21,20.459999
2002-06-24,20.500000
2002-06-25,20.549999
2002-06-26,20.270000
2002-06-27,19.799999
2002-06-28,18.990000
2002-07-01,19.180000
2002-07-02,18.440001
2002-07-03,18.480000
2002-07-05,18.150000
2002-07-08,18.450001
2002-07-09,19.540001
2002-07-10,19.200001
2002-07-11,18.760000
2002-07-12,18.340000
2002-07-15,17.450001
2002-07-16,17.450001
2002-07-17,16.870001
2002-07-18,17.139999
2002-07-19,16.900000
2002-07-22,16.090000
2002-07-23,14.320000
2002-07-24,14.730000
2002-07-25,14.480000
2002-07-26,13.910000
2002-07-29,14.750000
2002-07-30,15.200000
2002-07-31,15.320000
2002-08-01,15.500000
2002-08-02,15.710000
2002-08-05,14.520000
2002-08-06,15.250000
2002-08-07,15.270000
2002-08-08,15.170000
2002-08-09,16.000000
2002-08-12,15.820000
2002-08-13,15.900000
2002-08-14,15.500000
2002-08-15,16.000000
2002-08-16,15.720000
2002-08-19,15.180000
2002-08-20,14.930000
2002-08-21,14.730000
2002-08-22,15.240000
2002-08-23,14.800000
2002-08-26,15.270000
2002-08-27,15.750000
2002-08-28,15.620000
2002-08-29,16.049999
2002-08-30,16.070000
2002-09-03,16.410000
2002-09-04,15.800000
2002-09-05,16.400000
2002-09-06,16.590000
2002-09-09,16.969999
2002-09-10,16.520000
2002-09-11,16.680000
2002-09-12,17.530001
2002-09-13,17.549999
2002-09-16,17.459999
2002-09-17,17.080000
2002-09-18,17.030001
2002-09-19,17.440001
2002-09-20,17.840000
2002-09-23,17.389999
2002-09-24,18.120001
2002-09-25,17.770000
2002-09-26,15.900000
2002-09-27,15.090000
2002-09-30,15.550000
2002-10-01,15.560000
2002-10-02,15.500000
2002-10-03,15.510000
2002-10-04,15.620000
2002-10-07,15.310000
2002-10-08,14.780000
2002-10-09,14.420000
2002-10-10,14.100000
2002-10-11,14.460000
2002-10-14,14.540000
2002-10-15,14.190000
2002-10-16,14.200000
2002-10-17,14.540000
2002-10-18,14.330000
2002-10-21,14.230000
2002-10-22,14.870000
2002-10-23,14.600000
2002-10-24,14.780000
2002-10-25,15.160000
2002-10-28,15.510000
2002-10-29,15.080000
2002-10-30,15.540000
2002-10-31,15.070000
2002-11-01,15.520000
2002-11-04,15.790000
2002-11-05,16.000000
2002-11-06,16.379999
2002-11-07,16.500000
2002-11-08,16.240000
2002-11-11,15.860000
2002-11-12,15.860000
2002-11-13,15.340000
2002-11-14,15.450000
2002-11-15,15.990000
2002-11-18,15.840000
2002-11-19,15.350000
2002-11-20,15.650000
2002-11-21,15.140000
2002-11-22,14.980000
2002-11-25,14.780000
2002-11-26,14.510000
2002-11-27,14.520000
2002-11-29,14.670000
2002-12-02,14.650000
2002-12-03,15.260000
2002-12-04,15.330000
2002-12-05,15.250000
2002-12-06,15.480000
2002-12-09,15.240000
2002-12-10,14.750000
2002-12-11,15.120000
2002-12-12,15.750000
2002-12-13,16.000000
2002-12-16,16.290001
2002-12-17,15.900000
2002-12-18,15.800000
2002-12-19,15.340000
2002-12-20,15.390000
2002-12-23,15.810000
2002-12-24,15.450000
2002-12-26,15.980000
2002-12-27,15.750000
2002-12-30,15.400000
2002-12-31,15.410000
2003-01-02,15.680000
2003-01-03,15.850000
2003-01-06,15.690000
2003-01-07,15.380000
2003-01-08,15.630000
2003-01-09,15.410000
2003-01-10,15.660000
2003-01-13,15.500000
2003-01-14,15.010000
2003-01-15,15.150000
2003-01-16,15.890000
2003-01-17,15.660000
2003-01-21,15.670000
2003-01-22,16.040001
2003-01-23,16.750000
2003-01-24,17.190001
2003-01-27,16.420000
2003-01-28,16.750000
2003-01-29,16.480000
2003-01-30,16.570000
2003-01-31,16.450001
2003-02-03,16.299999
2003-02-04,17.040001
2003-02-05,16.480000
2003-02-06,16.590000
2003-02-07,16.469999
2003-02-10,16.090000
2003-02-11,16.480000
2003-02-12,15.700000
2003-02-13,16.330000
2003-02-14,15.840000
2003-02-18,15.920000
2003-02-19,16.129999
2003-02-20,16.110001
2003-02-21,15.900000
2003-02-24,15.900000
2003-02-25,15.740000
2003-02-26,16.000000
2003-02-27,15.780000
2003-02-28,16.120001
2003-03-03,15.760000
2003-03-04,15.630000
2003-03-05,15.560000
2003-03-06,15.450000
2003-03-07,15.080000
2003-03-10,14.680000
2003-03-11,14.460000
2003-03-12,14.670000
2003-03-13,14.460000
2003-03-14,14.650000
2003-03-17,14.500000
2003-03-18,15.070000
2003-03-19,15.090000
2003-03-20,15.040000
2003-03-21,14.820000
2003-03-24,14.530000
2003-03-25,14.590000
2003-03-26,14.610000
2003-03-27,14.610000
2003-03-28,15.500000
2003-03-31,15.560000
2003-04-01,15.250000
2003-04-02,15.050000
2003-04-03,14.970000
2003-04-04,15.080000
2003-04-07,14.990000
2003-04-08,15.130000
2003-04-09,15.390000
2003-04-10,15.340000
2003-04-11,15.240000
2003-04-14,15.230000
2003-04-15,15.420000
2003-04-16,15.370000
2003-04-17,15.360000
2003-04-21,15.760000
2003-04-22,15.560000
2003-04-23,15.630000
2003-04-24,15.100000
2003-04-25,15.030000
2003-04-28,15.080000
2003-04-29,14.900000
2003-04-30,14.950000
2003-05-01,15.600000
2003-05-02,15.470000
2003-05-05,15.870000
2003-05-06,15.990000
2003-05-07,16.040001
2003-05-08,16.830000
2003-05-09,17.090000
2003-05-12,17.330000
2003-05-13,16.910000
2003-05-14,17.459999
2003-05-15,17.530001
2003-05-16,17.420000
2003-05-19,17.850000
2003-05-20,18.330000
2003-05-21,18.650000
2003-05-22,18.260000
2003-05-23,18.160000
2003-05-27,17.910000
2003-05-28,17.150000
2003-05-29,17.530001
2003-05-30,17.480000
2003-06-02,17.650000
2003-06-03,17.900000
2003-06-04,18.110001
2003-06-05,18.570000
2003-06-06,18.350000
2003-06-09,18.120001
2003-06-10,17.910000
2003-06-11,18.000000
2003-06-12,17.959999
2003-06-13,18.190001
2003-06-16,18.340000
2003-06-17,18.940001
2003-06-18,18.530001
2003-06-19,18.680000
2003-06-20,18.500000
2003-06-23,18.010000
2003-06-24,17.469999
2003-06-25,17.610001
2003-06-26,17.490000
2003-06-27,17.600000
2003-06-30,17.900000
2003-07-01,18.510000
2003-07-02,18.379999
2003-07-03,18.290001
2003-07-07,17.760000
2003-07-08,17.400000
2003-07-09,17.270000
2003-07-10,17.180000
2003-07-11,17.360001
2003-07-14,17.400000
2003-07-15,16.980000
2003-07-16,16.830000
2003-07-17,16.950001
2003-07-18,16.889999
2003-07-21,17.320000
2003-07-22,17.490000
2003-07-23,18.290001
2003-07-24,18.340000
2003-07-25,18.680000
2003-07-28,18.350000
2003-07-29,17.549999
2003-07-30,17.070000
2003-07-31,17.120001
2003-08-01,17.080000
2003-08-04,17.350000
2003-08-05,17.290001
2003-08-06,17.610001
2003-08-07,17.820000
2003-08-08,18.490000
2003-08-11,18.629999
2003-08-12,18.370001
2003-08-13,18.430000
2003-08-14,18.400000
2003-08-15,18.299999
2003-08-18,18.190001
2003-08-19,18.920000
2003-08-20,19.780001
2003-08-21,19.340000
2003-08-22,19.280001
2003-08-25,19.080000
2003-08-26,19.430000
2003-08-27,20.030001
2003-08-28,20.139999
2003-08-29,20.209999
2003-09-02,19.959999
2003-09-03,20.070000
2003-09-04,20.450001
2003-09-05,20.809999
2003-09-08,20.680000
2003-09-09,20.700001
2003-09-10,20.440001
2003-09-11,20.320000
2003-09-12,19.650000
2003-09-15,19.639999
2003-09-16,19.760000
2003-09-17,19.870001
2003-09-18,19.530001
2003-09-19,20.129999
2003-09-22,20.129999
2003-09-23,20.219999
2003-09-24,20.059999
2003-09-25,19.320000
2003-09-26,18.660000
2003-09-29,18.700001
2003-09-30,18.830000
2003-10-01,18.980000
2003-10-02,19.170000
2003-10-03,18.500000
2003-10-06,18.549999
2003-10-07,18.670000
2003-10-08,18.750000
2003-10-09,18.820000
2003-10-10,18.770000
2003-10-13,19.080000
2003-10-14,18.799999
2003-10-15,18.520000
2003-10-16,18.969999
2003-10-17,18.629999
2003-10-20,18.660000
2003-10-21,19.400000
2003-10-22,19.410000
2003-10-23,19.250000
2003-10-24,19.559999
2003-10-27,19.559999
2003-10-28,19.400000
2003-10-29,19.610001
2003-10-30,19.379999
2003-10-31,19.469999
2003-11-03,19.150000
2003-11-04,19.059999
2003-11-05,19.379999
2003-11-06,19.219999
2003-11-07,19.780001
2003-11-10,19.770000
2003-11-11,20.240000
2003-11-12,21.190001
2003-11-13,20.969999
2003-11-14,21.219999
2003-11-17,20.790001
2003-11-18,21.580000
2003-11-19,21.730000
2003-11-20,21.510000
2003-11-21,21.690001
2003-11-24,21.080000
2003-11-25,21.590000
2003-11-26,22.280001
2003-11-28,22.340000
2003-12-01,22.490000
2003-12-02,22.440001
2003-12-03,22.700001
2003-12-04,22.400000
2003-12-05,22.660000
2003-12-08,22.610001
2003-12-09,21.920000
2003-12-10,21.820000
2003-12-11,21.690001
2003-12-12,21.750000
2003-12-15,22.150000
2003-12-16,21.379999
2003-12-17,21.639999
2003-12-18,21.940001
2003-12-19,21.730000
2003-12-22,21.799999
2003-12-23,21.980000
2003-12-24,21.990000
2003-12-26,22.490000
2003-12-29,22.930000
2003-12-30,23.000000
2003-12-31,22.709999
2004-01-02,22.980000
2004-01-05,23.400000
2004-01-06,22.950001
2004-01-07,22.719999
2004-01-08,22.620001
2004-01-09,22.639999
2004-01-12,22.350000
2004-01-13,22.030001
2004-01-14,21.260000
2004-01-15,20.559999
2004-01-16,20.820000
2004-01-20,21.120001
2004-01-21,21.020000
2004-01-22,20.420000
2004-01-23,20.200001
2004-01-26,19.940001
2004-01-27,20.440001
2004-01-28,19.730000
2004-01-29,19.340000
2004-01-30,19.700001
2004-02-02,19.950001
2004-02-03,19.850000
2004-02-04,19.670000
2004-02-05,19.889999
2004-02-06,20.620001
2004-02-09,20.889999
2004-02-10,20.700001
2004-02-11,21.350000
2004-02-12,20.830000
2004-02-13,20.980000
2004-02-17,21.500000
2004-02-18,20.559999
2004-02-19,20.549999
2004-02-20,20.080000
2004-02-23,19.950001
2004-02-24,20.590000
2004-02-25,20.360001
2004-02-26,20.320000
2004-02-27,20.450001
2004-03-01,20.549999
2004-03-02,20.020000
2004-03-03,20.170000
2004-03-04,20.490000
2004-03-05,21.180000
2004-03-08,21.620001
2004-03-09,21.600000
2004-03-10,21.040001
2004-03-11,21.200001
2004-03-12,21.290001
2004-03-15,20.870001
2004-03-16,21.540001
2004-03-17,21.889999
2004-03-18,22.160000
2004-03-19,22.230000
2004-03-22,22.000000
2004-03-23,22.309999
2004-03-24,22.139999
2004-03-25,22.459999
2004-03-26,22.760000
2004-03-29,23.190001
2004-03-30,23.559999
2004-03-31,23.780001
2004-04-01,23.809999
2004-04-02,24.100000
2004-04-05,23.350000
2004-04-06,23.510000
2004-04-07,23.700001
2004-04-08,23.490000
2004-04-12,23.610001
2004-04-13,22.040001
2004-04-14,21.430000
2004-04-15,21.770000
2004-04-16,21.920000
2004-04-19,21.530001
2004-04-20,20.709999
2004-04-21,20.639999
2004-04-22,21.230000
2004-04-23,20.860001
2004-04-26,20.830000
2004-04-27,20.280001
2004-04-28,19.020000
2004-04-29,19.200001
2004-04-30,19.230000
2004-05-03,19.160000
2004-05-04,20.139999
2004-05-05,19.719999
2004-05-06,19.320000
2004-05-07,18.379999
2004-05-10,18.620001
2004-05-11,19.049999
2004-05-12,18.830000
2004-05-13,18.639999
2004-05-14,18.790001
2004-05-17,18.889999
2004-05-18,19.440001
2004-05-19,19.799999
2004-05-20,19.650000
2004-05-21,19.879999
2004-05-24,20.170000
2004-05-25,20.530001
2004-05-26,20.620001
2004-05-27,20.990000
2004-05-28,20.670000
2004-06-01,20.520000
2004-06-02,20.420000
2004-06-03,20.000000
2004-06-04,20.230000
2004-06-07,20.480000
2004-06-08,20.280001
2004-06-09,19.320000
2004-06-10,19.200001
2004-06-14,18.760000
2004-06-15,19.260000
2004-06-16,19.330000
2004-06-17,19.580000
2004-06-18,19.760000
2004-06-21,19.700001
2004-06-22,20.080000
2004-06-23,20.150000
2004-06-24,20.670000
2004-06-25,20.520000
2004-06-28,19.910000
2004-06-29,19.590000
2004-06-30,19.750000
2004-07-01,19.530001
2004-07-02,20.000000
2004-07-06,19.650000
2004-07-07,20.350000
2004-07-08,20.780001
2004-07-09,20.990000
2004-07-12,20.850000
2004-07-13,20.740000
2004-07-14,20.639999
2004-07-15,20.549999
2004-07-16,20.639999
2004-07-19,20.379999
2004-07-20,20.299999
2004-07-21,19.750000
2004-07-22,20.000000
2004-07-23,19.490000
2004-07-26,19.309999
2004-07-27,18.910000
2004-07-28,18.610001
2004-07-29,18.870001
2004-07-30,19.120001
2004-08-02,19.150000
2004-08-03,19.299999
2004-08-04,18.980000
2004-08-05,18.680000
2004-08-06,18.860001
2004-08-09,18.770000
2004-08-10,18.680000
2004-08-11,18.469999
2004-08-12,18.219999
2004-08-13,18.719999
2004-08-16,19.100000
2004-08-17,19.209999
2004-08-18,19.250000
2004-08-19,19.969999
2004-08-20,20.299999
2004-08-23,19.750000
2004-08-24,19.490000
2004-08-25,19.889999
2004-08-26,19.600000
2004-08-27,19.900000
2004-08-30,19.450001
2004-08-31,20.000000
2004-09-01,20.250000
2004-09-02,19.980000
2004-09-03,19.760000
2004-09-07,19.590000
2004-09-08,19.389999
2004-09-09,19.490000
2004-09-10,19.370001
2004-09-13,19.600000
2004-09-14,19.860001
2004-09-15,19.590000
2004-09-16,19.450001
2004-09-17,19.400000
2004-09-20,19.379999
2004-09-21,19.879999
2004-09-22,19.860001
2004-09-23,19.860001
2004-09-24,19.940001
2004-09-27,20.000000
2004-09-28,20.270000
2004-09-29,20.500000
2004-09-30,21.040001
2004-10-01,21.049999
2004-10-04,21.049999
2004-10-05,21.680000
2004-10-06,21.809999
2004-10-07,21.520000
2004-10-08,21.680000
2004-10-11,21.629999
2004-10-12,20.980000
2004-10-13,20.340000
2004-10-14,20.389999
2004-10-15,20.570000
2004-10-18,20.389999
2004-10-19,20.809999
2004-10-20,21.559999
2004-10-21,21.379999
2004-10-22,21.770000
2004-10-25,22.549999
2004-10-26,22.500000
2004-10-27,22.170000
2004-10-28,22.010000
2004-10-29,22.510000
2004-11-01,21.870001
2004-11-02,21.400000
2004-11-03,21.879999
2004-11-04,22.260000
2004-11-05,22.940001
2004-11-08,23.150000
2004-11-09,23.170000
2004-11-10,22.520000
2004-11-11,22.650000
2004-11-12,23.209999
2004-11-15,22.910000
2004-11-16,23.350000
2004-11-17,24.110001
2004-11-18,24.120001
2004-11-19,24.830000
2004-11-22,25.389999
2004-11-23,24.900000
2004-11-24,24.620001
2004-11-26,25.340000
2004-11-29,25.389999
2004-11-30,24.590000
2004-12-01,24.900000
2004-12-02,24.040001
2004-12-03,24.180000
2004-12-06,23.760000
2004-12-07,23.580000
2004-12-08,23.090000
2004-12-09,23.510000
2004-12-10,23.200001
2004-12-13,23.450001
2004-12-14,23.030001
2004-12-15,23.450001
2004-12-16,23.250000
2004-12-17,23.270000
2004-12-20,23.559999
2004-12-21,23.930000
2004-12-22,23.719999
2004-12-23,23.799999
2004-12-27,24.080000
2004-12-28,24.010000
2004-12-29,23.809999
2004-12-30,24.059999
2004-12-31,24.219999
2005-01-03,23.559999
2005-01-04,22.889999
2005-01-05,22.590000
2005-01-06,21.910000
2005-01-07,21.980000
2005-01-10,22.350000
2005-01-11,22.590000
2005-01-12,22.440001
2005-01-13,22.190001
2005-01-14,22.150000
2005-01-18,22.340000
2005-01-19,22.270000
2005-01-20,22.129999
2005-01-21,22.610001
2005-01-24,22.830000
2005-01-25,22.150000
2005-01-26,22.240000
2005-01-27,22.190001
2005-01-28,22.180000
2005-01-31,21.860001
2005-02-01,21.740000
2005-02-02,22.059999
2005-02-03,21.920000
2005-02-04,21.900000
2005-02-07,21.500000
2005-02-08,21.530001
2005-02-09,21.799999
2005-02-10,22.660000
2005-02-11,22.940001
2005-02-14,23.180000
2005-02-15,23.090000
2005-02-16,23.270000
2005-02-17,23.980000
2005-02-18,24.030001
2005-02-22,25.000000
2005-02-23,24.889999
2005-02-24,24.780001
2005-02-25,24.900000
2005-02-28,24.900000
2005-03-01,24.350000
2005-03-02,25.000000
2005-03-03,24.830000
2005-03-04,25.410000
2005-03-07,25.110001
2005-03-08,26.010000
2005-03-09,25.920000
2005-03-10,25.559999
2005-03-11,25.799999
2005-03-14,25.549999
2005-03-15,25.500000
2005-03-16,25.639999
2005-03-17,25.700001
2005-03-18,25.219999
2005-03-21,24.610001
2005-03-22,24.059999
2005-03-23,23.639999
2005-03-24,23.690001
2005-03-28,23.610001
2005-03-29,23.660000
2005-03-30,23.660000
2005-03-31,23.959999
2005-04-01,23.940001
2005-04-04,23.740000
2005-04-05,23.930000
2005-04-06,24.070000
2005-04-07,24.059999
2005-04-08,23.889999
2005-04-11,23.690001
2005-04-12,23.530001
2005-04-13,23.559999
2005-04-14,22.629999
2005-04-15,22.410000
2005-04-18,22.610001
2005-04-19,23.010000
2005-04-20,22.750000
2005-04-21,22.540001
2005-04-22,22.600000
2005-04-25,22.680000
2005-04-26,22.570000
2005-04-27,21.889999
2005-04-28,21.809999
2005-04-29,22.320000
2005-05-02,22.520000
2005-05-03,22.760000
2005-05-04,23.200001
2005-05-05,23.139999
2005-05-06,23.100000
2005-05-09,23.120001
2005-05-10,22.790001
2005-05-11,22.520000
2005-05-12,21.740000
2005-05-13,21.549999
2005-05-16,21.379999
2005-05-17,21.719999
2005-05-18,22.010000
2005-05-19,22.020000
2005-05-20,21.620001
2005-05-23,21.900000
2005-05-24,22.430000
2005-05-25,22.610001
2005-05-26,22.139999
2005-05-27,22.990000
2005-05-31,22.990000
2005-06-01,23.270000
2005-06-02,22.889999
2005-06-03,23.200001
2005-06-06,23.010000
2005-06-07,22.590000
2005-06-08,22.700001
2005-06-09,22.770000
2005-06-10,23.469999
2005-06-13,23.450001
2005-06-14,23.139999
2005-06-15,23.610001
2005-06-16,24.510000
2005-06-17,24.730000
2005-06-20,24.320000
2005-06-21,24.389999
2005-06-22,24.480000
2005-06-23,24.750000
2005-06-24,24.920000
2005-06-27,24.600000
2005-06-28,24.700001
2005-06-29,25.799999
2005-06-30,25.030001
2005-07-01,25.280001
2005-07-05,24.180000
2005-07-06,24.389999
2005-07-07,24.590000
2005-07-08,24.559999
2005-07-11,24.910000
2005-07-12,24.700001
2005-07-13,24.530001
2005-07-14,24.030001
2005-07-15,23.750000
2005-07-18,23.549999
2005-07-19,23.809999
2005-07-20,24.100000
2005-07-21,24.650000
2005-07-22,24.700001
2005-07-25,24.670000
2005-07-26,24.360001
2005-07-27,24.400000
2005-07-28,24.360001
2005-07-29,24.500000
2005-08-01,24.600000
2005-08-02,25.200001
2005-08-03,25.980000
2005-08-04,26.160000
2005-08-05,26.110001
2005-08-08,26.190001
2005-08-09,26.139999
2005-08-10,26.469999
2005-08-11,27.400000
2005-08-12,27.510000
2005-08-15,27.080000
2005-08-16,26.820000
2005-08-17,26.309999
2005-08-18,26.290001
2005-08-19,26.250000
2005-08-22,26.280001
2005-08-23,26.219999
2005-08-24,25.549999
2005-08-25,26.049999
2005-08-26,25.940001
2005-08-29,26.139999
2005-08-30,25.680000
2005-08-31,26.219999
2005-09-01,27.309999
2005-09-02,27.360001
2005-09-06,27.200001
2005-09-07,27.209999
2005-09-08,27.690001
2005-09-09,27.860001
2005-09-12,27.820000
2005-09-13,27.090000
2005-09-14,27.590000
2005-09-15,28.070000
2005-09-16,29.000000
2005-09-19,28.820000
2005-09-20,28.350000
2005-09-21,29.049999
2005-09-22,28.730000
2005-09-23,28.680000
2005-09-26,28.860001
2005-09-27,28.400000
2005-09-28,28.850000
2005-09-29,29.299999
2005-09-30,29.049999
2005-10-03,28.980000
2005-10-04,28.340000
2005-10-05,27.660000
2005-10-06,27.900000
2005-10-07,28.600000
2005-10-10,28.480000
2005-10-11,28.340000
2005-10-12,27.650000
2005-10-13,27.270000
2005-10-14,26.879999
2005-10-17,27.170000
2005-10-18,26.480000
2005-10-19,26.090000
2005-10-20,25.430000
2005-10-21,26.400000
2005-10-24,26.629999
2005-10-25,27.059999
2005-10-26,26.200001
2005-10-27,26.320000
2005-10-28,27.200001
2005-10-31,25.250000
2005-11-01,25.040001
2005-11-02,25.400000
2005-11-03,24.990000
2005-11-04,24.920000
2005-11-07,25.219999
2005-11-08,25.240000
2005-11-09,25.830000
2005-11-10,25.559999
2005-11-11,26.110001
2005-11-14,25.660000
2005-11-15,25.270000
2005-11-16,26.490000
2005-11-17,26.900000
2005-11-18,26.799999
2005-11-21,27.430000
2005-11-22,27.809999
2005-11-23,27.139999
2005-11-25,27.430000
2005-11-28,27.190001
2005-11-29,27.020000
2005-11-30,26.610001
2005-12-01,27.080000
2005-12-02,26.629999
2005-12-05,26.549999
2005-12-06,26.990000
2005-12-07,27.809999
2005-12-08,28.200001
2005-12-09,27.770000
2005-12-12,27.600000
2005-12-13,27.500000
2005-12-14,26.840000
2005-12-15,26.900000
2005-12-16,27.059999
2005-12-19,26.840000
2005-12-20,26.850000
2005-12-21,27.219999
2005-12-22,27.120001
2005-12-23,27.209999
2005-12-27,27.320000
2005-12-28,27.549999
2005-12-29,28.299999
2005-12-30,27.870001
2006-01-03,28.820000
2006-01-04,29.600000
2006-01-05,29.250000
2006-01-06,30.059999
2006-01-09,30.000000
2006-01-10,29.570000
2006-01-11,29.190001
2006-01-12,29.139999
2006-01-13,29.770000
2006-01-17,29.850000
2006-01-18,29.139999
2006-01-19,30.350000
2006-01-20,30.000000
2006-01-23,29.850000
2006-01-24,29.860001
2006-01-25,29.959999
2006-01-26,29.950001
2006-01-27,29.950001
2006-01-30,30.309999
2006-01-31,31.459999
2006-02-01,30.980000
2006-02-02,30.410000
2006-02-03,29.600000
2006-02-06,30.309999
2006-02-07,29.000000
2006-02-08,28.740000
2006-02-09,28.820000
2006-02-10,28.530001
2006-02-13,28.070000
2006-02-14,28.670000
2006-02-15,28.030001
2006-02-16,28.530001
2006-02-17,28.650000
2006-02-21,28.700001
2006-02-22,28.940001
2006-02-23,27.379999
2006-02-24,28.040001
2006-02-27,27.360001
2006-02-28,27.370001
2006-03-01,27.510000
2006-03-02,28.180000
2006-03-03,28.059999
2006-03-06,27.500000
2006-03-07,27.000000
2006-03-08,26.469999
2006-03-09,25.650000
2006-03-10,26.129999
2006-03-13,26.299999
2006-03-14,26.490000
2006-03-15,26.650000
2006-03-16,26.600000
2006-03-17,26.629999
2006-03-20,26.570000
2006-03-21,26.180000
2006-03-22,25.870001
2006-03-23,25.770000
2006-03-24,26.190001
2006-03-27,26.540001
2006-03-28,26.020000
2006-03-29,26.700001
2006-03-30,27.620001
2006-03-31,27.240000
2006-04-03,27.740000
2006-04-04,27.910000
2006-04-05,28.840000
2006-04-06,29.690001
2006-04-07,29.280001
2006-04-10,29.389999
2006-04-11,28.620001
2006-04-12,28.930000
2006-04-13,28.830000
2006-04-17,30.120001
2006-04-18,30.440001
2006-04-19,31.110001
2006-04-20,29.480000
2006-04-21,30.160000
2006-04-24,29.879999
2006-04-25,30.230000
2006-04-26,30.559999
2006-04-27,29.580000
2006-04-28,30.480000
2006-05-01,31.000000
2006-05-02,31.190001
2006-05-03,31.030001
2006-05-04,33.080002
2006-05-05,34.209999
2006-05-08,33.970001
2006-05-09,34.869999
2006-05-10,35.230000
2006-05-11,34.470001
2006-05-12,33.599998
2006-05-15,32.240002
2006-05-16,32.270000
2006-05-17,30.920000
2006-05-18,30.540001
2006-05-19,30.559999
2006-05-22,30.770000
2006-05-23,31.129999
2006-05-24,30.059999
2006-05-25,30.930000
2006-05-26,30.870001
2006-05-30,30.680000
2006-05-31,30.610001
2006-06-01,30.629999
2006-06-02,30.690001
2006-06-05,30.080000
2006-06-06,29.450001
2006-06-07,28.799999
2006-06-08,28.170000
2006-06-09,28.090000
2006-06-12,27.620001
2006-06-13,26.889999
2006-06-14,27.200001
2006-06-15,28.040001
2006-06-16,27.719999
2006-06-19,27.219999
2006-06-20,27.639999
2006-06-21,28.320000
2006-06-22,27.879999
2006-06-23,28.200001
2006-06-26,28.370001
2006-06-27,27.809999
2006-06-28,27.799999
2006-06-29,29.280001
2006-06-30,29.600000
2006-07-03,30.500000
2006-07-05,30.020000
2006-07-06,30.170000
2006-07-07,30.110001
2006-07-10,30.070000
2006-07-11,30.549999
2006-07-12,30.260000
2006-07-13,29.340000
2006-07-14,30.340000
2006-07-17,29.469999
2006-07-18,29.049999
2006-07-19,29.889999
2006-07-20,28.709999
2006-07-21,28.280001
2006-07-24,28.520000
2006-07-25,29.379999
2006-07-26,29.980000
2006-07-27,29.600000
2006-07-28,30.530001
2006-07-31,30.799999
2006-08-01,31.450001
2006-08-02,32.200001
2006-08-03,31.830000
2006-08-04,31.840000
2006-08-07,32.169998
2006-08-08,32.110001
2006-08-09,32.790001
2006-08-10,31.900000
2006-08-11,31.170000
2006-08-14,30.510000
2006-08-15,31.020000
2006-08-16,31.469999
2006-08-17,30.950001
2006-08-18,31.660000
2006-08-21,33.000000
2006-08-22,33.410000
2006-08-23,33.480000
2006-08-24,32.770000
2006-08-25,33.110001
2006-08-28,32.570000
2006-08-29,32.900002
2006-08-30,32.790001
2006-08-31,33.480000
2006-09-01,33.430000
2006-09-05,34.040001
2006-09-06,33.549999
2006-09-07,32.439999
2006-09-08,31.370001
2006-09-11,29.580000
2006-09-12,29.309999
2006-09-13,29.690001
2006-09-14,28.459999
2006-09-15,29.080000
2006-09-18,30.000000
2006-09-19,28.760000
2006-09-20,28.350000
2006-09-21,29.059999
2006-09-22,29.290001
2006-09-25,29.100000
2006-09-26,30.250000
2006-09-27,31.010000
2006-09-28,30.830000
2006-09-29,30.719999
2006-10-02,30.879999
2006-10-03,28.549999
2006-10-04,28.840000
2006-10-05,29.320000
2006-10-06,29.160000
2006-10-09,29.270000
2006-10-10,29.219999
2006-10-11,28.410000
2006-10-12,29.120001
2006-10-13,29.790001
2006-10-16,30.209999
2006-10-17,30.100000
2006-10-18,29.799999
2006-10-19,30.670000
2006-10-20,30.020000
2006-10-23,30.350000
2006-10-24,30.170000
2006-10-25,30.670000
2006-10-26,30.469999
2006-10-27,29.910000
2006-10-30,30.240000
2006-10-31,31.000000
2006-11-01,30.990000
2006-11-02,30.870001
2006-11-03,30.870001
2006-11-06,29.990000
2006-11-07,30.160000
2006-11-08,29.420000
2006-11-09,30.040001
2006-11-10,29.420000
2006-11-13,29.469999
2006-11-14,29.190001
2006-11-15,29.309999
2006-11-16,28.459999
2006-11-17,28.459999
2006-11-20,28.340000
2006-11-21,29.090000
2006-11-22,29.049999
2006-11-24,29.750000
2006-11-27,29.750000
2006-11-28,30.160000
2006-11-29,30.260000
2006-11-30,31.440001
2006-12-01,31.200001
2006-12-04,31.500000
2006-12-05,30.950001
2006-12-06,30.410000
2006-12-07,30.750000
2006-12-08,30.110001
2006-12-11,30.450001
2006-12-12,30.070000
2006-12-13,30.180000
2006-12-14,30.840000
2006-12-15,30.450001
2006-12-18,30.180000
2006-12-19,30.709999
2006-12-20,30.230000
2006-12-21,30.010000
2006-12-22,29.900000
2006-12-26,30.110001
2006-12-27,30.590000
2006-12-28,30.969999
2006-12-29,30.700001
2007-01-03,29.830000
2007-01-04,29.629999
2007-01-05,29.500000
2007-01-08,29.360001
2007-01-09,29.389999
2007-01-10,28.980000
2007-01-11,28.840000
2007-01-12,29.250000
2007-01-16,29.010000
2007-01-17,28.879999
2007-01-18,28.389999
2007-01-19,28.610001
2007-01-22,28.350000
2007-01-23,29.340000
2007-01-24,29.670000
2007-01-25,29.389999
2007-01-26,29.110001
2007-01-29,29.020000
2007-01-30,29.420000
2007-01-31,29.620001
2007-02-01,30.290001
2007-02-02,29.980000
2007-02-05,30.370001
2007-02-06,30.469999
2007-02-07,30.309999
2007-02-08,30.790001
2007-02-09,30.840000
2007-02-12,30.309999
2007-02-13,31.020000
2007-02-14,31.370001
2007-02-15,31.510000
2007-02-16,31.290001
2007-02-20,30.940001
2007-02-21,32.110001
2007-02-22,31.459999
2007-02-23,31.059999
2007-02-26,31.410000
2007-02-27,30.010000
2007-02-28,29.870001
2007-03-01,29.270000
2007-03-02,28.469999
2007-03-05,27.870001
2007-03-06,28.350000
2007-03-07,28.190001
2007-03-08,27.980000
2007-03-09,27.959999
2007-03-12,28.450001
2007-03-13,27.420000
2007-03-14,27.610001
2007-03-15,28.080000
2007-03-16,28.070000
2007-03-19,28.459999
2007-03-20,28.670000
2007-03-21,29.240000
2007-03-22,29.090000
2007-03-23,29.070000
2007-03-26,29.049999
2007-03-27,28.910000
2007-03-28,28.930000
2007-03-29,28.850000
2007-03-30,28.549999
2007-04-02,28.799999
2007-04-03,29.120001
2007-04-04,29.350000
2007-04-05,29.330000
2007-04-09,29.180000
2007-04-10,29.260000
2007-04-11,28.940001
2007-04-12,28.950001
2007-04-13,29.340000
2007-04-16,29.670000
2007-04-17,29.530001
2007-04-18,29.360001
2007-04-19,28.680000
2007-04-20,28.860001
2007-04-23,28.540001
2007-04-24,28.400000
2007-04-25,28.840000
2007-04-26,28.370001
2007-04-27,28.590000
2007-04-30,28.110001
2007-05-01,27.990000
2007-05-02,29.580000
2007-05-03,30.330000
2007-05-04,30.490000
2007-05-07,31.070000
2007-05-08,31.170000
2007-05-09,30.930000
2007-05-10,29.889999
2007-05-11,30.070000
2007-05-14,29.709999
2007-05-15,30.000000
2007-05-16,29.780001
2007-05-17,29.450001
2007-05-18,29.830000
2007-05-21,30.270000
2007-05-22,29.549999
2007-05-23,29.760000
2007-05-24,29.000000
2007-05-25,28.900000
2007-05-29,28.610001
2007-05-30,28.600000
2007-05-31,29.129999
2007-06-01,29.430000
2007-06-04,29.209999
2007-06-05,29.010000
2007-06-06,28.740000
2007-06-07,28.170000
2007-06-08,28.320000
2007-06-11,28.670000
2007-06-12,28.209999
2007-06-13,28.240000
2007-06-14,28.410000
2007-06-15,29.139999
2007-06-18,29.049999
2007-06-19,29.540001
2007-06-20,29.330000
2007-06-21,29.580000
2007-06-22,29.750000
2007-06-25,28.930000
2007-06-26,28.190001
2007-06-27,28.670000
2007-06-28,28.790001
2007-06-29,29.070000
2007-07-02,29.790001
2007-07-03,29.600000
2007-07-05,30.030001
2007-07-06,30.719999
2007-07-09,31.209999
2007-07-10,31.350000
2007-07-11,31.059999
2007-07-12,31.879999
2007-07-13,32.029999
2007-07-16,31.870001
2007-07-17,32.060001
2007-07-18,33.779999
2007-07-19,34.279999
2007-07-20,34.500000
2007-07-23,34.549999
2007-07-24,34.270000
2007-07-25,33.950001
2007-07-26,32.630001
2007-07-27,31.980000
2007-07-30,33.279999
2007-07-31,32.900002
2007-08-01,32.700001
2007-08-02,33.099998
2007-08-03,33.209999
2007-08-06,33.330002
2007-08-07,33.669998
2007-08-08,34.099998
2007-08-09,33.770000
2007-08-10,34.290001
2007-08-13,33.590000
2007-08-14,32.770000
2007-08-15,31.670000
2007-08-16,30.100000
2007-08-17,30.520000
2007-08-20,31.870001
2007-08-21,32.080002
2007-08-22,33.240002
2007-08-23,32.630001
2007-08-24,33.119999
2007-08-27,32.130001
2007-08-28,30.820000
2007-08-29,31.799999
2007-08-30,31.389999
2007-08-31,32.520000
2007-09-04,33.439999
2007-09-05,33.400002
2007-09-06,36.200001
2007-09-07,36.650002
2007-09-10,37.000000
2007-09-11,37.610001
2007-09-12,37.330002
2007-09-13,37.099998
2007-09-14,37.200001
2007-09-17,37.470001
2007-09-18,38.759998
2007-09-19,38.740002
2007-09-20,40.939999
2007-09-21,40.060001
2007-09-24,39.900002
2007-09-25,39.090000
2007-09-26,38.680000
2007-09-27,39.180000
2007-09-28,40.279999
2007-10-01,41.230000
2007-10-02,39.250000
2007-10-03,39.410000
2007-10-04,40.549999
2007-10-05,40.919998
2007-10-08,40.549999
2007-10-09,41.900002
2007-10-10,42.070000
2007-10-11,41.970001
2007-10-12,42.279999
2007-10-15,42.919998
2007-10-16,42.040001
2007-10-17,40.709999
2007-10-18,42.130001
2007-10-19,41.599998
2007-10-22,40.330002
2007-10-23,41.759998
2007-10-24,41.889999
2007-10-25,42.270000
2007-10-26,43.049999
2007-10-29,44.060001
2007-10-30,42.389999
2007-10-31,44.130001
2007-11-01,42.500000
2007-11-02,45.619999
2007-11-05,46.040001
2007-11-06,46.980000
2007-11-07,46.240002
2007-11-08,46.209999
2007-11-09,45.439999
2007-11-12,41.900002
2007-11-13,42.380001
2007-11-14,42.619999
2007-11-15,40.369999
2007-11-16,41.020000
2007-11-19,38.919998
2007-11-20,42.299999
2007-11-21,41.740002
2007-11-23,43.099998
2007-11-26,41.709999
2007-11-27,41.220001
2007-11-28,42.000000
2007-11-29,41.049999
2007-11-30,40.509998
2007-12-03,41.080002
2007-12-04,40.459999
2007-12-05,39.630001
2007-12-06,40.259998
2007-12-07,39.790001
2007-12-10,40.669998
2007-12-11,38.849998
2007-12-12,39.820000
2007-12-13,38.220001
2007-12-14,38.000000
2007-12-17,37.389999
2007-12-18,38.119999
2007-12-19,37.570000
2007-12-20,37.520000
2007-12-21,39.080002
2007-12-24,39.360001
2007-12-26,39.919998
2007-12-27,40.279999
2007-12-28,42.880001
2007-12-31,42.049999
2008-01-02,46.020000
2008-01-03,48.709999
2008-01-04,47.930000
2008-01-07,47.240002
2008-01-08,49.279999
2008-01-09,50.029999
2008-01-10,49.549999
2008-01-11,51.200001
2008-01-14,51.480000
2008-01-15,50.250000
2008-01-16,47.310001
2008-01-17,46.520000
2008-01-18,46.730000
2008-01-22,49.580002
2008-01-23,48.369999
2008-01-24,50.630001
2008-01-25,52.169998
2008-01-28,53.570000
2008-01-29,53.230000
2008-01-30,53.230000
2008-01-31,51.439999
2008-02-01,50.900002
2008-02-04,49.349998
2008-02-05,47.730000
2008-02-06,48.459999
2008-02-07,48.110001
2008-02-08,50.099998
2008-02-11,49.889999
2008-02-12,48.150002
2008-02-13,48.790001
2008-02-14,47.540001
2008-02-15,47.590000
2008-02-19,49.689999
2008-02-20,50.270000
2008-02-21,50.459999
2008-02-22,50.160000
2008-02-25,49.650002
2008-02-26,50.549999
2008-02-27,51.450001
2008-02-28,53.330002
2008-02-29,51.950001
2008-03-03,53.549999
2008-03-04,51.180000
2008-03-05,52.810001
2008-03-06,51.720001
2008-03-07,50.419998
2008-03-10,49.049999
2008-03-11,50.450001
2008-03-12,50.639999
2008-03-13,53.049999
2008-03-14,53.310001
2008-03-17,52.320000
2008-03-18,49.580002
2008-03-19,45.250000
2008-03-20,42.000000
2008-03-24,41.939999
2008-03-25,43.549999
2008-03-26,45.509998
2008-03-27,45.080002
2008-03-28,44.700001
2008-03-31,43.450001
2008-04-01,41.919998
2008-04-02,43.840000
2008-04-03,43.439999
2008-04-04,43.660000
2008-04-07,44.049999
2008-04-08,43.020000
2008-04-09,44.110001
2008-04-10,44.020000
2008-04-11,42.689999
2008-04-14,42.970001
2008-04-15,43.480000
2008-04-16,46.040001
2008-04-17,45.160000
2008-04-18,43.759998
2008-04-21,43.139999
2008-04-22,42.709999
2008-04-23,40.799999
2008-04-24,39.230000
2008-04-25,39.669998
2008-04-28,39.040001
2008-04-29,37.500000
2008-04-30,38.619999
2008-05-01,37.360001
2008-05-02,37.560001
2008-05-05,38.910000
2008-05-06,39.389999
2008-05-07,39.009998
2008-05-08,40.240002
2008-05-09,39.389999
2008-05-12,38.799999
2008-05-13,38.669998
2008-05-14,37.759998
2008-05-15,39.160000
2008-05-16,40.200001
2008-05-19,40.919998
2008-05-20,42.349998
2008-05-21,42.689999
2008-05-22,42.560001
2008-05-23,42.070000
2008-05-27,40.790001
2008-05-28,40.840000
2008-05-29,39.169998
2008-05-30,40.290001
2008-06-02,40.290001
2008-06-03,39.730000
2008-06-04,38.950001
2008-06-05,40.430000
2008-06-06,42.070000
2008-06-09,42.049999
2008-06-10,39.200001
2008-06-11,39.610001
2008-06-12,38.590000
2008-06-13,38.549999
2008-06-16,39.520000
2008-06-17,39.860001
2008-06-18,40.439999
2008-06-19,40.070000
2008-06-20,40.430000
2008-06-23,41.020000
2008-06-24,40.950001
2008-06-25,40.459999
2008-06-26,43.040001
2008-06-27,45.000000
2008-06-30,45.500000
2008-07-01,46.360001
2008-07-02,45.180000
2008-07-03,45.090000
2008-07-07,44.689999
2008-07-08,44.439999
2008-07-09,44.639999
2008-07-10,46.720001
2008-07-11,49.209999
2008-07-14,50.389999
2008-07-15,49.669998
2008-07-16,48.400002
2008-07-17,47.500000
2008-07-18,47.299999
2008-07-21,48.279999
2008-07-22,47.630001
2008-07-23,43.919998
2008-07-24,43.810001
2008-07-25,43.869999
2008-07-28,44.200001
2008-07-29,42.580002
2008-07-30,42.410000
2008-07-31,42.349998
2008-08-01,40.580002
2008-08-04,40.020000
2008-08-05,37.060001
2008-08-06,36.959999
2008-08-07,36.279999
2008-08-08,35.200001
2008-08-11,32.770000
2008-08-12,33.590000
2008-08-13,35.250000
2008-08-14,33.580002
2008-08-15,32.160000
2008-08-18,33.009998
2008-08-19,33.439999
2008-08-20,33.709999
2008-08-21,35.990002
2008-08-22,34.759998
2008-08-25,34.410000
2008-08-26,34.310001
2008-08-27,35.500000
2008-08-28,35.020000
2008-08-29,34.730000
2008-09-02,32.910000
2008-09-03,31.400000
2008-09-04,30.570000
2008-09-05,30.940001
2008-09-08,29.410000
2008-09-09,26.600000
2008-09-10,27.590000
2008-09-11,26.639999
2008-09-12,29.570000
2008-09-15,27.940001
2008-09-16,28.780001
2008-09-17,32.509998
2008-09-18,31.719999
2008-09-19,35.099998
2008-09-22,38.139999
2008-09-23,37.250000
2008-09-24,38.470001
2008-09-25,36.500000
2008-09-26,37.000000
2008-09-29,38.680000
2008-09-30,36.740002
2008-10-01,37.360001
2008-10-02,31.930000
2008-10-03,32.090000
2008-10-06,30.010000
2008-10-07,30.500000
2008-10-08,35.709999
2008-10-09,34.990002
2008-10-10,30.030001
2008-10-13,28.120001
2008-10-14,29.780001
2008-10-15,27.340000
2008-10-16,24.580000
2008-10-17,23.610001
2008-10-20,26.510000
2008-10-21,23.629999
2008-10-22,20.170000
2008-10-23,18.809999
2008-10-24,19.889999
2008-10-27,18.139999
2008-10-28,20.379999
2008-10-29,22.740000
2008-10-30,24.320000
2008-10-31,22.740000
2008-11-03,22.260000
2008-11-04,25.430000
2008-11-05,24.950001
2008-11-06,23.120001
2008-11-07,23.959999
2008-11-10,24.980000
2008-11-11,23.379999
2008-11-12,20.809999
2008-11-13,23.350000
2008-11-14,22.290001
2008-11-17,21.150000
2008-11-18,21.049999
2008-11-19,21.120001
2008-11-20,20.600000
2008-11-21,27.049999
2008-11-24,28.110001
2008-11-25,27.740000
2008-11-26,29.059999
2008-11-28,29.459999
2008-12-01,26.309999
2008-12-02,27.650000
2008-12-03,26.420000
2008-12-04,25.700001
2008-12-05,25.139999
2008-12-08,27.250000
2008-12-09,27.750000
2008-12-10,30.379999
2008-12-11,30.549999
2008-12-12,31.320000
2008-12-15,32.919998
2008-12-16,34.910000
2008-12-17,35.490002
2008-12-18,33.310001
2008-12-19,33.500000
2008-12-22,32.610001
2008-12-23,33.860001
2008-12-24,34.259998
2008-12-26,35.799999
2008-12-29,36.520000
2008-12-30,36.320000
2008-12-31,36.770000
2009-01-02,35.980000
2009-01-05,34.349998
2009-01-06,33.660000
2009-01-07,31.209999
2009-01-08,33.209999
2009-01-09,32.900002
2009-01-12,31.139999
2009-01-13,32.720001
2009-01-14,31.510000
2009-01-15,33.480000
2009-01-16,34.270000
2009-01-20,34.790001
2009-01-21,36.610001
2009-01-22,35.570000
2009-01-23,39.580002
2009-01-26,38.220001
2009-01-27,37.080002
2009-01-28,36.310001
2009-01-29,38.570000
2009-01-30,37.490002
2009-02-02,35.990002
2009-02-03,35.849998
2009-02-04,37.080002
2009-02-05,38.570000
2009-02-06,39.150002
2009-02-09,37.830002
2009-02-10,37.130001
2009-02-11,38.580002
2009-02-12,38.980000
2009-02-13,37.939999
2009-02-17,37.290001
2009-02-18,38.480000
2009-02-19,36.439999
2009-02-20,36.889999
2009-02-23,35.599998
2009-02-24,31.629999
2009-02-25,31.160000
2009-02-26,31.340000
2009-02-27,30.200001
2009-03-02,27.980000
2009-03-03,28.389999
2009-03-04,27.719999
2009-03-05,28.820000
2009-03-06,28.760000
2009-03-09,27.959999
2009-03-10,26.040001
2009-03-11,27.370001
2009-03-12,28.870001
2009-03-13,29.650000
2009-03-16,29.600000
2009-03-17,29.010000
2009-03-18,31.940001
2009-03-19,33.360001
2009-03-20,33.389999
2009-03-23,33.180000
2009-03-24,32.060001
2009-03-25,33.000000
2009-03-26,33.029999
2009-03-27,32.189999
2009-03-30,32.279999
2009-03-31,32.419998
2009-04-01,33.889999
2009-04-02,32.299999
2009-04-03,30.430000
2009-04-06,28.750000
2009-04-07,29.049999
2009-04-08,28.860001
2009-04-09,28.559999
2009-04-13,28.709999
2009-04-14,29.129999
2009-04-15,29.799999
2009-04-16,28.240000
2009-04-17,27.530001
2009-04-20,29.070000
2009-04-21,28.209999
2009-04-22,28.400000
2009-04-23,29.490000
2009-04-24,30.799999
2009-04-27,30.180000
2009-04-28,28.969999
2009-04-29,29.620001
2009-04-30,29.100000
2009-05-01,29.000000
2009-05-04,30.889999
2009-05-05,31.549999
2009-05-06,32.880001
2009-05-07,32.810001
2009-05-08,34.040001
2009-05-11,33.639999
2009-05-12,35.099998
2009-05-13,34.349998
2009-05-14,34.110001
2009-05-15,33.490002
2009-05-18,33.470001
2009-05-19,33.990002
2009-05-20,36.220001
2009-05-21,36.889999
2009-05-22,38.000000
2009-05-26,37.000000
2009-05-27,36.049999
2009-05-28,37.180000
2009-05-29,38.080002
2009-06-01,37.040001
2009-06-02,37.889999
2009-06-03,36.540001
2009-06-04,37.650002
2009-06-05,36.049999
2009-06-08,36.560001
2009-06-09,36.119999
2009-06-10,35.060001
2009-06-11,34.660000
2009-06-12,33.990002
2009-06-15,32.900002
2009-06-16,33.410000
2009-06-17,33.389999
2009-06-18,33.099998
2009-06-19,33.990002
2009-06-22,31.870001
2009-06-23,33.189999
2009-06-24,33.590000
2009-06-25,35.259998
2009-06-26,35.029999
2009-06-29,34.869999
2009-06-30,33.549999
2009-07-01,35.000000
2009-07-02,34.060001
2009-07-06,33.119999
2009-07-07,32.779999
2009-07-08,31.480000
2009-07-09,31.730000
2009-07-10,31.639999
2009-07-13,31.990000
2009-07-14,32.840000
2009-07-15,33.939999
2009-07-16,33.970001
2009-07-17,34.450001
2009-07-20,35.590000
2009-07-21,35.410000
2009-07-22,34.950001
2009-07-23,35.090000
2009-07-24,35.349998
2009-07-27,34.980000
2009-07-28,33.500000
2009-07-29,32.860001
2009-07-30,33.849998
2009-07-31,34.900002
2009-08-03,36.110001
2009-08-04,36.160000
2009-08-05,36.029999
2009-08-06,35.750000
2009-08-07,34.770000
2009-08-10,34.259998
2009-08-11,33.630001
2009-08-12,33.599998
2009-08-13,34.189999
2009-08-14,33.919998
2009-08-17,32.939999
2009-08-18,33.459999
2009-08-19,33.820000
2009-08-20,34.139999
2009-08-21,34.669998
2009-08-24,34.380001
2009-08-25,34.509998
2009-08-26,34.200001
2009-08-27,34.580002
2009-08-28,35.430000
2009-08-31,34.700001
2009-09-01,35.049999
2009-09-02,37.889999
2009-09-03,39.529999
2009-09-04,40.040001
2009-09-08,39.299999
2009-09-09,36.950001
2009-09-10,38.000000
2009-09-11,38.180000
2009-09-14,37.389999
2009-09-15,37.950001
2009-09-16,38.529999
2009-09-17,38.060001
2009-09-18,37.049999
2009-09-21,36.509998
2009-09-22,37.500000
2009-09-23,36.529999
2009-09-24,36.459999
2009-09-25,36.139999
2009-09-28,36.310001
2009-09-29,37.549999
2009-09-30,37.900002
2009-10-01,36.180000
2009-10-02,36.099998
2009-10-05,36.910000
2009-10-06,38.840000
2009-10-07,39.279999
2009-10-08,39.509998
2009-10-09,39.480000
2009-10-12,39.360001
2009-10-13,39.900002
2009-10-14,39.970001
2009-10-15,38.910000
2009-10-16,38.660000
2009-10-19,38.980000
2009-10-20,37.849998
2009-10-21,38.099998
2009-10-22,37.930000
2009-10-23,37.570000
2009-10-26,36.200001
2009-10-27,36.090000
2009-10-28,34.580002
2009-10-29,37.029999
2009-10-30,35.930000
2009-11-02,36.509998
2009-11-03,39.169998
2009-11-04,40.279999
2009-11-05,40.709999
2009-11-06,41.630001
2009-11-09,43.000000
2009-11-10,43.130001
2009-11-11,43.070000
2009-11-12,41.869999
2009-11-13,42.889999
2009-11-16,43.990002
2009-11-17,45.099998
2009-11-18,43.740002
2009-11-19,44.340000
2009-11-20,43.980000
2009-11-23,43.880001
2009-11-24,43.220001
2009-11-25,43.990002
2009-11-27,42.540001
2009-11-30,42.689999
2009-12-01,46.070000
2009-12-02,47.930000
2009-12-03,46.840000
2009-12-04,42.680000
2009-12-07,42.439999
2009-12-08,40.509998
2009-12-09,41.279999
2009-12-10,41.009998
2009-12-11,39.580002
2009-12-14,39.900002
2009-12-15,39.099998
2009-12-16,39.919998
2009-12-17,38.389999
2009-12-18,39.520000
2009-12-21,38.959999
2009-12-22,38.889999
2009-12-23,40.230000
2009-12-24,40.349998
2009-12-28,40.520000
2009-12-29,39.709999
2009-12-30,39.560001
2009-12-31,39.380001
2010-01-04,40.389999
2010-01-05,40.889999
2010-01-06,41.759998
2010-01-07,41.169998
2010-01-08,41.430000
2010-01-11,41.639999
2010-01-12,40.299999
2010-01-13,40.700001
2010-01-14,40.470001
2010-01-15,39.700001
2010-01-19,39.660000
2010-01-20,37.869999
2010-01-21,36.520000
2010-01-22,36.500000
2010-01-25,36.040001
2010-01-26,36.070000
2010-01-27,35.740002
2010-01-28,35.910000
2010-01-29,34.820000
2010-02-01,36.500000
2010-02-02,36.209999
2010-02-03,35.910000
2010-02-04,34.000000
2010-02-05,35.830002
2010-02-08,34.570000
2010-02-09,35.669998
2010-02-10,35.680000
2010-02-11,37.070000
2010-02-12,36.700001
2010-02-16,37.439999
2010-02-17,37.860001
2010-02-18,39.230000
2010-02-19,39.369999
2010-02-22,38.369999
2010-02-23,37.270000
2010-02-24,36.709999
2010-02-25,37.439999
2010-02-26,37.660000
2010-03-01,38.450001
2010-03-02,39.470001
2010-03-03,40.139999
2010-03-04,39.799999
2010-03-05,40.259998
2010-03-08,39.680000
2010-03-09,39.540001
2010-03-10,38.750000
2010-03-11,39.180000
2010-03-12,39.060001
2010-03-15,39.009998
2010-03-16,40.090000
2010-03-17,40.160000
2010-03-18,39.779999
2010-03-19,39.419998
2010-03-22,39.410000
2010-03-23,38.820000
2010-03-24,37.240002
2010-03-25,36.770000
2010-03-26,37.410000
2010-03-29,37.810001
2010-03-30,37.759998
2010-03-31,38.340000
2010-04-01,39.450001
2010-04-05,39.650002
2010-04-06,39.419998
2010-04-07,40.700001
2010-04-08,40.950001
2010-04-09,41.290001
2010-04-12,40.759998
2010-04-13,40.430000
2010-04-14,40.669998
2010-04-15,40.000000
2010-04-16,39.110001
2010-04-19,39.139999
2010-04-20,39.130001
2010-04-21,39.500000
2010-04-22,40.169998
2010-04-23,40.459999
2010-04-26,40.459999
2010-04-27,40.669998
2010-04-28,42.169998
2010-04-29,42.869999
2010-04-30,43.549999
2010-05-03,42.820000
2010-05-04,42.910000
2010-05-05,42.880001
2010-05-06,43.680000
2010-05-07,42.820000
2010-05-10,43.910000
2010-05-11,45.880001
2010-05-12,45.660000
2010-05-13,44.810001
2010-05-14,45.619999
2010-05-17,44.430000
2010-05-18,44.480000
2010-05-19,42.700001
2010-05-20,41.000000
2010-05-21,41.020000
2010-05-24,41.119999
2010-05-25,42.349998
2010-05-26,41.810001
2010-05-27,42.439999
2010-05-28,42.080002
2010-06-01,42.590000
2010-06-02,43.099998
2010-06-03,42.299999
2010-06-04,41.419998
2010-06-07,43.119999
2010-06-08,43.340000
2010-06-09,42.720001
2010-06-10,42.919998
2010-06-11,43.110001
2010-06-14,42.000000
2010-06-15,42.939999
2010-06-16,43.189999
2010-06-17,44.820000
2010-06-18,46.380001
2010-06-21,44.799999
2010-06-22,44.730000
2010-06-23,44.740002
2010-06-24,44.590000
2010-06-25,46.330002
2010-06-28,46.189999
2010-06-29,45.000000
2010-06-30,45.410000
2010-07-01,43.099998
2010-07-02,43.240002
2010-07-06,42.980000
2010-07-07,43.880001
2010-07-08,42.580002
2010-07-09,43.570000
2010-07-12,43.570000
2010-07-13,43.130001
2010-07-14,42.990002
2010-07-15,43.070000
2010-07-16,41.750000
2010-07-19,41.150002
2010-07-20,41.810001
2010-07-21,41.730000
2010-07-22,42.230000
2010-07-23,42.369999
2010-07-26,41.750000
2010-07-27,40.029999
2010-07-28,40.029999
2010-07-29,40.540001
2010-07-30,41.099998
2010-08-02,40.950001
2010-08-03,41.369999
2010-08-04,42.610001
2010-08-05,42.730000
2010-08-06,43.389999
2010-08-09,43.349998
2010-08-10,43.490002
2010-08-11,42.400002
2010-08-12,43.200001
2010-08-13,42.919998
2010-08-16,43.630001
2010-08-17,44.290001
2010-08-18,45.259998
2010-08-19,44.880001
2010-08-20,44.779999
2010-08-23,44.110001
2010-08-24,43.779999
2010-08-25,45.130001
2010-08-26,46.130001
2010-08-27,46.500000
2010-08-30,46.340000
2010-08-31,46.759998
2010-09-01,45.330002
2010-09-02,45.220001
2010-09-03,45.299999
2010-09-07,45.750000
2010-09-08,45.450001
2010-09-09,44.189999
2010-09-10,44.720001
2010-09-13,44.209999
2010-09-14,45.220001
2010-09-15,44.990002
2010-09-16,45.900002
2010-09-17,45.990002
2010-09-20,46.450001
2010-09-21,46.820000
2010-09-22,47.220001
2010-09-23,46.709999
2010-09-24,46.369999
2010-09-27,45.759998
2010-09-28,46.759998
2010-09-29,46.959999
2010-09-30,46.290001
2010-10-01,47.009998
2010-10-04,45.980000
2010-10-05,47.320000
2010-10-06,48.590000
2010-10-07,47.680000
2010-10-08,48.570000
2010-10-11,48.709999
2010-10-12,48.439999
2010-10-13,49.250000
2010-10-14,48.740002
2010-10-15,47.990002
2010-10-18,47.820000
2010-10-19,45.459999
2010-10-20,45.900002
2010-10-21,45.450001
2010-10-22,45.970001
2010-10-25,46.529999
2010-10-26,46.619999
2010-10-27,45.599998
2010-10-28,47.020000
2010-10-29,48.090000
2010-11-01,48.049999
2010-11-02,48.740002
2010-11-03,48.380001
2010-11-04,49.310001
2010-11-05,49.209999
2010-11-08,51.209999
2010-11-09,50.889999
2010-11-10,51.810001
2010-11-11,51.880001
2010-11-12,50.730000
2010-11-15,50.150002
2010-11-16,48.849998
2010-11-17,49.169998
2010-11-18,49.549999
2010-11-19,49.770000
2010-11-22,50.250000
2010-11-23,50.820000
2010-11-24,50.980000
2010-11-26,50.430000
2010-11-29,50.330002
2010-11-30,51.650002
2010-12-01,52.439999
2010-12-02,53.290001
2010-12-03,54.000000
2010-12-06,54.830002
2010-12-07,54.160000
2010-12-08,52.950001
2010-12-09,53.380001
2010-12-10,53.299999
2010-12-13,53.880001
2010-12-14,53.150002
2010-12-15,52.529999
2010-12-16,51.630001
2010-12-17,51.630001
2010-12-20,51.889999
2010-12-21,51.680000
2010-12-22,51.220001
2010-12-23,51.630001
2010-12-27,51.599998
2010-12-28,52.959999
2010-12-29,53.080002
2010-12-30,52.599998
2010-12-31,53.180000
2011-01-03,52.590000
2011-01-04,51.669998
2011-01-05,49.900002
2011-01-06,49.259998
2011-01-07,49.099998
2011-01-10,49.049999
2011-01-11,49.970001
2011-01-12,50.000000
2011-01-13,47.439999
2011-01-14,47.080002
2011-01-18,48.160000
2011-01-19,47.700001
2011-01-20,46.980000
2011-01-21,46.950001
2011-01-24,46.369999
2011-01-25,46.130001
2011-01-26,47.799999
2011-01-27,46.369999
2011-01-28,47.299999
2011-01-31,47.509998
2011-02-01,48.259998
2011-02-02,47.529999
2011-02-03,48.669998
2011-02-04,48.110001
2011-02-07,47.830002
2011-02-08,48.689999
2011-02-09,48.020000
2011-02-10,47.720001
2011-02-11,47.490002
2011-02-14,48.529999
2011-02-15,49.189999
2011-02-16,49.720001
2011-02-17,50.639999
2011-02-18,51.400002
2011-02-22,51.520000
2011-02-23,52.529999
2011-02-24,51.070000
2011-02-25,51.880001
2011-02-28,52.820000
2011-03-01,53.770000
2011-03-02,53.880001
2011-03-03,52.599998
2011-03-04,52.830002
2011-03-07,52.990002
2011-03-08,52.250000
2011-03-09,51.669998
2011-03-10,50.360001
2011-03-11,50.810001
2011-03-14,51.000000
2011-03-15,49.230000
2011-03-16,48.380001
2011-03-17,48.459999
2011-03-18,49.400002
2011-03-21,50.320000
2011-03-22,50.220001
2011-03-23,52.029999
2011-03-24,51.610001
2011-03-25,51.509998
2011-03-28,50.950001
2011-03-29,50.689999
2011-03-30,51.549999
2011-03-31,51.910000
2011-04-01,51.270000
2011-04-04,51.389999
2011-04-05,54.279999
2011-04-06,54.180000
2011-04-07,53.770000
2011-04-08,54.369999
2011-04-11,53.080002
2011-04-12,52.340000
2011-04-13,52.160000
2011-04-14,53.419998
2011-04-15,53.330002
2011-04-18,53.470001
2011-04-19,54.230000
2011-04-20,54.810001
2011-04-21,55.630001
2011-04-25,51.860001
2011-04-26,50.189999
2011-04-27,50.840000
2011-04-28,50.720001
2011-04-29,51.009998
2011-05-02,49.650002
2011-05-03,48.619999
2011-05-04,48.110001
2011-05-05,46.830002
2011-05-06,46.840000
2011-05-09,47.669998
2011-05-10,47.650002
2011-05-11,45.549999
2011-05-12,45.150002
2011-05-13,45.009998
2011-05-16,45.169998
2011-05-17,45.240002
2011-05-18,45.349998
2011-05-19,45.570000
2011-05-20,45.599998
2011-05-23,45.529999
2011-05-24,46.810001
2011-05-25,47.119999
2011-05-26,47.169998
2011-05-27,47.389999
2011-05-31,47.759998
2011-06-01,47.279999
2011-06-02,46.220001
2011-06-03,45.830002
2011-06-06,45.490002
2011-06-07,45.330002
2011-06-08,44.320000
2011-06-09,44.400002
2011-06-10,43.560001
2011-06-13,43.389999
2011-06-14,43.910000
2011-06-15,43.930000
2011-06-16,43.080002
2011-06-17,43.180000
2011-06-20,43.169998
2011-06-21,44.189999
2011-06-22,44.759998
2011-06-23,43.990002
2011-06-24,43.040001
2011-06-27,43.160000
2011-06-28,43.889999
2011-06-29,45.080002
2011-06-30,45.290001
2011-07-01,44.779999
2011-07-05,45.980000
2011-07-06,46.150002
2011-07-07,46.189999
2011-07-08,46.240002
2011-07-11,45.880001
2011-07-12,47.040001
2011-07-13,48.529999
2011-07-14,47.950001
2011-07-15,48.310001
2011-07-18,49.029999
2011-07-19,48.560001
2011-07-20,49.189999
2011-07-21,49.580002
2011-07-22,50.250000
2011-07-25,49.759998
2011-07-26,49.790001
2011-07-27,48.540001
2011-07-28,48.169998
2011-07-29,47.570000
2011-08-01,48.020000
2011-08-02,48.590000
2011-08-03,49.119999
2011-08-04,46.209999
2011-08-05,45.860001
2011-08-08,46.139999
2011-08-09,47.740002
2011-08-10,49.660000
2011-08-11,49.869999
2011-08-12,49.560001
2011-08-15,50.680000
2011-08-16,50.169998
2011-08-17,50.430000
2011-08-18,49.880001
2011-08-19,50.779999
2011-08-22,52.049999
2011-08-23,50.689999
2011-08-24,48.990002
2011-08-25,49.990002
2011-08-26,51.029999
2011-08-29,50.209999
2011-08-30,50.849998
2011-08-31,50.750000
2011-09-01,51.669998
2011-09-02,52.869999
2011-09-06,53.590000
2011-09-07,54.480000
2011-09-08,55.180000
2011-09-09,54.549999
2011-09-12,53.330002
2011-09-13,53.639999
2011-09-14,52.700001
2011-09-15,52.869999
2011-09-16,53.580002
2011-09-19,53.419998
2011-09-20,53.990002
2011-09-21,53.320000
2011-09-22,48.759998
2011-09-23,46.419998
2011-09-26,47.389999
2011-09-27,47.639999
2011-09-28,45.869999
2011-09-29,46.250000
2011-09-30,46.650002
2011-10-03,46.209999
2011-10-04,44.610001
2011-10-05,46.270000
2011-10-06,47.720001
2011-10-07,46.639999
2011-10-10,47.950001
2011-10-11,47.849998
2011-10-12,48.189999
2011-10-13,47.000000
2011-10-14,48.240002
2011-10-17,47.200001
2011-10-18,47.119999
2011-10-19,44.799999
2011-10-20,44.330002
2011-10-21,44.590000
2011-10-24,46.279999
2011-10-25,47.200001
2011-10-26,47.849998
2011-10-27,48.959999
2011-10-28,50.849998
2011-10-31,49.500000
2011-11-01,49.320000
2011-11-02,50.520000
2011-11-03,52.029999
2011-11-04,51.419998
2011-11-07,52.810001
2011-11-08,52.060001
2011-11-09,51.150002
2011-11-10,51.099998
2011-11-11,53.169998
2011-11-14,52.230000
2011-11-15,52.299999
2011-11-16,51.459999
2011-11-17,49.279999
2011-11-18,48.840000
2011-11-21,48.090000
2011-11-22,49.060001
2011-11-23,47.959999
2011-11-25,47.590000
2011-11-28,49.540001
2011-11-29,49.930000
2011-11-30,52.880001
2011-12-01,52.810001
2011-12-02,51.020000
2011-12-05,50.270000
2011-12-06,51.200001
2011-12-07,51.180000
2011-12-08,49.590000
2011-12-09,49.810001
2011-12-12,47.880001
2011-12-13,46.650002
2011-12-14,44.669998
2011-12-15,44.189999
2011-12-16,44.930000
2011-12-19,44.599998
2011-12-20,46.090000
2011-12-21,46.279999
2011-12-22,45.889999
2011-12-23,46.020000
2011-12-27,45.500000
2011-12-28,44.240002
2011-12-29,45.180000
2011-12-30,45.250000
2012-01-03,47.509998
2012-01-04,48.220001
2012-01-05,48.020000
2012-01-06,47.540001
2012-01-09,47.709999
2012-01-10,48.330002
2012-01-11,48.770000
2012-01-12,48.810001
2012-01-13,48.340000
2012-01-17,48.000000
2012-01-18,47.950001
2012-01-19,46.459999
2012-01-20,45.830002
2012-01-23,46.950001
2012-01-24,45.480000
2012-01-25,48.410000
2012-01-26,48.860001
2012-01-27,49.509998
2012-01-30,49.180000
2012-01-31,49.259998
2012-02-01,49.259998
2012-02-02,49.830002
2012-02-03,49.070000
2012-02-06,49.169998
2012-02-07,49.279999
2012-02-08,49.070000
2012-02-09,49.000000
2012-02-10,48.150002
2012-02-13,48.029999
2012-02-14,47.610001
2012-02-15,47.430000
2012-02-16,48.169998
2012-02-17,47.029999
2012-02-21,48.450001
2012-02-22,49.439999
2012-02-23,49.580002
2012-02-24,48.860001
2012-02-27,48.509998
2012-02-28,49.459999
2012-02-29,47.730000
2012-03-01,48.040001
2012-03-02,47.419998
2012-03-05,46.759998
2012-03-06,45.730000
2012-03-07,45.799999
2012-03-08,46.049999
2012-03-09,45.810001
2012-03-12,45.630001
2012-03-13,45.349998
2012-03-14,43.320000
2012-03-15,43.849998
2012-03-16,43.950001
2012-03-19,43.639999
2012-03-20,43.790001
2012-03-21,43.630001
2012-03-22,43.080002
2012-03-23,43.759998
2012-03-26,44.490002
2012-03-27,43.799999
2012-03-28,43.150002
2012-03-29,43.130001
2012-03-30,43.480000
2012-04-02,44.209999
2012-04-03,42.939999
2012-04-04,41.310001
2012-04-05,40.730000
2012-04-09,40.930000
2012-04-10,41.480000
2012-04-11,41.040001
2012-04-12,42.200001
2012-04-13,41.610001
2012-04-16,40.810001
2012-04-17,41.310001
2012-04-18,41.090000
2012-04-19,40.950001
2012-04-20,40.259998
2012-04-23,39.689999
2012-04-24,39.610001
2012-04-25,39.970001
2012-04-26,39.939999
2012-04-27,40.660000
2012-04-30,40.430000
2012-05-01,40.439999
2012-05-02,39.360001
2012-05-03,37.980000
2012-05-04,37.889999
2012-05-07,37.939999
2012-05-08,36.720001
2012-05-09,37.619999
2012-05-10,37.770000
2012-05-11,37.040001
2012-05-14,36.529999
2012-05-15,34.990002
2012-05-16,35.240002
2012-05-17,37.410000
2012-05-18,37.119999
2012-05-21,38.160000
2012-05-22,37.619999
2012-05-23,39.599998
2012-05-24,39.509998
2012-05-25,40.000000
2012-05-29,38.930000
2012-05-30,39.070000
2012-05-31,39.060001
2012-06-01,41.910000
2012-06-04,42.150002
2012-06-05,42.049999
2012-06-06,40.450001
2012-06-07,38.779999
2012-06-08,39.029999
2012-06-11,38.310001
2012-06-12,38.540001
2012-06-13,38.470001
2012-06-14,38.990002
2012-06-15,39.509998
2012-06-18,40.189999
2012-06-19,40.279999
2012-06-20,40.320000
2012-06-21,38.290001
2012-06-22,37.919998
2012-06-25,38.240002
2012-06-26,36.919998
2012-06-27,36.580002
2012-06-28,36.230000
2012-06-29,37.570000
2012-07-02,37.450001
2012-07-03,38.709999
2012-07-05,38.099998
2012-07-06,36.860001
2012-07-09,36.630001
2012-07-10,35.630001
2012-07-11,34.950001
2012-07-12,34.560001
2012-07-13,34.840000
2012-07-16,34.869999
2012-07-17,34.650002
2012-07-18,34.310001
2012-07-19,34.770000
2012-07-20,34.570000
2012-07-23,33.610001
2012-07-24,33.110001
2012-07-25,33.799999
2012-07-26,32.730000
2012-07-27,32.349998
2012-07-30,33.060001
2012-07-31,32.880001
2012-08-01,32.480000
2012-08-02,32.139999
2012-08-03,32.750000
2012-08-06,33.360001
2012-08-07,34.029999
2012-08-08,33.779999
2012-08-09,34.139999
2012-08-10,34.590000
2012-08-13,34.220001
2012-08-14,34.139999
2012-08-15,34.689999
2012-08-16,36.070000
2012-08-17,35.980000
2012-08-20,36.439999
2012-08-21,36.900002
2012-08-22,37.630001
2012-08-23,38.040001
2012-08-24,37.779999
2012-08-27,37.480000
2012-08-28,37.730000
2012-08-29,37.080002
2012-08-30,37.090000
2012-08-31,38.520000
2012-09-04,38.250000
2012-09-05,38.090000
2012-09-06,39.000000
2012-09-07,40.160000
2012-09-10,39.380001
2012-09-11,39.459999
2012-09-12,39.709999
2012-09-13,41.630001
2012-09-14,42.380001
2012-09-17,42.169998
2012-09-18,42.049999
2012-09-19,42.740002
2012-09-20,42.459999
2012-09-21,42.860001
2012-09-24,41.310001
2012-09-25,40.950001
2012-09-26,40.950001
2012-09-27,41.860001
2012-09-28,41.759998
2012-10-01,41.900002
2012-10-02,41.619999
2012-10-03,41.110001
2012-10-04,42.189999
2012-10-05,42.000000
2012-10-08,41.369999
2012-10-09,40.490002
2012-10-10,40.150002
2012-10-11,39.910000
2012-10-12,39.020000
2012-10-15,38.840000
2012-10-16,39.810001
2012-10-17,39.939999
2012-10-18,38.919998
2012-10-19,38.779999
2012-10-22,39.299999
2012-10-23,38.910000
2012-10-24,38.470001
2012-10-25,39.490002
2012-10-26,39.180000
2012-10-31,40.500000
2012-11-01,36.700001
2012-11-02,35.380001
2012-11-05,35.080002
2012-11-06,35.560001
2012-11-07,36.259998
2012-11-08,36.500000
2012-11-09,36.070000
2012-11-12,35.880001
2012-11-13,35.290001
2012-11-14,33.930000
2012-11-15,33.270000
2012-11-16,33.720001
2012-11-19,34.299999
2012-11-20,34.290001
2012-11-21,34.790001
2012-11-23,35.540001
2012-11-26,35.259998
2012-11-27,34.540001
2012-11-28,34.830002
2012-11-29,34.900002
2012-11-30,34.529999
2012-12-03,33.709999
2012-12-04,34.189999
2012-12-05,33.400002
2012-12-06,33.430000
2012-12-07,33.599998
2012-12-10,34.189999
2012-12-11,34.009998
2012-12-12,35.119999
2012-12-13,34.369999
2012-12-14,34.230000
2012-12-17,34.490002
2012-12-18,33.970001
2012-12-19,33.810001
2012-12-20,33.639999
2012-12-21,33.380001
2012-12-24,33.750000
2012-12-26,34.099998
2012-12-27,34.259998
2012-12-28,34.009998
2012-12-31,35.009998
2013-01-02,35.529999
2013-01-03,34.450001
2013-01-04,34.599998
2013-01-07,34.090000
2013-01-08,33.509998
2013-01-09,33.610001
2013-01-10,34.500000
2013-01-11,34.250000
2013-01-14,34.180000
2013-01-15,34.590000
2013-01-16,34.139999
2013-01-17,34.080002
2013-01-18,34.040001
2013-01-22,34.810001
2013-01-23,34.080002
2013-01-24,33.290001
2013-01-25,32.810001
2013-01-28,32.549999
2013-01-29,32.830002
2013-01-30,32.389999
2013-01-31,31.920000
2013-02-01,32.200001
2013-02-04,32.349998
2013-02-05,32.520000
2013-02-06,32.759998
2013-02-07,32.730000
2013-02-08,32.720001
2013-02-11,32.299999
2013-02-12,32.490002
2013-02-13,31.590000
2013-02-14,32.410000
2013-02-15,31.629999
2013-02-19,31.510000
2013-02-20,30.270000
2013-02-21,30.389999
2013-02-22,30.490000
2013-02-25,30.990000
2013-02-26,31.260000
2013-02-27,30.910000
2013-02-28,30.240000
2013-03-01,29.400000
2013-03-04,28.650000
2013-03-05,28.520000
2013-03-06,29.690001
2013-03-07,29.049999
2013-03-08,28.910000
2013-03-11,28.879999
2013-03-12,29.180000
2013-03-13,28.559999
2013-03-14,28.590000
2013-03-15,28.620001
2013-03-18,28.870001
2013-03-19,28.840000
2013-03-20,28.809999
2013-03-21,29.610001
2013-03-22,29.379999
2013-03-25,29.010000
2013-03-26,28.820000
2013-03-27,29.370001
2013-03-28,29.400000
2013-04-01,29.020000
2013-04-02,28.290001
2013-04-03,26.700001
2013-04-04,27.010000
2013-04-05,26.690001
2013-04-08,26.330000
2013-04-09,26.690001
2013-04-10,24.459999
2013-04-11,24.730000
2013-04-12,22.620001
2013-04-15,19.780001
2013-04-16,18.860001
2013-04-17,17.650000
2013-04-18,17.980000
2013-04-19,18.170000
2013-04-22,18.010000
2013-04-23,17.590000
2013-04-24,18.910000
2013-04-25,19.059999
2013-04-26,18.549999
2013-04-29,19.260000
2013-04-30,19.709999
2013-05-01,19.209999
2013-05-02,19.540001
2013-05-03,20.000000
2013-05-06,20.350000
2013-05-07,19.740000
2013-05-08,21.410000
2013-05-09,20.910000
2013-05-10,20.879999
2013-05-13,20.299999
2013-05-14,20.500000
2013-05-15,19.440001
2013-05-16,19.260000
2013-05-17,18.580000
2013-05-20,19.930000
2013-05-21,19.370001
2013-05-22,19.500000
2013-05-23,19.549999
2013-05-24,19.160000
2013-05-28,19.150000
2013-05-29,19.820000
2013-05-30,21.290001
2013-05-31,21.120001
2013-06-03,21.400000
2013-06-04,20.870001
2013-06-05,21.000000
2013-06-06,21.129999
2013-06-07,20.250000
2013-06-10,20.400000
2013-06-11,19.650000
2013-06-12,19.770000
2013-06-13,19.809999
2013-06-14,19.500000
2013-06-17,19.420000
2013-06-18,18.900000
2013-06-19,18.010000
2013-06-20,16.600000
2013-06-21,16.889999
2013-06-24,16.570000
2013-06-25,16.110001
2013-06-26,14.780000
2013-06-27,14.870000
2013-06-28,15.740000
2013-07-01,15.250000
2013-07-02,14.510000
2013-07-03,14.690000
2013-07-05,13.760000
2013-07-08,13.790000
2013-07-09,13.910000
2013-07-10,14.000000
2013-07-11,15.220000
2013-07-12,14.940000
2013-07-15,15.060000
2013-07-16,16.020000
2013-07-17,15.700000
2013-07-18,15.740000
2013-07-19,16.540001
2013-07-22,17.559999
2013-07-23,18.100000
2013-07-24,17.170000
2013-07-25,17.510000
2013-07-26,17.820000
2013-07-29,17.549999
2013-07-30,17.200001
2013-07-31,16.969999
2013-08-01,16.809999
2013-08-02,16.680000
2013-08-05,16.389999
2013-08-06,15.650000
2013-08-07,15.550000
2013-08-08,17.100000
2013-08-09,17.420000
2013-08-12,18.209999
2013-08-13,17.799999
2013-08-14,18.730000
2013-08-15,19.809999
2013-08-16,19.330000
2013-08-19,19.230000
2013-08-20,19.770000
2013-08-21,19.070000
2013-08-22,19.559999
2013-08-23,20.070000
2013-08-26,20.430000
2013-08-27,19.719999
2013-08-28,19.330000
2013-08-29,19.690001
2013-08-30,19.150000
2013-09-03,19.510000
2013-09-04,19.410000
2013-09-05,18.910000
2013-09-06,19.080000
2013-09-09,19.200001
2013-09-10,18.440001
2013-09-11,18.639999
2013-09-12,17.610001
2013-09-13,17.719999
2013-09-16,18.139999
2013-09-17,18.330000
2013-09-18,20.110001
2013-09-19,19.440001
2013-09-20,18.610001
2013-09-23,18.350000
2013-09-24,18.559999
2013-09-25,18.670000
2013-09-26,18.530001
2013-09-27,18.530001
2013-09-30,18.620001
2013-10-01,18.030001
2013-10-02,18.410000
2013-10-03,18.100000
2013-10-04,18.030001
2013-10-07,18.280001
2013-10-08,17.660000
2013-10-09,17.670000
2013-10-10,17.840000
2013-10-11,17.230000
2013-10-14,17.260000
2013-10-15,17.780001
2013-10-16,17.620001
2013-10-17,18.500000
2013-10-18,18.520000
2013-10-21,18.950001
2013-10-22,19.879999
2013-10-23,19.389999
2013-10-24,20.070000
2013-10-25,20.139999
2013-10-28,20.250000
2013-10-29,19.770000
2013-10-30,20.500000
2013-10-31,19.389999
2013-11-01,18.010000
2013-11-04,18.309999
2013-11-05,18.280001
2013-11-06,18.340000
2013-11-07,18.180000
2013-11-08,18.219999
2013-11-11,18.190001
2013-11-12,18.030001
2013-11-13,18.100000
2013-11-14,18.110001
2013-11-15,18.070000
2013-11-18,17.670000
2013-11-19,17.830000
2013-11-20,17.180000
2013-11-21,16.850000
2013-11-22,16.379999
2013-11-25,16.389999
2013-11-26,16.209999
2013-11-27,16.360001
2013-11-29,16.490000
2013-12-02,15.540000
2013-12-03,15.510000
2013-12-04,15.680000
2013-12-05,15.430000
2013-12-06,15.400000
2013-12-09,16.000000
2013-12-10,16.870001
2013-12-11,16.379999
2013-12-12,16.459999
2013-12-13,16.740000
2013-12-16,17.049999
2013-12-17,17.200001
2013-12-18,16.910000
2013-12-19,16.580000
2013-12-20,16.580000
2013-12-23,16.670000
2013-12-24,17.290001
2013-12-26,17.290001
2013-12-27,17.459999
2013-12-30,17.110001
2013-12-31,17.629999
2014-01-02,18.309999
2014-01-03,18.150000
2014-01-06,18.350000
2014-01-07,18.270000
2014-01-08,17.959999
2014-01-09,17.740000
2014-01-10,18.180000
2014-01-13,18.170000
2014-01-14,17.799999
2014-01-15,18.040001
2014-01-16,18.209999
2014-01-17,18.770000
2014-01-21,19.250000
2014-01-22,18.799999
2014-01-23,19.309999
2014-01-24,19.030001
2014-01-27,18.530001
2014-01-28,18.799999
2014-01-29,19.520000
2014-01-30,19.219999
2014-01-31,19.280001
2014-02-03,19.299999
2014-02-04,19.150000
2014-02-05,18.559999
2014-02-06,18.500000
2014-02-07,18.889999
2014-02-10,19.280001
2014-02-11,19.570000
2014-02-12,18.969999
2014-02-13,20.090000
2014-02-14,20.340000
2014-02-18,20.360001
2014-02-19,19.770000
2014-02-20,20.980000
2014-02-21,20.950001
2014-02-24,21.230000
2014-02-25,21.080000
2014-02-26,20.790001
2014-02-27,20.700001
2014-02-28,20.379999
2014-03-03,20.500000
2014-03-04,20.360001
2014-03-05,20.379999
2014-03-06,20.350000
2014-03-07,19.910000
2014-03-10,19.750000
2014-03-11,19.820000
2014-03-12,20.340000
2014-03-13,20.790001
2014-03-14,20.910000
2014-03-17,20.450001
2014-03-18,20.219999
2014-03-19,19.389999
2014-03-20,19.420000
2014-03-21,19.400000
2014-03-24,18.530001
2014-03-25,18.520000
2014-03-26,17.879999
2014-03-27,18.080000
2014-03-28,18.299999
2014-03-31,17.830000
2014-04-01,17.889999
2014-04-02,18.620001
2014-04-03,18.350000
2014-04-04,18.480000
2014-04-07,18.350000
2014-04-08,18.790001
2014-04-09,18.930000
2014-04-10,18.790001
2014-04-11,18.620001
2014-04-14,18.830000
2014-04-15,18.540001
2014-04-16,18.320000
2014-04-17,17.980000
2014-04-21,17.280001
2014-04-22,17.549999
2014-04-23,17.809999
2014-04-24,17.469999
2014-04-25,17.889999
2014-04-28,17.330000
2014-04-29,17.670000
2014-04-30,17.469999
2014-05-01,17.110001
2014-05-02,17.400000
2014-05-05,17.469999
2014-05-06,17.450001
2014-05-07,17.280001
2014-05-08,17.170000
2014-05-09,17.230000
2014-05-12,17.360001
2014-05-13,17.250000
2014-05-14,17.400000
2014-05-15,16.850000
2014-05-16,16.620001
2014-05-19,16.559999
2014-05-20,16.660000
2014-05-21,16.780001
2014-05-22,16.590000
2014-05-23,16.520000
2014-05-27,15.940000
2014-05-28,15.690000
2014-05-29,15.770000
2014-05-30,16.110001
2014-06-02,15.900000
2014-06-03,15.970000
2014-06-04,15.920000
2014-06-05,16.090000
2014-06-06,16.049999
2014-06-09,15.980000
2014-06-10,16.260000
2014-06-11,16.440001
2014-06-12,16.750000
2014-06-13,16.990000
2014-06-16,16.940001
2014-06-17,17.070000
2014-06-18,17.400000
2014-06-19,18.010000
2014-06-20,17.820000
2014-06-23,18.200001
2014-06-24,17.740000
2014-06-25,17.770000
2014-06-26,18.010000
2014-06-27,18.020000
2014-06-30,18.299999
2014-07-01,18.190001
2014-07-02,18.340000
2014-07-03,18.440001
2014-07-07,18.309999
2014-07-08,18.690001
2014-07-09,18.900000
2014-07-10,18.590000
2014-07-11,19.290001
2014-07-14,18.879999
2014-07-15,18.330000
2014-07-16,18.889999
2014-07-17,19.180000
2014-07-18,19.190001
2014-07-21,19.100000
2014-07-22,18.840000
2014-07-23,18.740000
2014-07-24,18.299999
2014-07-25,18.680000
2014-07-28,18.690001
2014-07-29,18.590000
2014-07-30,18.469999
2014-07-31,18.080000
2014-08-01,18.209999
2014-08-04,18.049999
2014-08-05,18.030001
2014-08-06,18.360001
2014-08-07,18.490000
2014-08-08,18.690001
2014-08-11,18.700001
2014-08-12,19.180000
2014-08-13,19.059999
2014-08-14,19.120001
2014-08-15,18.950001
2014-08-18,19.010000
2014-08-19,18.830000
2014-08-20,18.719999
2014-08-21,18.450001
2014-08-22,18.240000
2014-08-25,18.010000
2014-08-26,18.250000
2014-08-27,18.120001
2014-08-28,18.219999
2014-08-29,18.389999
2014-09-02,17.860001
2014-09-03,17.750000
2014-09-04,17.020000
2014-09-05,17.160000
2014-09-08,16.740000
2014-09-09,16.879999
2014-09-10,16.740000
2014-09-11,16.860001
2014-09-12,16.520000
2014-09-15,16.440001
2014-09-16,16.570000
2014-09-17,16.250000
2014-09-18,16.000000
2014-09-19,15.650000
2014-09-22,15.410000
2014-09-23,15.540000
2014-09-24,15.330000
2014-09-25,15.420000
2014-09-26,15.240000
2014-09-29,15.000000
2014-09-30,14.660000
2014-10-01,14.750000
2014-10-02,14.700000
2014-10-03,14.160000
2014-10-06,14.240000
2014-10-07,13.660000
2014-10-08,14.370000
2014-10-09,13.930000
2014-10-10,13.480000
2014-10-13,13.450000
2014-10-14,13.670000
2014-10-15,13.550000
2014-10-16,13.780000
2014-10-17,13.410000
2014-10-20,13.680000
2014-10-21,13.620000
2014-10-22,13.390000
2014-10-23,13.450000
2014-10-24,13.520000
2014-10-27,13.300000
2014-10-28,13.520000
2014-10-29,12.830000
2014-10-30,12.290000
2014-10-31,11.870000
2014-11-03,11.920000
2014-11-04,11.460000
2014-11-05,10.970000
2014-11-06,11.340000
2014-11-07,12.160000
2014-11-10,11.350000
2014-11-11,11.640000
2014-11-12,11.730000
2014-11-13,11.510000
2014-11-14,12.280000
2014-11-17,12.470000
2014-11-18,13.290000
2014-11-19,12.460000
2014-11-20,12.830000
2014-11-21,12.850000
2014-11-24,12.580000
2014-11-25,12.900000
2014-11-26,12.930000
2014-11-28,11.890000
2014-12-01,12.410000
2014-12-02,11.930000
2014-12-03,12.330000
2014-12-04,11.960000
2014-12-05,11.560000
2014-12-08,11.540000
2014-12-09,12.060000
2014-12-10,11.940000
2014-12-11,11.820000
2014-12-12,11.470000
2014-12-15,10.450000
2014-12-16,10.320000
2014-12-17,10.760000
2014-12-18,11.090000
2014-12-19,10.830000
2014-12-22,10.320000
2014-12-23,10.170000
2014-12-24,10.310000
2014-12-26,10.580000
2014-12-29,10.480000
2014-12-30,10.860000
2014-12-31,10.750000
2015-01-02,10.910000
2015-01-05,10.900000
2015-01-06,11.270000
2015-01-07,11.120000
2015-01-08,10.810000
2015-01-09,10.990000
2015-01-12,11.330000
2015-01-13,10.680000
2015-01-14,10.410000
2015-01-15,11.370000
2015-01-16,11.750000
2015-01-20,12.530000
2015-01-21,12.740000
2015-01-22,12.790000
2015-01-23,12.430000
2015-01-26,12.690000
2015-01-27,13.110000
2015-01-28,12.610000
2015-01-29,12.290000
2015-01-30,12.780000
2015-02-02,12.890000
2015-02-03,12.680000
2015-02-04,12.910000
2015-02-05,13.060000
2015-02-06,12.320000
2015-02-09,12.500000
2015-02-10,12.170000
2015-02-11,11.940000
2015-02-12,12.130000
2015-02-13,12.140000
2015-02-17,12.030000
2015-02-18,12.230000
2015-02-19,12.820000
2015-02-20,12.890000
2015-02-23,12.710000
2015-02-24,12.580000
2015-02-25,12.780000
2015-02-26,12.760000
2015-02-27,13.020000
2015-03-02,12.760000
2015-03-03,12.510000
2015-03-04,12.150000
2015-03-05,12.190000
2015-03-06,11.340000
2015-03-09,10.800000
2015-03-10,10.680000
2015-03-11,10.890000
2015-03-12,10.660000
2015-03-13,10.600000
2015-03-16,10.560000
2015-03-17,10.330000
2015-03-18,10.970000
2015-03-19,10.890000
2015-03-20,11.100000
2015-03-23,11.400000
2015-03-24,11.370000
2015-03-25,11.360000
2015-03-26,11.290000
2015-03-27,11.290000
2015-03-30,11.140000
2015-03-31,10.960000
2015-04-01,12.010000
2015-04-02,11.880000
2015-04-06,12.610000
2015-04-07,12.360000
2015-04-08,12.320000
2015-04-09,12.420000
2015-04-10,12.680000
2015-04-13,12.360000
2015-04-14,12.510000
2015-04-15,12.850000
2015-04-16,12.650000
2015-04-17,12.760000
2015-04-20,12.750000
2015-04-21,12.810000
2015-04-22,12.370000
2015-04-23,12.640000
2015-04-24,12.520000
2015-04-27,12.800000
2015-04-28,13.300000
2015-04-29,13.510000
2015-04-30,13.020000
2015-05-01,13.070000
2015-05-04,13.170000
2015-05-05,13.110000
2015-05-06,12.630000
2015-05-07,12.690000
2015-05-08,12.750000
2015-05-11,12.780000
2015-05-12,12.830000
2015-05-13,13.250000
2015-05-14,13.180000
2015-05-15,13.120000
2015-05-18,13.190000
2015-05-19,12.470000
2015-05-20,12.430000
2015-05-21,12.440000
2015-05-22,12.290000
2015-05-26,11.710000
2015-05-27,11.700000
2015-05-28,12.000000
2015-05-29,11.860000
2015-06-01,11.820000
2015-06-02,11.980000
2015-06-03,11.990000
2015-06-04,11.690000
2015-06-05,11.470000
2015-06-08,11.460000
2015-06-09,11.530000
2015-06-10,11.630000
2015-06-11,11.270000
2015-06-12,11.270000
2015-06-15,11.470000
2015-06-16,11.180000
2015-06-17,11.540000
2015-06-18,11.710000
2015-06-19,11.480000
2015-06-22,11.160000
2015-06-23,11.160000
2015-06-24,11.110000
2015-06-25,10.990000
2015-06-26,10.900000
2015-06-29,10.780000
2015-06-30,10.660000
2015-07-01,10.450000
2015-07-02,10.570000
2015-07-06,10.850000
2015-07-07,10.320000
2015-07-08,10.300000
2015-07-09,10.150000
2015-07-10,10.110000
2015-07-13,9.970000
2015-07-14,9.890000
2015-07-15,9.650000
2015-07-16,9.240000
2015-07-17,8.790000
2015-07-20,7.410000
2015-07-21,7.500000
2015-07-22,7.360000
2015-07-23,7.070000
2015-07-24,7.250000
2015-07-27,6.900000
2015-07-28,6.890000
2015-07-29,7.230000
2015-07-30,7.050000
2015-07-31,7.060000
2015-08-03,6.700000
2015-08-04,6.800000
2015-08-05,6.540000
2015-08-06,6.880000
2015-08-07,7.040000
2015-08-10,7.610000
2015-08-11,7.680000
2015-08-12,8.130000
2015-08-13,7.770000
2015-08-14,7.680000
2015-08-17,7.870000
2015-08-18,7.660000
2015-08-19,7.900000
2015-08-20,8.240000
2015-08-21,8.010000
2015-08-24,7.230000
2015-08-25,6.990000
2015-08-26,6.550000
2015-08-27,6.840000
2015-08-28,7.130000
2015-08-31,6.950000
2015-09-01,6.750000
2015-09-02,6.690000
2015-09-03,6.480000
2015-09-04,6.410000
2015-09-08,6.520000
2015-09-09,6.270000
2015-09-10,6.210000
2015-09-11,6.350000
2015-09-14,6.230000
2015-09-15,6.250000
2015-09-16,6.700000
2015-09-17,6.840000
2015-09-18,6.750000
2015-09-21,6.580000
2015-09-22,6.110000
2015-09-23,5.940000
2015-09-24,6.560000
2015-09-25,6.570000
2015-09-28,6.260000
2015-09-29,6.210000
2015-09-30,6.360000
2015-10-01,6.190000
2015-10-02,6.570000
2015-10-05,6.850000
2015-10-06,7.300000
2015-10-07,7.240000
2015-10-08,7.160000
2015-10-09,7.610000
2015-10-12,7.410000
2015-10-13,7.460000
2015-10-14,8.180000
2015-10-15,8.160000
2015-10-16,7.850000
2015-10-19,7.560000
2015-10-20,7.890000
2015-10-21,7.510000
2015-10-22,7.590000
2015-10-23,7.750000
2015-10-26,7.500000
2015-10-27,7.550000
2015-10-28,7.690000
2015-10-29,7.820000
2015-10-30,7.690000
2015-11-02,7.760000
2015-11-03,7.840000
2015-11-04,7.570000
2015-11-05,7.360000
2015-11-06,7.050000
2015-11-09,7.360000
2015-11-10,7.200000
2015-11-11,7.280000
2015-11-12,7.550000
2015-11-13,7.540000
2015-11-16,7.630000
2015-11-17,6.990000
2015-11-18,7.230000
2015-11-19,7.540000
2015-11-20,7.190000
2015-11-23,7.120000
2015-11-24,7.380000
2015-11-25,7.380000
2015-11-27,7.110000
2015-11-30,7.340000
2015-12-01,7.600000
2015-12-02,7.420000
2015-12-03,7.570000
2015-12-04,8.090000
2015-12-07,7.690000
2015-12-08,7.520000
2015-12-09,7.730000
2015-12-10,7.660000
2015-12-11,7.750000
2015-12-14,7.050000
2015-12-15,7.100000
2015-12-16,7.650000
2015-12-17,6.940000
2015-12-18,7.230000
2015-12-21,7.470000
2015-12-22,7.470000
2015-12-23,7.660000
2015-12-24,7.820000
2015-12-28,7.530000
2015-12-29,7.590000
2015-12-30,7.370000
2015-12-31,7.380000
2016-01-04,7.750000
2016-01-05,7.650000
2016-01-06,7.940000
2016-01-07,8.750000
2016-01-08,8.420000
2016-01-11,8.150000
2016-01-12,7.900000
2016-01-13,8.040000
2016-01-14,7.580000
2016-01-15,7.900000
2016-01-19,7.590000
2016-01-20,8.110000
2016-01-21,8.330000
2016-01-22,8.580000
2016-01-25,9.270000
2016-01-26,9.530000
2016-01-27,9.840000
2016-01-28,9.660000
2016-01-29,9.910000
2016-02-01,10.070000
2016-02-02,9.860000
2016-02-03,10.730000
2016-02-04,11.180000
2016-02-05,11.640000
2016-02-08,11.910000
2016-02-09,11.220000
2016-02-10,11.580000
2016-02-11,11.970000
2016-02-12,12.250000
2016-02-16,11.590000
2016-02-17,11.890000
2016-02-18,12.630000
2016-02-19,12.560000
2016-02-22,12.820000
2016-02-23,13.540000
2016-02-24,13.480000
2016-02-25,13.580000
2016-02-26,13.530000
2016-02-29,13.890000
2016-03-01,13.270000
2016-03-02,13.580000
2016-03-03,13.910000
2016-03-04,13.720000
2016-03-07,13.860000
2016-03-08,13.330000
2016-03-09,13.690000
2016-03-10,14.170000
2016-03-11,13.950000
2016-03-14,13.670000
2016-03-15,14.190000
2016-03-16,15.180000
2016-03-17,14.780000
2016-03-18,14.740000
2016-03-21,14.690000
2016-03-22,14.500000
2016-03-23,13.270000
2016-03-24,13.560000
2016-03-28,13.610000
2016-03-29,14.050000
2016-03-30,13.740000
2016-03-31,13.580000
2016-04-01,13.650000
2016-04-04,13.500000
2016-04-05,14.010000
2016-04-06,13.970000
2016-04-07,14.520000
2016-04-08,15.180000
2016-04-11,16.309999
2016-04-12,16.350000
2016-04-13,16.049999
2016-04-14,15.420000
2016-04-15,15.640000
2016-04-18,15.820000
2016-04-19,16.320000
2016-04-20,15.890000
2016-04-21,16.340000
2016-04-22,16.120001
2016-04-25,16.110001
2016-04-26,16.480000
2016-04-27,16.610001
2016-04-28,17.549999
2016-04-29,19.370001
2016-05-02,19.110001
2016-05-03,18.379999
2016-05-04,17.459999
2016-05-05,17.870001
2016-05-06,18.469999
2016-05-09,17.389999
2016-05-10,17.930000
2016-05-11,18.440001
2016-05-12,18.120001
2016-05-13,18.410000
2016-05-16,18.910000
2016-05-17,19.370001
2016-05-18,17.620001
2016-05-19,18.150000
2016-05-20,18.200001
2016-05-23,17.910000
2016-05-24,16.910000
2016-05-25,17.280001
2016-05-26,17.129999
2016-05-27,16.620001
2016-05-31,16.770000
2016-06-01,16.900000
2016-06-02,16.959999
2016-06-03,19.180000
2016-06-06,18.920000
2016-06-07,18.820000
2016-06-08,19.219999
2016-06-09,19.580000
2016-06-10,19.610001
2016-06-13,20.219999
2016-06-14,19.790001
2016-06-15,20.500000
2016-06-16,20.059999
2016-06-17,20.110001
2016-06-20,19.760000
2016-06-21,19.160000
2016-06-22,19.650000
2016-06-23,19.350000
2016-06-24,20.469999
2016-06-27,21.110001
2016-06-28,20.629999
2016-06-29,20.770000
2016-06-30,21.350000
2016-07-01,22.209999
2016-07-05,22.400000
2016-07-06,23.160000
2016-07-07,22.350000
2016-07-08,22.320000
2016-07-11,22.040001
2016-07-12,20.620001
2016-07-13,21.080000
2016-07-14,21.469999
2016-07-15,21.400000
2016-07-18,21.610001
2016-07-19,21.570000
2016-07-20,19.910000
2016-07-21,20.410000
2016-07-22,20.549999
2016-07-25,19.830000
2016-07-26,20.450001
2016-07-27,21.350000
2016-07-28,21.270000
2016-07-29,21.860001
2016-08-01,22.230000
2016-08-02,22.690001
2016-08-03,22.420000
2016-08-04,22.370001
2016-08-05,21.240000
2016-08-08,21.420000
2016-08-09,21.490000
2016-08-10,21.770000
2016-08-11,21.740000
2016-08-12,21.750000
2016-08-15,21.510000
2016-08-16,21.320000
2016-08-17,20.870001
2016-08-18,21.040001
2016-08-19,20.610001
2016-08-22,20.389999
2016-08-23,20.090000
2016-08-24,18.170000
2016-08-25,18.280001
2016-08-26,18.219999
2016-08-29,18.389999
2016-08-30,17.420000
2016-08-31,17.010000
2016-09-01,17.799999
2016-09-02,18.160000
2016-09-06,19.040001
2016-09-07,18.910000
2016-09-08,18.430000
2016-09-09,17.530001
2016-09-12,17.770000
2016-09-13,17.290001
2016-09-14,17.190001
2016-09-15,17.650000
2016-09-16,17.340000
2016-09-19,17.190001
2016-09-20,17.200001
2016-09-21,18.690001
2016-09-22,18.530001
2016-09-23,18.110001
2016-09-26,17.920000
2016-09-27,17.600000
2016-09-28,18.020000
2016-09-29,17.940001
2016-09-30,17.719999
2016-10-03,17.389999
2016-10-04,15.450000
2016-10-05,15.980000
2016-10-06,15.640000
2016-10-07,15.730000
2016-10-10,15.580000
2016-10-11,15.520000
2016-10-12,15.830000
2016-10-13,16.000000
2016-10-14,15.690000
2016-10-17,15.900000
2016-10-18,16.370001
2016-10-19,17.290001
2016-10-20,17.040001
2016-10-21,16.920000
2016-10-24,16.530001
2016-10-25,16.889999
2016-10-26,16.650000
2016-10-27,16.850000
2016-10-28,17.080000
2016-10-31,17.590000
2016-11-01,18.410000
2016-11-02,18.139999
2016-11-03,18.330000
2016-11-04,18.270000
2016-11-07,17.350000
2016-11-08,17.150000
2016-11-09,17.250000
2016-11-10,15.770000
2016-11-11,14.840000
2016-11-14,14.640000
2016-11-15,15.580000
2016-11-16,15.600000
2016-11-17,15.360000
2016-11-18,15.290000
2016-11-21,15.390000
2016-11-22,15.350000
2016-11-23,14.630000
2016-11-25,14.760000
2016-11-28,15.400000
2016-11-29,15.440000
2016-11-30,15.020000
2016-12-01,15.020000
2016-12-02,15.660000
2016-12-05,15.710000
2016-12-06,15.490000
2016-12-07,15.790000
2016-12-08,15.920000
2016-12-09,15.450000
2016-12-12,15.310000
2016-12-13,15.740000
2016-12-14,14.730000
2016-12-15,14.000000
2016-12-16,14.280000
2016-12-19,14.240000
2016-12-20,14.340000
2016-12-21,14.160000
2016-12-22,14.120000
2016-12-23,14.550000
2016-12-27,14.860000
2016-12-28,15.280000
2016-12-29,16.389999
2016-12-30,15.980000
2017-01-03,16.389999
2017-01-04,16.400000
2017-01-05,17.370001
2017-01-06,16.930000
2017-01-09,16.969999
2017-01-10,16.799999
2017-01-11,16.680000
2017-01-12,16.889999
2017-01-13,16.870001
2017-01-17,17.240000
2017-01-18,16.820000
2017-01-19,16.920000
2017-01-20,17.110001
2017-01-23,17.820000
2017-01-24,18.129999
2017-01-25,18.059999
2017-01-26,17.870001
2017-01-27,17.790001
2017-01-30,18.010000
2017-01-31,18.440001
2017-02-01,18.480000
2017-02-02,18.940001
2017-02-03,18.930000
2017-02-06,19.420000
2017-02-07,19.330000
2017-02-08,19.590000
2017-02-09,19.150000
2017-02-10,19.490000
2017-02-13,19.420000
2017-02-14,19.270000
2017-02-15,19.320000
2017-02-16,20.500000
2017-02-17,20.170000
2017-02-21,20.110001
2017-02-22,19.870001
2017-02-23,19.690001
2017-02-24,19.540001
2017-02-27,18.910000
2017-02-28,18.580000
2017-03-01,18.910000
2017-03-02,18.040001
2017-03-03,18.240000
2017-03-06,18.020000
2017-03-07,17.770000
2017-03-08,17.820000
2017-03-09,17.719999
2017-03-10,18.200001
2017-03-13,18.270000
2017-03-14,17.799999
2017-03-15,19.020000
2017-03-16,18.910000
2017-03-17,18.850000
2017-03-20,19.059999
2017-03-21,19.450001
2017-03-22,19.480000
2017-03-23,19.370001
2017-03-24,19.209999
2017-03-27,19.600000
2017-03-28,19.080000
2017-03-29,19.190001
2017-03-30,18.840000
2017-03-31,18.990000
2017-04-03,19.309999
2017-04-04,19.459999
2017-04-05,19.360001
2017-04-06,19.280001
2017-04-07,19.139999
2017-04-10,19.469999
2017-04-11,20.090000
2017-04-12,20.219999
2017-04-13,19.830000
2017-04-17,19.840000
2017-04-18,19.709999
2017-04-19,18.910000
2017-04-20,19.200001
2017-04-21,19.230000
2017-04-24,19.040001
2017-04-25,16.889999
2017-04-26,16.959999
2017-04-27,16.709999
2017-04-28,16.719999
2017-05-01,16.360001
2017-05-02,16.410000
2017-05-03,16.209999
2017-05-04,16.000000
2017-05-05,16.150000
2017-05-08,16.260000
2017-05-09,16.280001
2017-05-10,16.389999
2017-05-11,16.700001
2017-05-12,16.870001
2017-05-15,16.900000
2017-05-16,16.959999
2017-05-17,17.110001
2017-05-18,16.510000
2017-05-19,16.650000
2017-05-22,16.879999
2017-05-23,16.420000
2017-05-24,16.709999
2017-05-25,16.290001
2017-05-26,16.379999
2017-05-30,16.420000
2017-05-31,16.540001
2017-06-01,16.240000
2017-06-02,16.200001
2017-06-05,16.190001
2017-06-06,17.040001
2017-06-07,16.889999
2017-06-08,16.639999
2017-06-09,16.320000
2017-06-12,16.400000
2017-06-13,16.330000
2017-06-14,15.950000
2017-06-15,15.640000
2017-06-16,15.690000
2017-06-19,15.700000
2017-06-20,15.580000
2017-06-21,15.740000
2017-06-22,16.090000
2017-06-23,16.480000
2017-06-26,16.340000
2017-06-27,16.080000
2017-06-28,16.129999
2017-06-29,15.900000
2017-06-30,15.910000
2017-07-03,15.610000
2017-07-05,15.940000
2017-07-06,15.660000
2017-07-07,15.350000
2017-07-10,15.820000
2017-07-11,15.900000
2017-07-12,15.860000
2017-07-13,15.710000
2017-07-14,15.990000
2017-07-17,16.080000
2017-07-18,16.110001
2017-07-19,16.129999
2017-07-20,16.320000
2017-07-21,16.190001
2017-07-24,15.430000
2017-07-25,16.040001
2017-07-26,16.240000
2017-07-27,16.530001
2017-07-28,16.870001
2017-07-31,16.910000
2017-08-01,17.240000
2017-08-02,17.139999
2017-08-03,17.059999
2017-08-04,16.610001
2017-08-07,16.570000
2017-08-08,16.500000
2017-08-09,16.730000
2017-08-10,17.070000
2017-08-11,17.040001
2017-08-14,16.719999
2017-08-15,16.549999
2017-08-16,16.910000
2017-08-17,16.850000
2017-08-18,16.639999
2017-08-21,16.910000
2017-08-22,16.860001
2017-08-23,17.020000
2017-08-24,17.049999
2017-08-25,17.139999
2017-08-28,17.670000
2017-08-29,17.820000
2017-08-30,17.750000
2017-08-31,17.990000
2017-09-01,18.110001
2017-09-05,18.219999
2017-09-06,17.850000
2017-09-07,18.000000
2017-09-08,17.809999
2017-09-11,17.410000
2017-09-12,17.430000
2017-09-13,17.100000
2017-09-14,17.139999
2017-09-15,17.299999
2017-09-18,16.920000
2017-09-19,16.900000
2017-09-20,16.469999
2017-09-21,16.330000
2017-09-22,16.360001
2017-09-25,16.590000
2017-09-26,16.420000
2017-09-27,16.240000
2017-09-28,16.200001
2017-09-29,16.090000
2017-10-02,16.110001
2017-10-03,16.270000
2017-10-04,16.420000
2017-10-05,16.420000
2017-10-06,16.590000
2017-10-09,16.700001
2017-10-10,16.650000
2017-10-11,16.760000
2017-10-12,16.680000
2017-10-13,16.670000
2017-10-16,16.240000
2017-10-17,16.219999
2017-10-18,16.170000
2017-10-19,16.100000
2017-10-20,16.030001
2017-10-23,16.150000
2017-10-24,15.850000
2017-10-25,15.750000
2017-10-26,14.510000
2017-10-27,14.680000
2017-10-30,14.690000
2017-10-31,14.450000
2017-11-01,14.220000
2017-11-02,14.100000
2017-11-03,14.000000
2017-11-06,14.010000
2017-11-07,13.990000
2017-11-08,13.990000
2017-11-09,14.110000
2017-11-10,13.980000
2017-11-13,13.950000
2017-11-14,14.010000
2017-11-15,13.950000
2017-11-16,13.920000
2017-11-17,14.070000
2017-11-20,13.900000
2017-11-21,13.920000
2017-11-22,14.140000
2017-11-24,14.100000
2017-11-27,14.250000
2017-11-28,14.170000
2017-11-29,14.030000
2017-11-30,13.780000
2017-12-01,14.070000
2017-12-04,13.910000
2017-12-05,13.770000
2017-12-06,13.550000
2017-12-07,13.660000
2017-12-08,13.650000
2017-12-11,13.650000
2017-12-12,13.640000
2017-12-13,14.110000
2017-12-14,14.170000
2017-12-15,14.060000
2017-12-18,14.320000
2017-12-19,14.250000
2017-12-20,14.420000
2017-12-21,14.430000
2017-12-22,14.470000
2017-12-26,14.570000
2017-12-27,14.490000
2017-12-28,14.450000
2017-12-29,14.470000
2018-01-02,15.200000
2018-01-03,15.000000
2018-01-04,15.030000
2018-01-05,14.950000
2018-01-08,14.740000
2018-01-09,14.560000
2018-01-10,14.580000
2018-01-11,14.650000
2018-01-12,15.120000
2018-01-16,15.200000
2018-01-17,14.620000
2018-01-18,14.280000
2018-01-19,14.370000
2018-01-22,14.510000
2018-01-23,14.830000
2018-01-24,15.050000
2018-01-25,14.800000
2018-01-26,14.750000
2018-01-29,14.350000
2018-01-30,14.310000
2018-01-31,14.380000
2018-02-01,14.420000
2018-02-02,13.740000
2018-02-05,13.630000
2018-02-06,13.490000
2018-02-07,13.390000
2018-02-08,13.230000
2018-02-09,13.060000
2018-02-12,13.260000
2018-02-13,13.220000
2018-02-14,13.650000
2018-02-15,13.340000
2018-02-16,13.180000
2018-02-20,12.850000
2018-02-21,12.660000
2018-02-22,12.480000
2018-02-23,12.180000
2018-02-26,12.220000
2018-02-27,11.760000
2018-02-28,11.520000
2018-03-01,11.420000
2018-03-02,11.540000
2018-03-05,11.630000
2018-03-06,11.840000
2018-03-07,11.700000
2018-03-08,11.770000
2018-03-09,11.820000
2018-03-12,12.130000
2018-03-13,12.180000
2018-03-14,12.320000
2018-03-15,12.210000
2018-03-16,12.320000
2018-03-19,12.260000
2018-03-20,12.040000
2018-03-21,12.350000
2018-03-22,12.170000
2018-03-23,12.500000
2018-03-26,12.760000
2018-03-27,12.560000
2018-03-28,12.390000
2018-03-29,12.450000
2018-04-02,12.620000
2018-04-03,12.500000
2018-04-04,12.520000
2018-04-05,12.570000
2018-04-06,12.690000
2018-04-09,12.680000
2018-04-10,12.770000
2018-04-11,13.080000
2018-04-12,12.880000
2018-04-13,13.150000
2018-04-16,13.030000
2018-04-17,13.070000
2018-04-18,13.260000
2018-04-19,13.320000
2018-04-20,13.170000
2018-04-23,12.920000
2018-04-24,13.380000
2018-04-25,13.490000
2018-04-26,13.620000
2018-04-27,13.770000
2018-04-30,13.470000
2018-05-01,13.440000
2018-05-02,13.370000
2018-05-03,13.480000
2018-05-04,13.470000
2018-05-07,13.360000
2018-05-08,13.280000
2018-05-09,13.320000
2018-05-10,13.530000
2018-05-11,13.500000
2018-05-14,13.480000
2018-05-15,13.170000
2018-05-16,13.200000
2018-05-17,13.190000
2018-05-18,13.160000
2018-05-21,13.200000
2018-05-22,13.120000
2018-05-23,13.330000
2018-05-24,13.480000
2018-05-25,13.390000
2018-05-29,13.330000
2018-05-30,13.380000
2018-05-31,13.190000
2018-06-01,13.080000
2018-06-04,12.900000
2018-06-05,12.960000
2018-06-06,12.940000
2018-06-07,12.950000
2018-06-08,13.020000
2018-06-11,13.200000
2018-06-12,13.160000
2018-06-13,13.050000
2018-06-14,13.170000
2018-06-15,12.810000
2018-06-18,12.840000
2018-06-19,12.860000
2018-06-20,12.820000
2018-06-21,12.850000
2018-06-22,13.040000
2018-06-25,12.870000
2018-06-26,12.750000
2018-06-27,12.700000
2018-06-28,12.700000
2018-06-29,13.130000
2018-07-02,13.120000
2018-07-03,13.330000
2018-07-05,13.470000
2018-07-06,13.350000
2018-07-09,13.270000
2018-07-10,13.410000
2018-07-11,12.920000
2018-07-12,12.940000
2018-07-13,12.910000
2018-07-16,12.820000
2018-07-17,12.660000
2018-07-18,12.520000
2018-07-19,12.340000
2018-07-20,12.370000
2018-07-23,11.810000
2018-07-24,11.860000
2018-07-25,11.820000
2018-07-26,11.100000
2018-07-27,11.230000
2018-07-30,11.150000
2018-07-31,11.190000
2018-08-01,10.950000
2018-08-02,10.940000
2018-08-03,11.100000
2018-08-06,11.010000
2018-08-07,10.790000
2018-08-08,10.920000
2018-08-09,10.860000
2018-08-10,10.830000
2018-08-13,10.500000
2018-08-14,10.410000
2018-08-15,9.980000
2018-08-16,9.860000
2018-08-17,10.020000
2018-08-20,10.140000
2018-08-21,10.180000
2018-08-22,10.380000
2018-08-23,10.230000
2018-08-24,10.460000
2018-08-27,10.620000
2018-08-28,10.620000
2018-08-29,10.620000
2018-08-30,10.470000
2018-08-31,10.420000
2018-09-04,9.840000
2018-09-05,9.850000
2018-09-06,9.920000
2018-09-07,10.050000
2018-09-10,9.760000
2018-09-11,9.770000
2018-09-12,10.080000
2018-09-13,10.110000
2018-09-14,10.110000
2018-09-17,10.350000
2018-09-18,10.480000
2018-09-19,10.600000
2018-09-20,10.620000
2018-09-21,10.470000
2018-09-24,11.040000
2018-09-25,11.180000
2018-09-26,10.850000
2018-09-27,11.130000
2018-09-28,11.080000
2018-10-01,11.140000
2018-10-02,11.690000
2018-10-03,11.620000
2018-10-04,11.650000
2018-10-05,11.470000
2018-10-08,11.410000
2018-10-09,11.320000
2018-10-10,11.500000
2018-10-11,12.580000
2018-10-12,12.470000
2018-10-15,12.700000
2018-10-16,12.750000
2018-10-17,12.720000
2018-10-18,13.160000
2018-10-19,13.180000
2018-10-22,13.090000
2018-10-23,13.340000
2018-10-24,13.110000
2018-10-25,12.570000
2018-10-26,12.850000
2018-10-29,12.680000
2018-10-30,12.710000
2018-10-31,12.550000
2018-11-01,13.340000
2018-11-02,13.170000
2018-11-05,13.210000
2018-11-06,13.140000
2018-11-07,12.980000
2018-11-08,13.100000
2018-11-09,12.910000
2018-11-12,12.580000
2018-11-13,12.430000
2018-11-14,12.710000
2018-11-15,12.990000
2018-11-16,13.040000
2018-11-19,13.090000
2018-11-20,13.030000
2018-11-21,13.460000
2018-11-23,13.090000
2018-11-26,13.030000
2018-11-27,12.750000
2018-11-28,13.050000
2018-11-29,13.050000
2018-11-30,12.750000
2018-12-03,12.990000
2018-12-04,13.130000
2018-12-06,13.370000
2018-12-07,13.680000
2018-12-10,13.840000
2018-12-11,13.600000
2018-12-12,14.020000
2018-12-13,14.110000
2018-12-14,13.660000
2018-12-17,13.650000
2018-12-18,13.880000
2018-12-19,12.880000
2018-12-20,13.380000
2018-12-21,13.120000
2018-12-24,13.640000
2018-12-26,13.650000
2018-12-27,13.710000
2018-12-28,13.120000
2018-12-31,13.540000
2019-01-02,13.100000
2019-01-03,13.000000
2019-01-04,13.090000
2019-01-07,12.920000
2019-01-08,12.340000
2019-01-09,12.450000
2019-01-10,12.360000
2019-01-11,12.440000
2019-01-14,12.300000
2019-01-15,11.860000
2019-01-16,11.850000
2019-01-17,11.900000
2019-01-18,11.790000
2019-01-22,11.780000
2019-01-23,11.770000
2019-01-24,11.850000
2019-01-25,12.250000
2019-01-28,12.340000
2019-01-29,12.930000
2019-01-30,13.050000
2019-01-31,13.390000
2019-02-01,13.250000
2019-02-04,13.350000
2019-02-05,13.360000
2019-02-06,13.240000
2019-02-07,13.340000
2019-02-08,13.620000
2019-02-11,13.430000
2019-02-12,13.370000
2019-02-13,12.820000
2019-02-14,12.910000
2019-02-15,12.950000
2019-02-19,13.550000
2019-02-20,13.760000
2019-02-21,13.320000
2019-02-22,13.040000
2019-02-25,12.610000
2019-02-26,12.590000
2019-02-27,12.500000
2019-02-28,12.640000
2019-03-01,12.310000
2019-03-04,12.510000
2019-03-05,12.700000
2019-03-06,12.400000
2019-03-07,12.630000
2019-03-08,12.930000
2019-03-11,13.180000
2019-03-12,13.230000
2019-03-13,13.350000
2019-03-14,13.110000
2019-03-15,13.000000
2019-03-18,12.950000
2019-03-19,12.840000
2019-03-20,13.110000
2019-03-21,13.280000
2019-03-22,13.670000
2019-03-25,14.270000
2019-03-26,14.500000
2019-03-27,14.250000
2019-03-28,13.880000
2019-03-29,13.710000
2019-04-01,13.440000
2019-04-02,13.460000
2019-04-03,13.300000
2019-04-04,13.560000
2019-04-05,13.490000
2019-04-08,13.520000
2019-04-09,13.720000
2019-04-10,13.590000
2019-04-11,13.450000
2019-04-12,13.420000
2019-04-15,13.630000
2019-04-16,13.290000
2019-04-17,13.200000
2019-04-18,13.220000
2019-04-22,12.970000
2019-04-23,12.810000
2019-04-24,12.830000
2019-04-25,12.840000
2019-04-26,13.000000
2019-04-29,12.660000
2019-04-30,12.720000
2019-05-01,12.590000
2019-05-02,12.510000
2019-05-03,12.590000
2019-05-06,12.600000
2019-05-07,12.720000
2019-05-08,12.570000
2019-05-09,12.370000
2019-05-10,12.000000
2019-05-13,12.310000
2019-05-14,12.460000
2019-05-15,12.500000
2019-05-16,12.180000
2019-05-17,12.220000
2019-05-20,12.200000
2019-05-21,12.120000
2019-05-22,11.940000
2019-05-23,11.960000
2019-05-24,11.950000
2019-05-28,11.740000
2019-05-29,11.750000
2019-05-30,11.790000
2019-05-31,12.420000
2019-06-03,13.090000
2019-06-04,13.210000
2019-06-05,13.230000
2019-06-06,13.510000
2019-06-07,13.540000
2019-06-10,13.450000
2019-06-11,13.550000
2019-06-12,13.730000
2019-06-13,13.860000
2019-06-14,13.900000
2019-06-17,14.150000
2019-06-18,14.370000
2019-06-19,14.480000
2019-06-20,15.300000
2019-06-21,15.600000
2019-06-24,16.240000
2019-06-25,16.010000
2019-06-26,15.860000
2019-06-27,15.700000
2019-06-28,15.770000
2019-07-01,14.990000
2019-07-02,15.590000
2019-07-03,15.880000
2019-07-05,15.800000
2019-07-08,15.860000
2019-07-09,16.049999
2019-07-10,16.520000
2019-07-11,16.389999
2019-07-12,16.510000
2019-07-15,16.340000
2019-07-16,16.110001
2019-07-17,16.709999
2019-07-18,17.219999
2019-07-19,17.209999
2019-07-22,17.340000
2019-07-23,17.290001
2019-07-24,17.350000
2019-07-25,17.040001
2019-07-26,17.059999
2019-07-29,17.209999
2019-07-30,17.010000
2019-07-31,16.260000
2019-08-01,16.950001
2019-08-02,16.910000
2019-08-05,17.590000
2019-08-06,17.570000
2019-08-07,18.049999
2019-08-08,18.190001
2019-08-09,18.139999
2019-08-12,17.959999
2019-08-13,18.110001
2019-08-14,18.180000
2019-08-15,18.389999
2019-08-16,18.389999
2019-08-19,18.100000
2019-08-20,18.690001
2019-08-21,18.639999
2019-08-22,18.740000
2019-08-23,19.139999
2019-08-26,19.240000
2019-08-27,19.770000
2019-08-28,19.940001
2019-08-29,19.280001
2019-08-30,19.379999
2019-09-03,19.420000
2019-09-04,19.870001
2019-09-05,18.400000
2019-09-06,17.870001
2019-09-09,17.410000
2019-09-10,17.250000
2019-09-11,17.340000
2019-09-12,17.129999
2019-09-13,17.230000
2019-09-16,17.100000
2019-09-17,18.020000
2019-09-18,17.639999
2019-09-19,18.299999
2019-09-20,18.430000
2019-09-23,18.600000
2019-09-24,18.809999
2019-09-25,18.180000
2019-09-26,18.100000
2019-09-27,17.730000
2019-09-30,17.330000
2019-10-01,17.219999
2019-10-02,17.370001
2019-10-03,17.260000
2019-10-04,17.750000
2019-10-07,17.620001
2019-10-08,18.059999
2019-10-09,17.870001
2019-10-10,17.910000
2019-10-11,17.000000
2019-10-14,17.100000
2019-10-15,16.660000
2019-10-16,16.940001
2019-10-17,17.090000
2019-10-18,17.190001
2019-10-21,16.830000
2019-10-22,16.600000
2019-10-23,16.570000
2019-10-24,17.170000
2019-10-25,17.200001
2019-10-28,16.719999
2019-10-29,16.770000
2019-10-30,17.049999
2019-10-31,17.360001
2019-11-01,17.010000
2019-11-04,16.639999
2019-11-05,16.540001
2019-11-06,16.900000
2019-11-07,16.360001
2019-11-08,16.370001
2019-11-11,16.379999
2019-11-12,16.440001
2019-11-13,16.660000
2019-11-14,16.660000
2019-11-15,16.570000
2019-11-18,16.889999
2019-11-19,17.049999
2019-11-20,16.990000
2019-11-21,16.639999
2019-11-22,16.490000
2019-11-25,16.430000
2019-11-26,16.860001
2019-11-27,16.700001
2019-11-29,16.799999
2019-12-02,16.889999
2019-12-03,17.280001
2019-12-04,17.030001
2019-12-05,17.160000
2019-12-06,16.889999
2019-12-09,16.850000
2019-12-10,17.139999
2019-12-11,17.620001
2019-12-12,17.559999
2019-12-13,17.580000
2019-12-16,17.420000
2019-12-17,17.389999
2019-12-18,17.930000
2019-12-19,17.709999
2019-12-20,17.450001
2019-12-23,17.760000
2019-12-24,18.309999
2019-12-26,18.360001
2019-12-27,18.370001
2019-12-30,18.610001
2019-12-31,18.590000
2020-01-02,18.490000
2020-01-03,18.570000
2020-01-06,18.389999
2020-01-07,18.469999
2020-01-08,17.820000
2020-01-09,17.600000
2020-01-10,17.850000
2020-01-13,17.450001
2020-01-14,17.559999
2020-01-15,17.900000
2020-01-16,18.090000
2020-01-17,17.950001
2020-01-21,18.350000
2020-01-22,18.290001
2020-01-23,18.430000
2020-01-24,18.709999
2020-01-27,18.620001
2020-01-28,18.000000
2020-01-29,18.370001
2020-01-30,18.440001
2020-01-31,18.520000
2020-02-03,18.280001
2020-02-04,18.020000
2020-02-05,18.020000
2020-02-06,18.350000
2020-02-07,18.190001
2020-02-10,18.430000
2020-02-11,18.440001
2020-02-12,18.410000
2020-02-13,18.930000
2020-02-14,19.719999
2020-02-18,20.580000
2020-02-19,21.000000
2020-02-20,20.770000
2020-02-21,21.440001
2020-02-24,22.030001
2020-02-25,21.250000
2020-02-26,21.090000
2020-02-27,19.780001
2020-02-28,19.040001
2020-03-02,19.860001
2020-03-03,20.620001
2020-03-04,20.549999
2020-03-05,21.160000
2020-03-06,21.230000
2020-03-09,19.930000
2020-03-10,19.870001
2020-03-11,18.790001
2020-03-12,16.879999
2020-03-13,15.670000
2020-03-16,16.330000
2020-03-17,17.709999
2020-03-18,15.880000
2020-03-19,16.080000
2020-03-20,15.880000
2020-03-23,16.930000
2020-03-24,19.500000
2020-03-25,19.110001
2020-03-26,19.580000
2020-03-27,19.240000
2020-03-30,19.290001
2020-03-31,18.320000
2020-04-01,18.870001
2020-04-02,19.850000
2020-04-03,19.950001
2020-04-06,20.549999
2020-04-07,20.309999
2020-04-08,20.410000
2020-04-09,22.510000
2020-04-13,24.370001
2020-04-14,24.430000
2020-04-15,24.469999
2020-04-16,25.000000
2020-04-17,24.540001
2020-04-20,24.920000
2020-04-21,24.820000
2020-04-22,26.480000
2020-04-23,26.740000
2020-04-24,27.100000
2020-04-27,26.930000
2020-04-28,26.959999
2020-04-29,26.549999
2020-04-30,25.719999
2020-05-01,26.930000
2020-05-04,27.379999
2020-05-05,28.190001
2020-05-06,26.559999
2020-05-07,27.260000
2020-05-08,27.389999
2020-05-11,26.020000
2020-05-12,26.040001
2020-05-13,26.120001
2020-05-14,27.139999
2020-05-15,28.040001
2020-05-18,27.200001
2020-05-19,28.100000
2020-05-20,27.250000
2020-05-21,26.260000
2020-05-22,26.320000
2020-05-26,24.730000
2020-05-27,23.920000
2020-05-28,23.950001
2020-05-29,24.000000
2020-06-01,24.780001
2020-06-02,23.950001
2020-06-03,23.219999
2020-06-04,23.430000
2020-06-05,23.290001
2020-06-08,23.559999
2020-06-09,24.330000
2020-06-10,25.080000
2020-06-11,24.309999
2020-06-12,24.070000
2020-06-15,24.740000
2020-06-16,24.379999
2020-06-17,24.250000
2020-06-18,23.940001
2020-06-19,24.490000
2020-06-22,25.450001
2020-06-23,25.680000
2020-06-24,25.709999
2020-06-25,25.730000
2020-06-26,25.870001
2020-06-29,26.129999
2020-06-30,26.940001
2020-07-01,26.809999
2020-07-02,26.270000
2020-07-06,26.610001
2020-07-07,27.020000
2020-07-08,27.719999
2020-07-09,27.590000
2020-07-10,27.110001
2020-07-13,26.129999
2020-07-14,27.049999
2020-07-15,27.090000
2020-07-16,26.690001
2020-07-17,27.340000
2020-07-20,28.120001
2020-07-21,28.230000
2020-07-22,28.520000
2020-07-23,27.990000
2020-07-24,28.440001
2020-07-27,29.910000
2020-07-28,29.590000
2020-07-29,28.780001
2020-07-30,28.250000
2020-07-31,28.910000
2020-08-03,28.719999
2020-08-04,29.750000
2020-08-05,29.840000
2020-08-06,29.500000
2020-08-07,28.870001
2020-08-10,28.719999
2020-08-11,26.250000
2020-08-12,26.180000
2020-08-13,27.139999
2020-08-14,26.990000
2020-08-17,30.129999
2020-08-18,30.040001
2020-08-19,28.980000
2020-08-20,29.950001
2020-08-21,29.309999
2020-08-24,28.969999
2020-08-25,28.750000
2020-08-26,29.370001
2020-08-27,28.580000
2020-08-28,29.200001
2020-08-31,29.650000
2020-09-01,29.330000
2020-09-02,29.610001
2020-09-03,29.260000
2020-09-04,29.049999
2020-09-08,29.200001
2020-09-09,30.459999
2020-09-10,30.110001
2020-09-11,29.750000
2020-09-14,29.930000
2020-09-15,29.990000
2020-09-16,29.990000
2020-09-17,29.139999
2020-09-18,28.889999
2020-09-21,28.190001
2020-09-22,28.420000
2020-09-23,27.139999
2020-09-24,27.650000
2020-09-25,27.700001
2020-09-28,27.760000
2020-09-29,28.280001
2020-09-30,28.110001
2020-10-01,28.260000
2020-10-02,27.889999
2020-10-05,28.370001
2020-10-06,27.059999
2020-10-07,26.950001
2020-10-08,27.270000
2020-10-09,28.049999
2020-10-12,28.040001
2020-10-13,27.959999
2020-10-14,28.309999
2020-10-15,27.750000
2020-10-16,27.570000
2020-10-19,27.020000
2020-10-20,27.070000
2020-10-21,27.370001
2020-10-22,26.889999
2020-10-23,26.809999
2020-10-26,26.629999
2020-10-27,27.090000
2020-10-28,25.920000
2020-10-29,26.170000
2020-10-30,26.730000
2020-11-02,27.160000
2020-11-03,27.780001
2020-11-04,27.420000
2020-11-05,29.320000
2020-11-06,28.870001
2020-11-09,26.900000
2020-11-10,25.940001
2020-11-11,25.790001
2020-11-12,25.910000
2020-11-13,25.889999
2020-11-16,25.860001
2020-11-17,25.370001
2020-11-18,24.459999
2020-11-19,24.180000
2020-11-20,24.280001
2020-11-23,23.240000
2020-11-24,22.790001
2020-11-25,22.830000
2020-11-27,22.690001
2020-11-30,23.139999
2020-12-01,23.830000
2020-12-02,23.959999
2020-12-03,23.610001
2020-12-04,23.500000
2020-12-07,23.950001
2020-12-08,23.900000
2020-12-09,23.360001
2020-12-10,23.090000
2020-12-11,22.900000
2020-12-14,22.440001
2020-12-15,22.870001
2020-12-16,23.070000
2020-12-17,23.590000
2020-12-18,23.270000
2020-12-21,23.020000
2020-12-22,22.520000
2020-12-23,22.830000
2020-12-24,22.900000
2020-12-28,22.840000
2020-12-29,22.910000
2020-12-30,23.240000
2020-12-31,22.780001
2021-01-04,24.620001
2021-01-05,24.280001
2021-01-06,24.500000
2021-01-07,24.770000
2021-01-08,23.969999
2021-01-11,23.520000
2021-01-12,23.540001
2021-01-13,23.600000
2021-01-14,23.680000
2021-01-15,23.139999
2021-01-19,23.389999
2021-01-20,23.830000
2021-01-21,23.680000
2021-01-22,23.469999
2021-01-25,23.440001
2021-01-26,23.280001
2021-01-27,21.990000
2021-01-28,22.360001
2021-01-29,22.370001
2021-02-01,22.540001
2021-02-02,22.340000
2021-02-03,22.340000
2021-02-04,21.990000
2021-02-05,22.330000
2021-02-08,22.459999
2021-02-09,22.430000
2021-02-10,22.510000
2021-02-11,22.190001
2021-02-12,22.150000
2021-02-16,21.700001
2021-02-17,20.830000
2021-02-18,20.320000
2021-02-19,19.780001
2021-02-22,20.530001
2021-02-23,20.160000
2021-02-24,20.100000
2021-02-25,19.450001
2021-02-26,18.670000
2021-03-01,18.969999
2021-03-02,19.860001
2021-03-03,19.500000
2021-03-04,19.540001
2021-03-05,19.840000
2021-03-08,19.500000
2021-03-09,19.990000
2021-03-10,20.120001
2021-03-11,20.309999
2021-03-12,20.320000
2021-03-15,20.770000
2021-03-16,20.709999
2021-03-17,21.129999
2021-03-18,20.860001
2021-03-19,20.959999
2021-03-22,20.620001
2021-03-23,20.240000
2021-03-24,20.160000
2021-03-25,19.730000
2021-03-26,20.000000
2021-03-29,20.160000
2021-03-30,19.510000
2021-03-31,19.799999
2021-04-01,20.370001
2021-04-05,20.629999
2021-04-06,20.879999
2021-04-07,20.670000
2021-04-08,21.160000
2021-04-09,21.209999
2021-04-12,20.990000
2021-04-13,21.100000
2021-04-14,21.110001
2021-04-15,21.980000
2021-04-16,22.230000
2021-04-19,22.110001
2021-04-20,22.400000
2021-04-21,22.740000
2021-04-22,22.410000
2021-04-23,22.209999
2021-04-26,22.160000
2021-04-27,21.639999
2021-04-28,21.760000
2021-04-29,21.350000
2021-04-30,21.250000
2021-05-03,22.230000
2021-05-04,22.010000
2021-05-05,22.250000
2021-05-06,23.549999
2021-05-07,23.920000
2021-05-10,23.930000
2021-05-11,23.950001
2021-05-12,23.530001
2021-05-13,23.580000
2021-05-14,24.020000
2021-05-17,25.270000
2021-05-18,25.110001
2021-05-19,24.590000
2021-05-20,24.809999
2021-05-21,24.700001
2021-05-24,24.680000
2021-05-25,24.580000
2021-05-26,24.580000
2021-05-27,23.860001
2021-05-28,24.080000
2021-06-01,24.260000
2021-06-02,24.170000
2021-06-03,23.209999
2021-06-04,23.459999
2021-06-07,23.410000
2021-06-08,23.120001
2021-06-09,23.010000
2021-06-10,23.709999
2021-06-11,23.230000
2021-06-14,23.150000
2021-06-15,22.790001
2021-06-16,22.450001
2021-06-17,21.030001
2021-06-18,20.750000
2021-06-21,21.150000
2021-06-22,21.080000
2021-06-23,20.959999
2021-06-24,20.969999
2021-06-25,20.889999
2021-06-28,20.700001
2021-06-29,20.530001
2021-06-30,20.680000
2021-07-01,20.580000
2021-07-02,20.790001
2021-07-06,21.290001
2021-07-07,21.190001
2021-07-08,20.719999
2021-07-09,21.129999
2021-07-12,20.830000
2021-07-13,21.139999
2021-07-14,21.330000
2021-07-15,21.270000
2021-07-16,20.860001
2021-07-19,20.540001
2021-07-20,20.719999
2021-07-21,20.900000
2021-07-22,20.740000
2021-07-23,20.629999
2021-07-26,20.820000
2021-07-27,20.990000
2021-07-28,21.340000
2021-07-29,21.809999
2021-07-30,21.770000
2021-08-02,21.570000
2021-08-03,21.719999
2021-08-04,21.650000
2021-08-05,21.260000
2021-08-06,20.799999
2021-08-09,20.559999
2021-08-10,19.840000
2021-08-11,20.309999
2021-08-12,20.049999
2021-08-13,20.270000
2021-08-16,20.190001
2021-08-17,19.969999
2021-08-18,19.459999
2021-08-19,19.129999
2021-08-20,19.230000
2021-08-23,20.150000
2021-08-24,20.120001
2021-08-25,19.850000
2021-08-26,19.730000
2021-08-27,20.240000
2021-08-30,19.809999
2021-08-31,20.070000
2021-09-01,19.809999
2021-09-02,19.870001
2021-09-03,20.299999
2021-09-07,19.850000
2021-09-08,19.860001
2021-09-09,19.690001
2021-09-10,19.350000
2021-09-13,19.469999
2021-09-14,19.500000
2021-09-15,19.360001
2021-09-16,18.510000
2021-09-17,18.360001
2021-09-20,18.650000
2021-09-21,18.490000
2021-09-22,18.450001
2021-09-23,18.230000
2021-09-24,18.030001
2021-09-27,17.950001
2021-09-28,18.100000
2021-09-29,17.580000
2021-09-30,18.049999
2021-10-01,17.990000
2021-10-04,18.230000
2021-10-05,18.150000
2021-10-06,18.450001
2021-10-07,18.590000
2021-10-08,18.520000
2021-10-11,18.440001
2021-10-12,18.660000
2021-10-13,19.230000
2021-10-14,19.570000
2021-10-15,19.129999
2021-10-18,19.070000
2021-10-19,19.309999
2021-10-20,19.420000
2021-10-21,19.370001
2021-10-22,19.480000
2021-10-25,19.549999
2021-10-26,19.430000
2021-10-27,19.389999
2021-10-28,18.940001
2021-10-29,18.370001
2021-11-01,18.480000
2021-11-02,18.469999
2021-11-03,18.620001
2021-11-04,18.750000
2021-11-05,19.600000
2021-11-08,19.480000
2021-11-09,19.620001
2021-11-10,20.459999
2021-11-11,20.650000
2021-11-12,20.750000
2021-11-15,20.900000
2021-11-16,20.600000
2021-11-17,20.990000
2021-11-18,20.559999
2021-11-19,20.250000
2021-11-22,19.790001
2021-11-23,19.430000
2021-11-24,19.389999
2021-11-26,19.379999
2021-11-29,19.150000
2021-11-30,18.990000
2021-12-01,18.389999
2021-12-02,18.180000
2021-12-03,18.219999
2021-12-06,18.490000
2021-12-07,18.559999
2021-12-08,18.600000
2021-12-09,18.170000
2021-12-10,17.950001
2021-12-13,17.969999
2021-12-14,17.860001
2021-12-15,17.650000
2021-12-16,18.440001
2021-12-17,18.389999
2021-12-20,18.330000
2021-12-21,18.389999
2021-12-22,18.530001
2021-12-23,18.570000
2021-12-27,18.410000
2021-12-28,18.370001
2021-12-29,18.400000
2021-12-30,18.820000
2021-12-31,19.000000
2022-01-03,18.540001
2022-01-04,18.730000
2022-01-05,18.570000
2022-01-06,18.020000
2022-01-07,18.100000
2022-01-10,18.620001
2022-01-11,18.860001
2022-01-12,19.200001
2022-01-13,18.830000
2022-01-14,18.680000
2022-01-18,18.559999
2022-01-19,20.170000
2022-01-20,19.910000
2022-01-21,19.340000
2022-01-24,19.370001
2022-01-25,19.490000
2022-01-26,19.030001
2022-01-27,18.709999
2022-01-28,18.559999
2022-01-31,19.150000
2022-02-01,19.090000
2022-02-02,19.219999
2022-02-03,19.059999
2022-02-04,19.190001
2022-02-07,19.580000
2022-02-08,19.820000
2022-02-09,19.730000
2022-02-10,19.299999
2022-02-11,20.680000
2022-02-14,21.090000
2022-02-15,20.680000
2022-02-16,22.230000
2022-02-17,23.230000
2022-02-18,23.139999
2022-02-22,22.760000
2022-02-23,22.830000
2022-02-24,22.540001
2022-02-25,22.559999
2022-02-28,22.570000
2022-03-01,23.459999
2022-03-02,23.150000
2022-03-03,23.570000
2022-03-04,24.200001
2022-03-07,24.860001
2022-03-08,25.360001
2022-03-09,24.330000
2022-03-10,24.490000
2022-03-11,24.350000
2022-03-14,23.639999
2022-03-15,23.770000
2022-03-16,23.610001
2022-03-17,24.080000
2022-03-18,23.870001
2022-03-21,24.299999
2022-03-22,24.230000
2022-03-23,24.570000
2022-03-24,24.500000
2022-03-25,24.540001
2022-03-28,24.230000
2022-03-29,24.530001
2022-03-30,24.850000
2022-03-31,24.530001
2022-04-01,24.940001
2022-04-04,24.860001
2022-04-05,24.459999
2022-04-06,24.610001
2022-04-07,24.900000
2022-04-08,25.410000
2022-04-11,25.400000
2022-04-12,25.440001
2022-04-13,25.580000
2022-04-14,25.200001
2022-04-18,25.379999
2022-04-19,25.010000
2022-04-20,25.250000
2022-04-21,24.219999
2022-04-22,23.730000
2022-04-25,22.730000
2022-04-26,22.370001
2022-04-27,22.240000
2022-04-28,22.430000
2022-04-29,22.309999
2022-05-02,22.160000
2022-05-03,22.410000
2022-05-04,23.190001
2022-05-05,22.559999
2022-05-06,22.420000
2022-05-09,21.490000
2022-05-10,21.290001
2022-05-11,21.230000
2022-05-12,20.340000
2022-05-13,20.430000
2022-05-16,20.520000
2022-05-17,20.469999
2022-05-18,19.750000
2022-05-19,20.719999
2022-05-20,20.760000
2022-05-23,20.730000
2022-05-24,21.309999
2022-05-25,21.250000
2022-05-26,20.629999
2022-05-27,20.600000
2022-05-31,20.490000
2022-06-01,20.350000
2022-06-02,20.969999
2022-06-03,20.680000
2022-06-06,20.510000
2022-06-07,20.740000
2022-06-08,20.770000
2022-06-09,20.090000
2022-06-10,21.030001
2022-06-13,20.120001
2022-06-14,19.469999
2022-06-15,19.559999
2022-06-16,20.030001
2022-06-17,19.549999
2022-06-21,19.580000
2022-06-22,19.400000
2022-06-23,18.549999
2022-06-24,18.780001
2022-06-27,19.040001
2022-06-28,18.549999
2022-06-29,18.389999
2022-06-30,17.690001
2022-07-01,18.059999
2022-07-05,17.420000
2022-07-06,17.219999
2022-07-07,17.250000
2022-07-08,17.180000
2022-07-11,16.980000
2022-07-12,16.440001
2022-07-13,16.490000
2022-07-14,15.770000
2022-07-15,15.660000
2022-07-18,15.820000
2022-07-19,16.030001
2022-07-20,15.450000
2022-07-21,15.500000
2022-07-22,15.330000
2022-07-25,14.910000
2022-07-26,15.270000
2022-07-27,15.410000
2022-07-28,15.630000
2022-07-29,15.740000
2022-08-01,15.720000
2022-08-02,15.520000
2022-08-03,15.200000
2022-08-04,15.780000
2022-08-05,15.600000
2022-08-08,16.200001
2022-08-09,16.440001
2022-08-10,16.530001
2022-08-11,16.400000
2022-08-12,16.740000
2022-08-15,16.670000
2022-08-16,16.850000
2022-08-17,16.450001
2022-08-18,16.410000
2022-08-19,16.070000
2022-08-22,16.170000
2022-08-23,16.209999
2022-08-24,16.350000
2022-08-25,16.370001
2022-08-26,15.480000
2022-08-29,15.350000
2022-08-30,14.990000
2022-08-31,14.850000
2022-09-01,14.590000
2022-09-02,14.900000
2022-09-06,14.830000
2022-09-07,15.360000
2022-09-08,15.610000
2022-09-09,15.920000
2022-09-12,15.960000
2022-09-13,15.550000
2022-09-14,15.600000
2022-09-15,15.140000
2022-09-16,15.300000
2022-09-19,15.500000
2022-09-20,15.050000
2022-09-21,15.180000
2022-09-22,15.070000
2022-09-23,14.480000
2022-09-26,14.190000
2022-09-27,14.100000
2022-09-28,14.950000
2022-09-29,15.100000
2022-09-30,15.500000
2022-10-03,15.920000
2022-10-04,16.049999
2022-10-05,15.900000
2022-10-06,16.150000
2022-10-07,15.480000
2022-10-10,15.270000
2022-10-11,15.010000
2022-10-12,15.060000
2022-10-13,14.670000
2022-10-14,14.160000
2022-10-17,14.610000
2022-10-18,14.790000
2022-10-19,14.450000
2022-10-20,14.510000
2022-10-21,15.010000
2022-10-24,15.050000
2022-10-25,15.260000
2022-10-26,15.700000
2022-10-27,15.480000
2022-10-28,15.310000
2022-10-31,15.030000
2022-11-01,15.140000
2022-11-02,14.340000
2022-11-03,13.100000
2022-11-04,14.200000
2022-11-07,14.570000
2022-11-08,15.610000
2022-11-09,15.350000
2022-11-10,16.430000
2022-11-11,16.440001
2022-11-14,16.190001
2022-11-15,16.000000
2022-11-16,15.790000
2022-11-17,15.570000
2022-11-18,15.620000
2022-11-21,15.350000
2022-11-22,16.010000
2022-11-23,16.230000
2022-11-25,16.020000
2022-11-28,15.500000
2022-11-29,15.870000
2022-11-30,16.320000
2022-12-01,17.090000
2022-12-02,16.980000
2022-12-05,16.520000
2022-12-06,16.450001
2022-12-07,16.860001
2022-12-08,16.799999
2022-12-09,16.580000
2022-12-12,16.730000
2022-12-13,17.440001
2022-12-14,17.389999
2022-12-15,16.650000
2022-12-16,16.900000
2022-12-19,16.549999
2022-12-20,17.280001
2022-12-21,17.500000
2022-12-22,17.299999
2022-12-23,17.389999
2022-12-27,17.770000
2022-12-28,17.209999
2022-12-29,17.250000
2022-12-30,17.180000
2023-01-03,17.830000
2023-01-04,18.879999
2023-01-05,18.780001
2023-01-06,19.040001
2023-01-09,18.969999
2023-01-10,19.389999
2023-01-11,19.219999
2023-01-12,19.430000
2023-01-13,19.639999
2023-01-17,18.750000
2023-01-18,18.379999
2023-01-19,18.719999
2023-01-20,18.969999
2023-01-23,19.230000
2023-01-24,19.420000
2023-01-25,19.790001
2023-01-26,19.690001
2023-01-27,19.670000
2023-01-30,19.480000
2023-01-31,19.549999
2023-02-01,19.950001
2023-02-02,19.400000
2023-02-03,18.320000
2023-02-06,18.350000
2023-02-07,18.500000
2023-02-08,18.340000
2023-02-09,17.809999
2023-02-10,17.930000
2023-02-13,17.930000
2023-02-14,17.809999
2023-02-15,17.170000
2023-02-16,16.950001
2023-02-17,16.740000
2023-02-21,16.590000
2023-02-22,16.209999
2023-02-23,16.070000
2023-02-24,16.000000
2023-02-27,15.970000
2023-02-28,16.120001
2023-03-01,16.309999
2023-03-02,16.379999
2023-03-03,16.520000
2023-03-06,16.299999
2023-03-07,15.770000
2023-03-08,15.620000
2023-03-09,15.570000
2023-03-10,15.910000
2023-03-13,17.020000
2023-03-14,17.070000
2023-03-15,17.480000
2023-03-16,17.400000
2023-03-17,18.120001
2023-03-20,18.240000
2023-03-21,17.690001
2023-03-22,18.000000
2023-03-23,18.299999
2023-03-24,18.520000
2023-03-27,18.500000
2023-03-28,18.660000
2023-03-29,18.540001
2023-03-30,18.600000
2023-03-31,18.570000
2023-04-03,18.790001
2023-04-04,19.620001
2023-04-05,19.680000
2023-04-06,19.730000
2023-04-10,19.459999
2023-04-11,19.420000
2023-04-12,19.629999
2023-04-13,20.049999
2023-04-14,19.670000
2023-04-17,19.370001
2023-04-18,19.420000
2023-04-19,19.240000
2023-04-20,19.200001
2023-04-21,19.070000
2023-04-24,19.070000
2023-04-25,19.190001
2023-04-26,18.990000
2023-04-27,19.170000
2023-04-28,19.040001
2023-05-01,19.000000
2023-05-02,19.790001
2023-05-03,19.980000
2023-05-04,20.430000
2023-05-05,20.200001
2023-05-08,19.850000
2023-05-09,19.780001
2023-05-10,19.770000
2023-05-11,19.030001
2023-05-12,19.180000
2023-05-15,19.350000
2023-05-16,18.760000
2023-05-17,18.430000
2023-05-18,17.809999
2023-05-19,17.860001
2023-05-22,17.790001
2023-05-23,17.750000
2023-05-24,17.480000
2023-05-25,17.090000
2023-05-26,16.990000
2023-05-30,16.780001
2023-05-31,16.879999
2023-06-01,17.450001
2023-06-02,17.309999
2023-06-05,17.190001
2023-06-06,17.129999
2023-06-07,16.980000
2023-06-08,17.150000
2023-06-09,17.000000
2023-06-12,16.900000
2023-06-13,16.809999
2023-06-14,16.780001
2023-06-15,16.490000
2023-06-16,16.709999
2023-06-20,16.049999
2023-06-21,16.129999
2023-06-22,16.410000
2023-06-23,16.459999
2023-06-26,16.570000
2023-06-27,16.660000
2023-06-28,16.600000
2023-06-29,16.629999
2023-06-30,16.930000
2023-07-03,17.090000
2023-07-05,16.700001
2023-07-06,16.219999
2023-07-07,16.340000
2023-07-10,16.530001
2023-07-11,16.709999
2023-07-12,17.480000
2023-07-13,17.600000
2023-07-14,17.350000
2023-07-17,17.360001
2023-07-18,17.650000
2023-07-19,17.650000
2023-07-20,17.280001
2023-07-21,17.400000
2023-07-24,17.379999
2023-07-25,17.530001
2023-07-26,17.250000
2023-07-27,16.780001
2023-07-28,16.980000
2023-07-31,17.290001
2023-08-01,17.030001
2023-08-02,16.540001
2023-08-03,16.309999
2023-08-04,16.490000
2023-08-07,16.500000
2023-08-08,16.450001
2023-08-09,16.480000
2023-08-10,16.660000
2023-08-11,16.910000
2023-08-14,16.670000
2023-08-15,16.020000
2023-08-16,15.770000
2023-08-17,15.660000
2023-08-18,15.610000
2023-08-21,15.710000
2023-08-22,15.840000
2023-08-23,16.110001
2023-08-24,15.970000
2023-08-25,15.910000
2023-08-28,16.190001
2023-08-29,16.340000
2023-08-30,16.350000
2023-08-31,16.209999
2023-09-01,16.120001
2023-09-05,15.920000
2023-09-06,15.840000
2023-09-07,15.790000
2023-09-08,15.780000
2023-09-11,16.070000
2023-09-12,16.049999
2023-09-13,16.120001
2023-09-14,16.330000
2023-09-15,16.639999
2023-09-18,16.680000
2023-09-19,16.330000
2023-09-20,16.420000
2023-09-21,16.030001
2023-09-22,15.790000
2023-09-25,15.550000
2023-09-26,15.210000
2023-09-27,14.640000
2023-09-28,14.560000
2023-09-29,14.550000
2023-10-02,14.230000
2023-10-03,14.190000
2023-10-04,14.200000
2023-10-05,14.370000
2023-10-06,14.580000
2023-10-09,14.850000
2023-10-10,14.960000
2023-10-11,15.220000
2023-10-12,15.140000
2023-10-13,15.740000
2023-10-16,15.810000
2023-10-17,16.420000
2023-10-18,16.540001
2023-10-19,16.610001
2023-10-20,16.889999
2023-10-23,16.549999
2023-10-24,16.559999
2023-10-25,16.580000
2023-10-26,16.299999
2023-10-27,16.330000
2023-10-30,16.110001
2023-10-31,15.980000
2023-11-01,16.030001
2023-11-02,16.049999
2023-11-03,16.480000
2023-11-06,16.290001
2023-11-07,15.760000
2023-11-08,15.170000
2023-11-09,15.300000
2023-11-10,15.220000
2023-11-13,15.130000
2023-11-14,15.710000
2023-11-15,15.610000
2023-11-16,15.880000
2023-11-17,15.710000
2023-11-20,15.790000
2023-11-21,16.190001
2023-11-22,16.240000
2023-11-24,16.230000
2023-11-27,16.570000
2023-11-28,17.440001
2023-11-29,17.389999
2023-11-30,17.590000
2023-12-01,17.730000
2023-12-04,17.530001
2023-12-05,17.420000
2023-12-06,17.360001
2023-12-07,17.219999
2023-12-08,16.790001
2023-12-11,16.670000
2023-12-12,16.340000
2023-12-13,17.430000
2023-12-14,17.650000
2023-12-15,17.510000
2023-12-18,17.730000
2023-12-19,18.090000
2023-12-20,17.770000
2023-12-21,17.969999
2023-12-22,18.160000
2023-12-26,18.170000
2023-12-27,18.469999
2023-12-28,18.090000
2023-12-29,18.090000
2024-01-02,17.879999
2024-01-03,17.330000
2024-01-04,17.350000
2024-01-05,17.490000
2024-01-08,17.690001
2024-01-09,17.400000
2024-01-10,17.340000
2024-01-11,17.150000
2024-01-12,17.639999
2024-01-16,15.960000
2024-01-17,15.560000
2024-01-18,15.530000
2024-01-19,15.610000
2024-01-22,15.590000
2024-01-23,15.990000
2024-01-24,15.530000
2024-01-25,15.590000
2024-01-26,15.530000
2024-01-29,15.700000
2024-01-30,15.680000
2024-01-31,15.600000
2024-02-01,15.890000
2024-02-02,15.410000
2024-02-05,15.170000
2024-02-06,15.030000
2024-02-07,14.930000
2024-02-08,14.820000
2024-02-09,14.670000
2024-02-12,14.730000
2024-02-13,14.150000
2024-02-14,14.060000
2024-02-15,14.600000
2024-02-16,14.650000
2024-02-20,14.730000
2024-02-21,14.750000
2024-02-22,14.390000
2024-02-23,14.740000
2024-02-26,14.650000
2024-02-27,14.510000
2024-02-28,14.330000
2024-02-29,14.660000
2024-03-01,14.940000
2024-03-04,15.460000
2024-03-05,15.530000
2024-03-06,15.710000
2024-03-07,15.900000
2024-03-08,15.760000
2024-03-11,15.870000
2024-03-12,15.640000
2024-03-13,15.980000
2024-03-14,15.760000
2024-03-15,15.760000
2024-03-18,15.630000
2024-03-19,15.250000
2024-03-20,15.680000
2024-03-21,15.810000
2024-03-22,15.520000
2024-03-25,15.570000
2024-03-26,15.520000
2024-03-27,16.209999
2024-03-28,16.639999
2024-04-01,16.860001
2024-04-02,17.180000
2024-04-03,17.420000
2024-04-04,17.389999
2024-04-05,17.860001
2024-04-08,17.700001
2024-04-09,18.010000
2024-04-10,17.900000
2024-04-11,18.040001
2024-04-12,17.860001
2024-04-15,17.370001
2024-04-16,16.480000
2024-04-17,16.700001
2024-04-18,16.980000
2024-04-19,17.100000
2024-04-22,16.420000
2024-04-23,16.690001
2024-04-24,16.520000
2024-04-25,17.080000
2024-04-26,17.090000
2024-04-29,17.320000
2024-04-30,16.639999
2024-05-01,16.360001
2024-05-02,16.549999
2024-05-03,16.459999
2024-05-06,16.670000
2024-05-07,16.740000
2024-05-08,16.719999
2024-05-09,17.030001