date, value
1999-05-10,39.843750
1999-05-11,39.937500
1999-05-12,40.250000
1999-05-13,39.562500
1999-05-14,38.437500
1999-05-17,39.562500
1999-05-18,39.343750
1999-05-19,39.656250
1999-05-20,39.218750
1999-05-21,38.781250
1999-05-24,38.625000
1999-05-25,38.125000
1999-05-26,39.250000
1999-05-27,39.187500
1999-05-28,40.343750
1999-06-01,39.250000
1999-06-02,39.218750
1999-06-03,38.187500
1999-06-04,39.781250
1999-06-07,40.125000
1999-06-08,39.687500
1999-06-09,41.156250
1999-06-10,39.937500
1999-06-11,39.062500
1999-06-14,38.781250
1999-06-15,38.843750
1999-06-16,40.500000
1999-06-17,41.437500
1999-06-18,42.500000
1999-06-21,44.468750
1999-06-22,43.250000
1999-06-23,43.000000
1999-06-24,42.312500
1999-06-25,42.468750
1999-06-28,43.375000
1999-06-29,44.000000
1999-06-30,45.093750
1999-07-01,45.593750
1999-07-02,46.000000
1999-07-06,44.781250
1999-07-07,46.156250
1999-07-08,46.281250
1999-07-09,46.625000
1999-07-12,47.093750
1999-07-13,46.812500
1999-07-14,47.468750
1999-07-15,47.187500
1999-07-16,49.718750
1999-07-19,49.187500
1999-07-20,46.656250
1999-07-21,47.343750
1999-07-22,45.531250
1999-07-23,45.125000
1999-07-26,43.812500
1999-07-27,44.406250
1999-07-28,45.000000
1999-07-29,43.468750
1999-07-30,42.906250
1999-08-02,42.406250
1999-08-03,42.375000
1999-08-04,42.468750
1999-08-05,42.875000
1999-08-06,42.562500
1999-08-09,41.906250
1999-08-10,41.468750
1999-08-11,42.093750
1999-08-12,40.875000
1999-08-13,42.343750
1999-08-16,42.156250
1999-08-17,42.281250
1999-08-18,42.500000
1999-08-19,41.906250
1999-08-20,41.687500
1999-08-23,43.218750
1999-08-24,46.093750
1999-08-25,47.656250
1999-08-26,47.312500
1999-08-27,46.625000
1999-08-30,46.125000
1999-08-31,46.281250
1999-09-01,46.187500
1999-09-02,45.906250
1999-09-03,47.937500
1999-09-07,47.125000
1999-09-08,46.125000
1999-09-09,47.031250
1999-09-10,47.500000
1999-09-13,46.937500
1999-09-14,47.531250
1999-09-15,46.312500
1999-09-16,47.000000
1999-09-17,48.218750
1999-09-20,48.781250
1999-09-21,47.312500
1999-09-22,48.031250
1999-09-23,45.593750
1999-09-24,45.468750
1999-09-27,45.718750
1999-09-28,46.062500
1999-09-29,44.750000
1999-09-30,45.281250
1999-10-01,44.992188
1999-10-04,46.281250
1999-10-05,45.906250
1999-10-06,46.843750
1999-10-07,46.875000
1999-10-08,47.468750
1999-10-11,47.156250
1999-10-12,46.281250
1999-10-13,45.531250
1999-10-14,45.343750
1999-10-15,44.031250
1999-10-18,43.937500
1999-10-19,43.156250
1999-10-20,46.125000
1999-10-21,46.531250
1999-10-22,46.343750
1999-10-25,46.218750
1999-10-26,46.187500
1999-10-27,45.437500
1999-10-28,44.937500
1999-10-29,46.281250
1999-11-01,46.187500
1999-11-02,46.281250
1999-11-03,46.000000
1999-11-04,45.875000
1999-11-05,45.781250
1999-11-08,44.968750
1999-11-09,44.437500
1999-11-10,43.562500
1999-11-11,44.812500
1999-11-12,44.593750
1999-11-15,43.500000
1999-11-16,43.656250
1999-11-17,42.500000
1999-11-18,42.468750
1999-11-19,43.000000
1999-11-22,44.906250
1999-11-23,44.812500
1999-11-24,45.843750
1999-11-26,45.562500
1999-11-29,45.093750
1999-11-30,45.523438
1999-12-01,46.593750
1999-12-02,47.406250
1999-12-03,48.062500
1999-12-06,47.718750
1999-12-07,46.500000
1999-12-08,45.875000
1999-12-09,46.375000
1999-12-10,46.937500
1999-12-13,48.312500
1999-12-14,49.343750
1999-12-15,54.218750
1999-12-16,56.843750
1999-12-17,57.625000
1999-12-20,56.375000
1999-12-21,57.937500
1999-12-22,58.781250
1999-12-23,58.718750
1999-12-27,59.562500
1999-12-28,58.750000
1999-12-29,58.968750
1999-12-30,58.812500
1999-12-31,58.375000
2000-01-03,58.281250
2000-01-04,56.312500
2000-01-05,56.906250
2000-01-06,55.000000
2000-01-07,55.718750
2000-01-10,56.125000
2000-01-11,54.687500
2000-01-12,52.906250
2000-01-13,53.906250
2000-01-14,56.125000
2000-01-18,57.656250
2000-01-19,53.500000
2000-01-20,53.000000
2000-01-21,51.875000
2000-01-24,50.625000
2000-01-25,51.406250
2000-01-26,49.687500
2000-01-27,49.375000
2000-01-28,49.125000
2000-01-31,48.937500
2000-02-01,51.468750
2000-02-02,50.406250
2000-02-03,51.812500
2000-02-04,53.281250
2000-02-07,53.312500
2000-02-08,54.968750
2000-02-09,52.000000
2000-02-10,53.000000
2000-02-11,49.968750
2000-02-14,49.812500
2000-02-15,49.281250
2000-02-16,48.812500
2000-02-17,49.812500
2000-02-18,47.531250
2000-02-22,46.906250
2000-02-23,47.125000
2000-02-24,47.375000
2000-02-25,45.656250
2000-02-28,45.781250
2000-02-29,44.687500
2000-03-01,45.406250
2000-03-02,46.687500
2000-03-03,48.062500
2000-03-06,45.312500
2000-03-07,46.437500
2000-03-08,47.781250
2000-03-09,50.000000
2000-03-10,50.500000
2000-03-13,49.000000
2000-03-14,47.562500
2000-03-15,47.687500
2000-03-16,47.687500
2000-03-17,49.687500
2000-03-20,48.687500
2000-03-21,51.375000
2000-03-22,51.625000
2000-03-23,55.937500
2000-03-24,55.843750
2000-03-27,52.031250
2000-03-28,52.156250
2000-03-29,53.593750
2000-03-30,51.687500
2000-03-31,53.125000
2000-04-03,45.437500
2000-04-04,44.281250
2000-04-05,43.187500
2000-04-06,43.000000
2000-04-07,44.531250
2000-04-10,43.031250
2000-04-11,41.937500
2000-04-12,39.687500
2000-04-13,39.625000
2000-04-14,37.062500
2000-04-17,37.937500
2000-04-18,40.281250
2000-04-19,39.343750
2000-04-20,39.468750
2000-04-24,33.312500
2000-04-25,34.687500
2000-04-26,34.000000
2000-04-27,34.906250
2000-04-28,34.875000
2000-05-01,36.718750
2000-05-02,34.937500
2000-05-03,35.281250
2000-05-04,35.218750
2000-05-05,35.562500
2000-05-08,34.906250
2000-05-09,33.906250
2000-05-10,33.093750
2000-05-11,33.937500
2000-05-12,34.406250
2000-05-15,34.687500
2000-05-16,34.750000
2000-05-17,33.843750
2000-05-18,33.093750
2000-05-19,32.531250
2000-05-22,32.093750
2000-05-23,31.593750
2000-05-24,32.781250
2000-05-25,30.750000
2000-05-26,30.718750
2000-05-30,31.687500
2000-05-31,31.281250
2000-06-01,32.281250
2000-06-02,33.156250
2000-06-05,33.437500
2000-06-06,34.812500
2000-06-07,35.250000
2000-06-08,34.406250
2000-06-09,34.406250
2000-06-12,33.437500
2000-06-13,33.937500
2000-06-14,35.250000
2000-06-15,36.187500
2000-06-16,36.281250
2000-06-19,36.843750
2000-06-20,37.468750
2000-06-21,40.343750
2000-06-22,39.937500
2000-06-23,38.843750
2000-06-26,39.750000
2000-06-27,39.406250
2000-06-28,39.468750
2000-06-29,38.593750
2000-06-30,40.000000
2000-07-03,40.000000
2000-07-05,39.250000
2000-07-06,40.468750
2000-07-07,41.000000
2000-07-10,39.718750
2000-07-11,39.562500
2000-07-12,40.156250
2000-07-13,39.968750
2000-07-14,39.468750
2000-07-17,39.093750
2000-07-18,39.250000
2000-07-19,36.562500
2000-07-20,37.406250
2000-07-21,36.156250
2000-07-24,35.281250
2000-07-25,34.500000
2000-07-26,33.906250
2000-07-27,34.687500
2000-07-28,34.843750
2000-07-31,34.906250
2000-08-01,34.343750
2000-08-02,34.687500
2000-08-03,35.125000
2000-08-04,34.562500
2000-08-07,35.000000
2000-08-08,37.062500
2000-08-09,37.125000
2000-08-10,36.312500
2000-08-11,36.218750
2000-08-14,36.093750
2000-08-15,35.812500
2000-08-16,35.500000
2000-08-17,35.781250
2000-08-18,35.500000
2000-08-21,35.312500
2000-08-22,35.625000
2000-08-23,35.375000
2000-08-24,35.562500
2000-08-25,35.312500
2000-08-28,35.656250
2000-08-29,35.468750
2000-08-30,35.000000
2000-08-31,34.906250
2000-09-01,35.093750
2000-09-05,35.062500
2000-09-06,34.718750
2000-09-07,35.031250
2000-09-08,34.656250
2000-09-11,34.406250
2000-09-12,34.062500
2000-09-13,34.125000
2000-09-14,32.906250
2000-09-15,32.093750
2000-09-18,31.500000
2000-09-19,32.500000
2000-09-20,32.125000
2000-09-21,32.093750
2000-09-22,31.625000
2000-09-25,30.625000
2000-09-26,31.343750
2000-09-27,30.312500
2000-09-28,30.656250
2000-09-29,30.156250
2000-10-02,29.562500
2000-10-03,28.281250
2000-10-04,27.718750
2000-10-05,27.687500
2000-10-06,27.781250
2000-10-09,27.093750
2000-10-10,27.281250
2000-10-11,27.875000
2000-10-12,27.187500
2000-10-13,26.875000
2000-10-16,25.187500
2000-10-17,25.218750
2000-10-18,25.875000
2000-10-19,30.937500
2000-10-20,32.593750
2000-10-23,31.062500
2000-10-24,30.750000
2000-10-25,30.625000
2000-10-26,32.218750
2000-10-27,33.843750
2000-10-30,34.531250
2000-10-31,34.437500
2000-11-01,34.812500
2000-11-02,35.156250
2000-11-03,34.125000
2000-11-06,34.750000
2000-11-07,35.250000
2000-11-08,34.718750
2000-11-09,35.437500
2000-11-10,33.687500
2000-11-13,33.218750
2000-11-14,34.406250
2000-11-15,35.031250
2000-11-16,34.468750
2000-11-17,34.531250
2000-11-20,33.593750
2000-11-21,33.875000
2000-11-22,34.125000
2000-11-24,34.968750
2000-11-27,35.343750
2000-11-28,33.500000
2000-11-29,32.531250
2000-11-30,28.687500
2000-12-01,28.312500
2000-12-04,28.218750
2000-12-05,29.937500
2000-12-06,28.343750
2000-12-07,26.562500
2000-12-08,27.218750
2000-12-11,29.031250
2000-12-12,29.187500
2000-12-13,28.625000
2000-12-14,27.750000
2000-12-15,24.593750
2000-12-18,23.906250
2000-12-19,22.406250
2000-12-20,20.750000
2000-12-21,21.718750
2000-12-22,23.218750
2000-12-26,23.437500
2000-12-27,23.218750
2000-12-28,22.281250
2000-12-29,21.687500
2001-01-02,21.687500
2001-01-03,23.968750
2001-01-04,24.218750
2001-01-05,24.562500
2001-01-08,24.468750
2001-01-09,25.906250
2001-01-10,26.437500
2001-01-11,27.500000
2001-01-12,26.750000
2001-01-16,26.281250
2001-01-17,26.468750
2001-01-18,27.750000
2001-01-19,30.500000
2001-01-22,30.062500
2001-01-23,30.281250
2001-01-24,31.468750
2001-01-25,30.906250
2001-01-26,32.000000
2001-01-29,32.250000
2001-01-30,31.687500
2001-01-31,30.531250
2001-02-01,31.187500
2001-02-02,30.406250
2001-02-05,30.968750
2001-02-06,31.281250
2001-02-07,32.343750
2001-02-08,31.125000
2001-02-09,29.562500
2001-02-12,29.375000
2001-02-13,29.093750
2001-02-14,29.187500
2001-02-15,29.406250
2001-02-16,28.656250
2001-02-20,27.937500
2001-02-21,28.125000
2001-02-22,27.593750
2001-02-23,28.375000
2001-02-26,29.781250
2001-02-27,29.687500
2001-02-28,29.500000
2001-03-01,29.679688
2001-03-02,28.343750
2001-03-05,28.718750
2001-03-06,29.718750
2001-03-07,30.343750
2001-03-08,29.625000
2001-03-09,28.343750
2001-03-12,25.968750
2001-03-13,27.093750
2001-03-14,27.000000
2001-03-15,26.843750
2001-03-16,27.281250
2001-03-19,27.156250
2001-03-20,26.343750
2001-03-21,25.031250
2001-03-22,27.000000
2001-03-23,28.281250
2001-03-26,28.031250
2001-03-27,29.125000
2001-03-28,27.781250
2001-03-29,27.687500
2001-03-30,27.343750
2001-04-02,27.906250
2001-04-03,26.687500
2001-04-04,25.968750
2001-04-05,28.375000
2001-04-06,28.093750
2001-04-09,28.575001
2001-04-10,29.840000
2001-04-11,30.020000
2001-04-12,31.090000
2001-04-16,30.395000
2001-04-17,30.740000
2001-04-18,32.715000
2001-04-19,34.020000
2001-04-20,34.500000
2001-04-23,34.125000
2001-04-24,33.775002
2001-04-25,34.845001
2001-04-26,34.564999
2001-04-27,33.560001
2001-04-30,33.875000
2001-05-01,35.084999
2001-05-02,34.880001
2001-05-03,34.264999
2001-05-04,35.375000
2001-05-07,35.689999
2001-05-08,36.029999
2001-05-09,35.200001
2001-05-10,35.000000
2001-05-11,34.700001
2001-05-14,34.360001
2001-05-15,34.134998
2001-05-16,34.580002
2001-05-17,34.084999
2001-05-18,34.044998
2001-05-21,34.395000
2001-05-22,35.154999
2001-05-23,34.849998
2001-05-24,35.860001
2001-05-25,35.455002
2001-05-29,35.169998
2001-05-30,34.595001
2001-05-31,34.590000
2001-06-01,35.169998
2001-06-04,35.389999
2001-06-05,36.299999
2001-06-06,36.180000
2001-06-07,36.840000
2001-06-08,36.595001
2001-06-11,36.060001
2001-06-12,36.040001
2001-06-13,35.345001
2001-06-14,34.450001
2001-06-15,34.009998
2001-06-18,33.439999
2001-06-19,33.660000
2001-06-20,34.705002
2001-06-21,34.919998
2001-06-22,34.415001
2001-06-25,34.424999
2001-06-26,35.070000
2001-06-27,35.570000
2001-06-28,36.369999
2001-06-29,36.500000
2001-07-02,35.299999
2001-07-03,35.235001
2001-07-05,34.255001
2001-07-06,33.029999
2001-07-09,32.845001
2001-07-10,32.240002
2001-07-11,33.250000
2001-07-12,35.799999
2001-07-13,35.669998
2001-07-16,35.590000
2001-07-17,35.910000
2001-07-18,35.285000
2001-07-19,36.285000
2001-07-20,34.590000
2001-07-23,33.544998
2001-07-24,33.160000
2001-07-25,33.740002
2001-07-26,33.294998
2001-07-27,32.735001
2001-07-30,32.900002
2001-07-31,33.095001
2001-08-01,33.235001
2001-08-02,33.724998
2001-08-03,33.445000
2001-08-06,33.064999
2001-08-07,33.174999
2001-08-08,32.430000
2001-08-09,32.505001
2001-08-10,32.759998
2001-08-13,32.915001
2001-08-14,32.345001
2001-08-15,31.600000
2001-08-16,32.310001
2001-08-17,30.940001
2001-08-20,31.350000
2001-08-21,30.389999
2001-08-22,30.330000
2001-08-23,29.559999
2001-08-24,31.025000
2001-08-27,31.155001
2001-08-28,30.370001
2001-08-29,30.125000
2001-08-30,28.469999
2001-08-31,28.525000
2001-09-04,28.049999
2001-09-05,28.870001
2001-09-06,28.010000
2001-09-07,27.700001
2001-09-10,28.790001
2001-09-17,26.455000
2001-09-18,27.160000
2001-09-19,26.934999
2001-09-20,25.379999
2001-09-21,24.855000
2001-09-24,26.004999
2001-09-25,25.650000
2001-09-26,25.135000
2001-09-27,24.980000
2001-09-28,25.584999
2001-10-01,25.895000
2001-10-02,26.525000
2001-10-03,28.115000
2001-10-04,28.219999
2001-10-05,28.860001
2001-10-08,29.020000
2001-10-09,27.280001
2001-10-10,27.754999
2001-10-11,28.160000
2001-10-12,28.190001
2001-10-15,29.030001
2001-10-16,29.225000
2001-10-17,28.014999
2001-10-18,28.375000
2001-10-19,28.950001
2001-10-22,30.080000
2001-10-23,30.215000
2001-10-24,30.660000
2001-10-25,31.280001
2001-10-26,31.100000
2001-10-29,29.820000
2001-10-30,29.440001
2001-10-31,29.075001
2001-11-01,30.920000
2001-11-02,30.700001
2001-11-05,31.635000
2001-11-06,32.389999
2001-11-07,32.125000
2001-11-08,32.209999
2001-11-09,32.605000
2001-11-12,32.895000
2001-11-13,33.950001
2001-11-14,32.974998
2001-11-15,33.060001
2001-11-16,32.875000
2001-11-19,33.270000
2001-11-20,32.700001
2001-11-21,32.025002
2001-11-23,32.355000
2001-11-26,32.570000
2001-11-27,31.870001
2001-11-28,31.400000
2001-11-29,32.419998
2001-11-30,32.105000
2001-12-03,32.384998
2001-12-04,33.000000
2001-12-05,34.049999
2001-12-06,34.325001
2001-12-07,33.915001
2001-12-10,33.529999
2001-12-11,33.660000
2001-12-12,33.974998
2001-12-13,33.134998
2001-12-14,33.720001
2001-12-17,34.490002
2001-12-18,34.634998
2001-12-19,34.744999
2001-12-20,33.380001
2001-12-21,33.770000
2001-12-24,33.634998
2001-12-26,33.840000
2001-12-27,33.924999
2001-12-28,33.935001
2001-12-31,33.125000
2002-01-02,33.520000
2002-01-03,34.615002
2002-01-04,34.450001
2002-01-07,34.279999
2002-01-08,34.689999
2002-01-09,34.355000
2002-01-10,34.639999
2002-01-11,34.305000
2002-01-14,34.235001
2002-01-15,34.775002
2002-01-16,33.935001
2002-01-17,34.930000
2002-01-18,33.049999
2002-01-22,32.230000
2002-01-23,31.870001
2002-01-24,32.299999
2002-01-25,31.900000
2002-01-28,31.910000
2002-01-29,31.160000
2002-01-30,31.424999
2002-01-31,31.855000
2002-02-01,31.330000
2002-02-04,30.559999
2002-02-05,30.575001
2002-02-06,30.200001
2002-02-07,29.900000
2002-02-08,30.325001
2002-02-11,30.565001
2002-02-12,30.070000
2002-02-13,30.910000
2002-02-14,30.840000
2002-02-15,30.115000
2002-02-19,29.465000
2002-02-20,29.950001
2002-02-21,29.025000
2002-02-22,28.995001
2002-02-25,29.540001
2002-02-26,29.275000
2002-02-27,29.195000
2002-02-28,29.170000
2002-03-01,30.684999
2002-03-04,31.650000
2002-03-05,31.540001
2002-03-06,31.815001
2002-03-07,31.360001
2002-03-08,31.975000
2002-03-11,32.169998
2002-03-12,31.270000
2002-03-13,31.049999
2002-03-14,30.610001
2002-03-15,31.245001
2002-03-18,31.070000
2002-03-19,31.115000
2002-03-20,30.049999
2002-03-21,30.680000
2002-03-22,30.225000
2002-03-25,29.615000
2002-03-26,29.540001
2002-03-27,29.719999
2002-03-28,30.155001
2002-04-01,30.190001
2002-04-02,28.639999
2002-04-03,28.165001
2002-04-04,28.225000
2002-04-05,27.934999
2002-04-08,28.610001
2002-04-09,27.434999
2002-04-10,28.150000
2002-04-11,27.395000
2002-04-12,27.965000
2002-04-15,27.844999
2002-04-16,28.905001
2002-04-17,28.315001
2002-04-18,28.184999
2002-04-19,28.600000
2002-04-22,27.795000
2002-04-23,26.995001
2002-04-24,26.510000
2002-04-25,26.865000
2002-04-26,25.750000
2002-04-29,26.120001
2002-04-30,26.129999
2002-05-01,26.375000
2002-05-02,25.605000
2002-05-03,24.780001
2002-05-06,24.309999
2002-05-07,24.735001
2002-05-08,27.485001
2002-05-09,26.059999
2002-05-10,25.025000
2002-05-13,26.344999
2002-05-14,27.440001
2002-05-15,27.375000
2002-05-16,27.870001
2002-05-17,28.014999
2002-05-20,27.004999
2002-05-21,26.094999
2002-05-22,26.844999
2002-05-23,27.410000
2002-05-24,26.629999
2002-05-28,26.160000
2002-05-29,26.025000
2002-05-30,26.320000
2002-05-31,25.455000
2002-06-03,24.709999
2002-06-04,24.990000
2002-06-05,25.830000
2002-06-06,25.950001
2002-06-07,25.990000
2002-06-10,26.410000
2002-06-11,26.285000
2002-06-12,27.770000
2002-06-13,27.110001
2002-06-14,27.625000
2002-06-17,27.840000
2002-06-18,27.995001
2002-06-19,27.180000
2002-06-20,27.049999
2002-06-21,26.139999
2002-06-24,27.080000
2002-06-25,26.475000
2002-06-26,27.065001
2002-06-27,27.459999
2002-06-28,27.350000
2002-07-01,26.330000
2002-07-02,25.719999
2002-07-03,25.920000
2002-07-05,27.424999
2002-07-08,26.459999
2002-07-09,26.605000
2002-07-10,26.120001
2002-07-11,26.455000
2002-07-12,25.930000
2002-07-15,25.900000
2002-07-16,25.625000
2002-07-17,26.000000
2002-07-18,25.555000
2002-07-19,24.780001
2002-07-22,23.754999
2002-07-23,21.504999
2002-07-24,23.115000
2002-07-25,21.415001
2002-07-26,22.674999
2002-07-29,24.125000
2002-07-30,24.049999
2002-07-31,23.990000
2002-08-01,22.875000
2002-08-02,22.205000
2002-08-05,21.995001
2002-08-06,22.834999
2002-08-07,23.545000
2002-08-08,24.455000
2002-08-09,24.059999
2002-08-12,24.235001
2002-08-13,23.530001
2002-08-14,24.855000
2002-08-15,24.885000
2002-08-16,25.000000
2002-08-19,26.000000
2002-08-20,25.520000
2002-08-21,26.139999
2002-08-22,26.615000
2002-08-23,26.110001
2002-08-26,26.049999
2002-08-27,25.420000
2002-08-28,24.690001
2002-08-29,25.290001
2002-08-30,24.540001
2002-09-03,23.510000
2002-09-04,24.105000
2002-09-05,22.955000
2002-09-06,23.910000
2002-09-09,24.350000
2002-09-10,24.895000
2002-09-11,24.290001
2002-09-12,23.575001
2002-09-13,23.955000
2002-09-16,23.889999
2002-09-17,23.645000
2002-09-18,23.875000
2002-09-19,23.600000
2002-09-20,23.730000
2002-09-23,22.615000
2002-09-24,22.820000
2002-09-25,23.254999
2002-09-26,23.100000
2002-09-27,22.625000
2002-09-30,21.870001
2002-10-01,23.115000
2002-10-02,22.805000
2002-10-03,22.400000
2002-10-04,21.885000
2002-10-07,22.025000
2002-10-08,22.495001
2002-10-09,21.995001
2002-10-10,23.190001
2002-10-11,24.434999
2002-10-14,24.645000
2002-10-15,26.145000
2002-10-16,25.205000
2002-10-17,25.385000
2002-10-18,26.575001
2002-10-21,26.254999
2002-10-22,25.834999
2002-10-23,26.600000
2002-10-24,25.615000
2002-10-25,26.340000
2002-10-28,25.975000
2002-10-29,26.035000
2002-10-30,26.555000
2002-10-31,26.735001
2002-11-01,26.500000
2002-11-04,28.049999
2002-11-05,28.340000
2002-11-06,28.514999
2002-11-07,28.004999
2002-11-08,27.549999
2002-11-11,26.930000
2002-11-12,27.254999
2002-11-13,27.680000
2002-11-14,28.495001
2002-11-15,28.344999
2002-11-18,27.924999
2002-11-19,27.430000
2002-11-20,28.309999
2002-11-21,28.920000
2002-11-22,29.110001
2002-11-25,29.115000
2002-11-26,28.450001
2002-11-27,29.040001
2002-11-29,28.840000
2002-12-02,28.844999
2002-12-03,28.355000
2002-12-04,28.270000
2002-12-05,27.670000
2002-12-06,27.735001
2002-12-09,26.764999
2002-12-10,27.004999
2002-12-11,27.330000
2002-12-12,27.084999
2002-12-13,26.250000
2002-12-16,27.240000
2002-12-17,27.180000
2002-12-18,26.764999
2002-12-19,26.555000
2002-12-20,26.520000
2002-12-23,27.000000
2002-12-24,26.910000
2002-12-26,26.695000
2002-12-27,26.485001
2002-12-30,26.375000
2002-12-31,25.850000
2003-01-02,26.860001
2003-01-03,26.895000
2003-01-06,27.385000
2003-01-07,27.900000
2003-01-08,27.120001
2003-01-09,27.905001
2003-01-10,27.959999
2003-01-13,28.195000
2003-01-14,28.485001
2003-01-15,28.135000
2003-01-16,27.674999
2003-01-17,25.730000
2003-01-21,25.665001
2003-01-22,25.500000
2003-01-23,26.139999
2003-01-24,24.924999
2003-01-27,24.584999
2003-01-28,24.410000
2003-01-29,24.955000
2003-01-30,24.120001
2003-01-31,23.730000
2003-02-03,24.280001
2003-02-04,23.660000
2003-02-05,23.480000
2003-02-06,23.709999
2003-02-07,23.290001
2003-02-10,23.690001
2003-02-11,23.219999
2003-02-12,23.219999
2003-02-13,23.495001
2003-02-14,24.150000
2003-02-18,24.959999
2003-02-19,24.530001
2003-02-20,24.139999
2003-02-21,24.629999
2003-02-24,24.070000
2003-02-25,24.190001
2003-02-26,23.610001
2003-02-27,23.580000
2003-02-28,23.700001
2003-03-03,23.540001
2003-03-04,23.070000
2003-03-05,23.440001
2003-03-06,23.270000
2003-03-07,23.559999
2003-03-10,22.950001
2003-03-11,22.799999
2003-03-12,23.389999
2003-03-13,24.670000
2003-03-14,24.860001
2003-03-17,25.930000
2003-03-18,26.040001
2003-03-19,26.320000
2003-03-20,26.250000
2003-03-21,26.570000
2003-03-24,25.290001
2003-03-25,25.490000
2003-03-26,25.250000
2003-03-27,25.040001
2003-03-28,24.670000
2003-03-31,24.209999
2003-04-01,24.350000
2003-04-02,25.719999
2003-04-03,25.730000
2003-04-04,25.090000
2003-04-07,25.170000
2003-04-08,25.580000
2003-04-09,24.570000
2003-04-10,24.590000
2003-04-11,24.200001
2003-04-14,24.760000
2003-04-15,24.600000
2003-04-16,24.920000
2003-04-17,25.500000
2003-04-21,25.209999
2003-04-22,25.760000
2003-04-23,25.719999
2003-04-24,25.490000
2003-04-25,25.219999
2003-04-28,25.740000
2003-04-29,25.799999
2003-04-30,25.570000
2003-05-01,25.719999
2003-05-02,26.100000
2003-05-05,25.860001
2003-05-06,26.370001
2003-05-07,25.990000
2003-05-08,25.740000
2003-05-09,26.360001
2003-05-12,26.200001
2003-05-13,25.990000
2003-05-14,25.620001
2003-05-15,25.790001
2003-05-16,25.570000
2003-05-19,24.760000
2003-05-20,24.629999
2003-05-21,24.030001
2003-05-22,24.160000
2003-05-23,24.219999
2003-05-27,24.790001
2003-05-28,24.410000
2003-05-29,24.400000
2003-05-30,24.610001
2003-06-02,24.639999
2003-06-03,24.879999
2003-06-04,24.870001
2003-06-05,24.090000
2003-06-06,23.670000
2003-06-09,23.750000
2003-06-10,24.680000
2003-06-11,24.879999
2003-06-12,24.990000
2003-06-13,24.650000
2003-06-16,25.389999
2003-06-17,25.959999
2003-06-18,26.070000
2003-06-19,26.070000
2003-06-20,26.330000
2003-06-23,25.780001
2003-06-24,25.700001
2003-06-25,25.260000
2003-06-26,25.750000
2003-06-27,25.629999
2003-06-30,25.639999
2003-07-01,26.150000
2003-07-02,26.879999
2003-07-03,26.500000
2003-07-07,27.420000
2003-07-08,27.700001
2003-07-09,27.469999
2003-07-10,26.910000
2003-07-11,27.309999
2003-07-14,27.400000
2003-07-15,27.270000
2003-07-16,27.520000
2003-07-17,26.690001
2003-07-18,26.889999
2003-07-21,26.040001
2003-07-22,26.379999
2003-07-23,26.450001
2003-07-24,26.000000
2003-07-25,26.889999
2003-07-28,26.610001
2003-07-29,26.469999
2003-07-30,26.230000
2003-07-31,26.410000
2003-08-01,26.170000
2003-08-04,26.180000
2003-08-05,25.660000
2003-08-06,25.650000
2003-08-07,25.709999
2003-08-08,25.580000
2003-08-11,25.610001
2003-08-12,25.730000
2003-08-13,25.600000
2003-08-14,25.629999
2003-08-15,25.540001
2003-08-18,25.700001
2003-08-19,26.620001
2003-08-20,26.450001
2003-08-21,26.240000
2003-08-22,26.219999
2003-08-25,26.500000
2003-08-26,26.570000
2003-08-27,26.420000
2003-08-28,26.510000
2003-08-29,26.520000
2003-09-02,27.260000
2003-09-03,28.299999
2003-09-04,28.430000
2003-09-05,28.379999
2003-09-08,28.840000
2003-09-09,28.370001
2003-09-10,27.549999
2003-09-11,27.840000
2003-09-12,28.340000
2003-09-15,28.360001
2003-09-16,28.900000
2003-09-17,28.500000
2003-09-18,29.500000
2003-09-19,29.959999
2003-09-22,29.070000
2003-09-23,29.600000
2003-09-24,28.459999
2003-09-25,28.240000
2003-09-26,28.190001
2003-09-29,28.830000
2003-09-30,27.799999
2003-10-01,28.520000
2003-10-02,28.500000
2003-10-03,29.080000
2003-10-06,29.190001
2003-10-07,29.139999
2003-10-08,28.820000
2003-10-09,28.940001
2003-10-10,28.910000
2003-10-13,28.780001
2003-10-14,28.680000
2003-10-15,29.070000
2003-10-16,29.230000
2003-10-17,28.930000
2003-10-20,29.350000
2003-10-21,29.350000
2003-10-22,28.889999
2003-10-23,28.910000
2003-10-24,26.610001
2003-10-27,26.910000
2003-10-28,27.200001
2003-10-29,26.740000
2003-10-30,26.120001
2003-10-31,26.139999
2003-11-03,26.680000
2003-11-04,26.070000
2003-11-05,26.100000
2003-11-06,26.230000
2003-11-07,26.100000
2003-11-10,26.000000
2003-11-11,25.799999
2003-11-12,25.980000
2003-11-13,25.690001
2003-11-14,25.500000
2003-11-17,25.150000
2003-11-18,25.150000
2003-11-19,25.350000
2003-11-20,25.100000
2003-11-21,25.110001
2003-11-24,25.730000
2003-11-25,25.400000
2003-11-26,25.450001
2003-11-28,25.709999
2003-12-01,25.840000
2003-12-02,25.660000
2003-12-03,25.670000
2003-12-04,26.200001
2003-12-05,25.980000
2003-12-08,26.240000
2003-12-09,26.379999
2003-12-10,26.590000
2003-12-11,26.610001
2003-12-12,26.650000
2003-12-15,26.740000
2003-12-16,27.059999
2003-12-17,27.040001
2003-12-18,27.400000
2003-12-19,27.360001
2003-12-22,27.180000
2003-12-23,27.150000
2003-12-24,27.040001
2003-12-26,27.209999
2003-12-29,27.459999
2003-12-30,27.520000
2003-12-31,27.370001
2004-01-02,27.450001
2004-01-05,28.139999
2004-01-06,28.240000
2004-01-07,28.209999
2004-01-08,28.160000
2004-01-09,27.660000
2004-01-12,27.570000
2004-01-13,27.430000
2004-01-14,27.700001
2004-01-15,27.540001
2004-01-16,27.809999
2004-01-20,28.100000
2004-01-21,28.299999
2004-01-22,28.010000
2004-01-23,28.480000
2004-01-26,28.799999
2004-01-27,28.250000
2004-01-28,27.709999
2004-01-29,27.910000
2004-01-30,27.650000
2004-02-02,27.400000
2004-02-03,27.290001
2004-02-04,27.010000
2004-02-05,26.959999
2004-02-06,27.080000
2004-02-09,26.900000
2004-02-10,27.020000
2004-02-11,27.150000
2004-02-12,26.950001
2004-02-13,26.590000
2004-02-17,26.990000
2004-02-18,26.770000
2004-02-19,26.459999
2004-02-20,26.570000
2004-02-23,26.610001
2004-02-24,26.879999
2004-02-25,26.700001
2004-02-26,26.500000
2004-02-27,26.530001
2004-03-01,26.700001
2004-03-02,26.389999
2004-03-03,26.370001
2004-03-04,26.370001
2004-03-05,26.350000
2004-03-08,25.830000
2004-03-09,25.719999
2004-03-10,25.370001
2004-03-11,25.090000
2004-03-12,25.379999
2004-03-15,25.160000
2004-03-16,25.180000
2004-03-17,25.129999
2004-03-18,24.889999
2004-03-19,24.629999
2004-03-22,24.500000
2004-03-23,24.150000
2004-03-24,24.410000
2004-03-25,25.190001
2004-03-26,25.030001
2004-03-29,25.309999
2004-03-30,25.200001
2004-03-31,24.930000
2004-04-01,25.080000
2004-04-02,25.850000
2004-04-05,25.950001
2004-04-06,25.799999
2004-04-07,25.590000
2004-04-08,25.480000
2004-04-12,25.610001
2004-04-13,25.450001
2004-04-14,25.510000
2004-04-15,25.219999
2004-04-16,25.160000
2004-04-19,25.530001
2004-04-20,25.330000
2004-04-21,25.450001
2004-04-22,25.950001
2004-04-23,27.540001
2004-04-26,27.240000
2004-04-27,27.219999
2004-04-28,26.559999
2004-04-29,26.480000
2004-04-30,26.129999
2004-05-03,26.350000
2004-05-04,26.330000
2004-05-05,26.299999
2004-05-06,26.120001
2004-05-07,25.780001
2004-05-10,25.930000
2004-05-11,25.940001
2004-05-12,25.940001
2004-05-13,26.100000
2004-05-14,25.860001
2004-05-17,25.540001
2004-05-18,25.830000
2004-05-19,25.620001
2004-05-20,25.730000
2004-05-21,25.889999
2004-05-24,25.760000
2004-05-25,26.100000
2004-05-26,26.139999
2004-05-27,26.190001
2004-05-28,26.230000
2004-06-01,26.110001
2004-06-02,26.129999
2004-06-03,25.889999
2004-06-04,25.950001
2004-06-07,26.430000
2004-06-08,26.600000
2004-06-09,26.469999
2004-06-10,26.770000
2004-06-14,26.900000
2004-06-15,27.410000
2004-06-16,27.320000
2004-06-17,27.770000
2004-06-18,28.350000
2004-06-21,28.350000
2004-06-22,28.290001
2004-06-23,28.299999
2004-06-24,28.389999
2004-06-25,28.570000
2004-06-28,28.280001
2004-06-29,28.500000
2004-06-30,28.559999
2004-07-01,28.629999
2004-07-02,28.570000
2004-07-06,28.020000
2004-07-07,28.100000
2004-07-08,27.639999
2004-07-09,27.860001
2004-07-12,27.889999
2004-07-13,27.600000
2004-07-14,28.129999
2004-07-15,27.870001
2004-07-16,27.480000
2004-07-19,27.950001
2004-07-20,28.320000
2004-07-21,28.860001
2004-07-22,29.000000
2004-07-23,28.030001
2004-07-26,28.660000
2004-07-27,28.440001
2004-07-28,28.580000
2004-07-29,28.480000
2004-07-30,28.490000
2004-08-02,28.520000
2004-08-03,28.070000
2004-08-04,28.059999
2004-08-05,27.530001
2004-08-06,27.139999
2004-08-09,27.180000
2004-08-10,27.719999
2004-08-11,27.410000
2004-08-12,26.879999
2004-08-13,27.020000
2004-08-16,27.090000
2004-08-17,27.049999
2004-08-18,27.459999
2004-08-19,27.120001
2004-08-20,27.200001
2004-08-23,27.240000
2004-08-24,27.240000
2004-08-25,27.549999
2004-08-26,27.440001
2004-08-27,27.459999
2004-08-30,27.299999
2004-08-31,27.299999
2004-09-01,27.389999
2004-09-02,27.620001
2004-09-03,27.110001
2004-09-07,27.360001
2004-09-08,27.260000
2004-09-09,27.280001
2004-09-10,27.490000
2004-09-13,27.250000
2004-09-14,27.440001
2004-09-15,27.190001
2004-09-16,27.260000
2004-09-17,27.510000
2004-09-20,27.510000
2004-09-21,27.260000
2004-09-22,27.120001
2004-09-23,27.350000
2004-09-24,27.290001
2004-09-27,27.190001
2004-09-28,27.270000
2004-09-29,27.580000
2004-09-30,27.650000
2004-10-01,28.250000
2004-10-04,28.120001
2004-10-05,28.379999
2004-10-06,28.530001
2004-10-07,28.170000
2004-10-08,27.990000
2004-10-11,28.059999
2004-10-12,28.030001
2004-10-13,28.030001
2004-10-14,27.799999
2004-10-15,27.990000
2004-10-18,28.410000
2004-10-19,28.180000
2004-10-20,28.700001
2004-10-21,28.559999
2004-10-22,27.740000
2004-10-25,27.629999
2004-10-26,27.900000
2004-10-27,28.150000
2004-10-28,28.010000
2004-10-29,27.969999
2004-11-01,28.080000
2004-11-02,28.240000
2004-11-03,28.469999
2004-11-04,29.000000
2004-11-05,29.309999
2004-11-08,29.280001
2004-11-09,29.770000
2004-11-10,29.730000
2004-11-11,29.980000
2004-11-12,29.969999
2004-11-15,27.389999
2004-11-16,27.120001
2004-11-17,27.170000
2004-11-18,27.070000
2004-11-19,26.860001
2004-11-22,26.650000
2004-11-23,26.530001
2004-11-24,26.639999
2004-11-26,26.600000
2004-11-29,26.770000
2004-11-30,26.809999
2004-12-01,27.250000
2004-12-02,27.090000
2004-12-03,27.230000
2004-12-06,27.330000
2004-12-07,27.070000
2004-12-08,27.360001
2004-12-09,27.230000
2004-12-10,27.080000
2004-12-13,27.250000
2004-12-14,27.230000
2004-12-15,27.110001
2004-12-16,27.160000
2004-12-17,26.959999
2004-12-20,26.950001
2004-12-21,27.070000
2004-12-22,26.969999
2004-12-23,27.010000
2004-12-27,26.850000
2004-12-28,26.950001
2004-12-29,26.900000
2004-12-30,26.760000
2004-12-31,26.719999
2005-01-03,26.740000
2005-01-04,26.840000
2005-01-05,26.780001
2005-01-06,26.750000
2005-01-07,26.670000
2005-01-10,26.799999
2005-01-11,26.730000
2005-01-12,26.780001
2005-01-13,26.270000
2005-01-14,26.120001
2005-01-18,26.320000
2005-01-19,25.980000
2005-01-20,25.860001
2005-01-21,25.650000
2005-01-24,25.670000
2005-01-25,26.020000
2005-01-26,26.010000
2005-01-27,26.110001
2005-01-28,26.180000
2005-01-31,26.280001
2005-02-01,26.389999
2005-02-02,26.459999
2005-02-03,26.180000
2005-02-04,26.320000
2005-02-07,26.160000
2005-02-08,26.240000
2005-02-09,26.070000
2005-02-10,26.059999
2005-02-11,25.969999
2005-02-14,26.010000
2005-02-15,25.930000
2005-02-16,25.790001
2005-02-17,25.650000
2005-02-18,25.480000
2005-02-22,25.230000
2005-02-23,25.200001
2005-02-24,25.370001
2005-02-25,25.250000
2005-02-28,25.160000
2005-03-01,25.280001
2005-03-02,25.260000
2005-03-03,25.170000
2005-03-04,25.170000
2005-03-07,25.469999
2005-03-08,25.400000
2005-03-09,25.309999
2005-03-10,25.430000
2005-03-11,25.090000
2005-03-14,25.110001
2005-03-15,24.910000
2005-03-16,24.629999
2005-03-17,24.540001
2005-03-18,24.309999
2005-03-21,24.200001
2005-03-22,23.990000
2005-03-23,24.180000
2005-03-24,24.280001
2005-03-28,24.200001
2005-03-29,23.920000
2005-03-30,24.160000
2005-03-31,24.170000
2005-04-01,24.120001
2005-04-04,24.230000
2005-04-05,24.469999
2005-04-06,24.670000
2005-04-07,25.100000
2005-04-08,24.940001
2005-04-11,24.969999
2005-04-12,25.320000
2005-04-13,25.040001
2005-04-14,24.840000
2005-04-15,24.459999
2005-04-18,24.650000
2005-04-19,24.629999
2005-04-20,24.320000
2005-04-21,25.280001
2005-04-22,24.980000
2005-04-25,24.990000
2005-04-26,24.760000
2005-04-27,24.990000
2005-04-28,24.450001
2005-04-29,25.299999
2005-05-02,25.230000
2005-05-03,25.360001
2005-05-04,25.209999
2005-05-05,25.230000
2005-05-06,25.219999
2005-05-09,25.110001
2005-05-10,24.900000
2005-05-11,24.910000
2005-05-12,25.000000
2005-05-13,25.299999
2005-05-16,25.490000
2005-05-17,25.459999
2005-05-18,25.700001
2005-05-19,25.920000
2005-05-20,25.740000
2005-05-23,25.850000
2005-05-24,25.750000
2005-05-25,25.709999
2005-05-26,25.900000
2005-05-27,26.070000
2005-05-31,25.799999
2005-06-01,25.809999
2005-06-02,25.790001
2005-06-03,25.430000
2005-06-06,25.370001
2005-06-07,25.510000
2005-06-08,25.400000
2005-06-09,25.510000
2005-06-10,25.430000
2005-06-13,25.309999
2005-06-14,25.360001
2005-06-15,25.260000
2005-06-16,25.040001
2005-06-17,25.040001
2005-06-20,25.110001
2005-06-21,25.150000
2005-06-22,25.070000
2005-06-23,25.309999
2005-06-24,25.040001
2005-06-27,25.049999
2005-06-28,25.070000
2005-06-29,25.090000
2005-06-30,24.840000
2005-07-01,24.709999
2005-07-05,24.980000
2005-07-06,24.700001
2005-07-07,24.650000
2005-07-08,25.090000
2005-07-11,25.290001
2005-07-12,25.610001
2005-07-13,25.660000
2005-07-14,25.969999
2005-07-15,25.790001
2005-07-18,25.549999
2005-07-19,26.160000
2005-07-20,26.190001
2005-07-21,26.440001
2005-07-22,25.680000
2005-07-25,25.690001
2005-07-26,25.540001
2005-07-27,25.719999
2005-07-28,25.750000
2005-07-29,25.610001
2005-08-01,25.920000
2005-08-02,26.809999
2005-08-03,27.250000
2005-08-04,27.320000
2005-08-05,27.760000
2005-08-08,27.129999
2005-08-09,27.350000
2005-08-10,26.950001
2005-08-11,27.270000
2005-08-12,27.049999
2005-08-15,27.129999
2005-08-16,26.740000
2005-08-17,26.950001
2005-08-18,26.820000
2005-08-19,26.719999
2005-08-22,26.910000
2005-08-23,26.870001
2005-08-24,26.809999
2005-08-25,27.030001
2005-08-26,26.969999
2005-08-29,27.150000
2005-08-30,27.180000
2005-08-31,27.379999
2005-09-01,27.200001
2005-09-02,27.020000
2005-09-06,27.000000
2005-09-07,26.850000
2005-09-08,26.610001
2005-09-09,26.580000
2005-09-12,26.610001
2005-09-13,26.480000
2005-09-14,26.309999
2005-09-15,26.270000
2005-09-16,26.070000
2005-09-19,26.000000
2005-09-20,25.840000
2005-09-21,25.490000
2005-09-22,25.340000
2005-09-23,25.270000
2005-09-26,25.270000
2005-09-27,25.340000
2005-09-28,25.670000
2005-09-29,25.940001
2005-09-30,25.730000
2005-10-03,25.500000
2005-10-04,24.980000
2005-10-05,24.670000
2005-10-06,24.730000
2005-10-07,24.590000
2005-10-10,24.459999
2005-10-11,24.410000
2005-10-12,24.299999
2005-10-13,24.590000
2005-10-14,24.670000
2005-10-17,24.530001
2005-10-18,24.570000
2005-10-19,25.090000
2005-10-20,24.790001
2005-10-21,24.780001
2005-10-24,25.100000
2005-10-25,25.030001
2005-10-26,25.110001
2005-10-27,24.850000
2005-10-28,25.530001
2005-10-31,25.700001
2005-11-01,25.959999
2005-11-02,26.459999
2005-11-03,26.440001
2005-11-04,26.660000
2005-11-07,27.010000
2005-11-08,27.049999
2005-11-09,26.959999
2005-11-10,27.090000
2005-11-11,27.280001
2005-11-14,27.370001
2005-11-15,27.500000
2005-11-16,27.740000
2005-11-17,27.969999
2005-11-18,28.070000
2005-11-21,28.160000
2005-11-22,27.910000
2005-11-23,27.920000
2005-11-25,27.760000
2005-11-28,27.750000
2005-11-29,27.680000
2005-11-30,27.680000
2005-12-01,27.889999
2005-12-02,28.010000
2005-12-05,27.850000
2005-12-06,27.690001
2005-12-07,27.750000
2005-12-08,27.690001
2005-12-09,27.709999
2005-12-12,27.450001
2005-12-13,27.129999
2005-12-14,27.090000
2005-12-15,26.920000
2005-12-16,26.900000
2005-12-19,26.830000
2005-12-20,26.860001
2005-12-21,26.730000
2005-12-22,26.590000
2005-12-23,26.639999
2005-12-27,26.459999
2005-12-28,26.389999
2005-12-29,26.270000
2005-12-30,26.150000
2006-01-03,26.840000
2006-01-04,26.969999
2006-01-05,26.990000
2006-01-06,26.910000
2006-01-09,26.860001
2006-01-10,27.000000
2006-01-11,27.290001
2006-01-12,27.139999
2006-01-13,27.190001
2006-01-17,26.990000
2006-01-18,26.830000
2006-01-19,27.020000
2006-01-20,26.410000
2006-01-23,26.350000
2006-01-24,26.280001
2006-01-25,26.400000
2006-01-26,26.500000
2006-01-27,27.790001
2006-01-30,28.000000
2006-01-31,28.150000
2006-02-01,28.040001
2006-02-02,27.680000
2006-02-03,27.540001
2006-02-06,27.170000
2006-02-07,26.940001
2006-02-08,26.910000
2006-02-09,26.660000
2006-02-10,26.690001
2006-02-13,26.389999
2006-02-14,26.650000
2006-02-15,26.879999
2006-02-16,26.809999
2006-02-17,26.700001
2006-02-21,26.540001
2006-02-22,26.719999
2006-02-23,26.660000
2006-02-24,26.629999
2006-02-27,27.049999
2006-02-28,26.870001
2006-03-01,27.139999
2006-03-02,26.969999
2006-03-03,26.930000
2006-03-06,26.910000
2006-03-07,27.059999
2006-03-08,27.250000
2006-03-09,27.000000
2006-03-10,27.170000
2006-03-13,27.110001
2006-03-14,27.230000
2006-03-15,27.360001
2006-03-16,27.270000
2006-03-17,27.500000
2006-03-20,27.889999
2006-03-21,27.740000
2006-03-22,27.150000
2006-03-23,26.850000
2006-03-24,27.010000
2006-03-27,27.010000
2006-03-28,26.900000
2006-03-29,27.020000
2006-03-30,27.230000
2006-03-31,27.209999
2006-04-03,27.559999
2006-04-04,27.639999
2006-04-05,27.740000
2006-04-06,27.559999
2006-04-07,27.250000
2006-04-10,27.290001
2006-04-11,27.129999
2006-04-12,27.200001
2006-04-13,27.070000
2006-04-17,26.840000
2006-04-18,27.219999
2006-04-19,27.030001
2006-04-20,27.030001
2006-04-21,27.150000
2006-04-24,27.110001
2006-04-25,27.110001
2006-04-26,27.100000
2006-04-27,27.250000
2006-04-28,24.150000
2006-05-01,24.290001
2006-05-02,24.010000
2006-05-03,23.170000
2006-05-04,23.440001
2006-05-05,23.799999
2006-05-08,23.730000
2006-05-09,23.620001
2006-05-10,23.770000
2006-05-11,23.219999
2006-05-12,23.170000
2006-05-15,23.150000
2006-05-16,23.010000
2006-05-17,22.730000
2006-05-18,22.830000
2006-05-19,22.559999
2006-05-22,22.879999
2006-05-23,22.790001
2006-05-24,23.500000
2006-05-25,23.740000
2006-05-26,23.719999
2006-05-30,23.150000
2006-05-31,22.650000
2006-06-01,22.820000
2006-06-02,22.760000
2006-06-05,22.500000
2006-06-06,22.129999
2006-06-07,22.040001
2006-06-08,22.110001
2006-06-09,21.920000
2006-06-12,21.709999
2006-06-13,21.510000
2006-06-14,21.879999
2006-06-15,22.070000
2006-06-16,22.100000
2006-06-19,22.549999
2006-06-20,22.559999
2006-06-21,23.080000
2006-06-22,22.879999
2006-06-23,22.500000
2006-06-26,22.820000
2006-06-27,22.860001
2006-06-28,23.160000
2006-06-29,23.469999
2006-06-30,23.299999
2006-07-03,23.700001
2006-07-05,23.350000
2006-07-06,23.480000
2006-07-07,23.299999
2006-07-10,23.500000
2006-07-11,23.100000
2006-07-12,22.639999
2006-07-13,22.260000
2006-07-14,22.290001
2006-07-17,22.480000
2006-07-18,22.740000
2006-07-19,23.400000
2006-07-20,22.850000
2006-07-21,23.870001
2006-07-24,24.000000
2006-07-25,24.219999
2006-07-26,24.370001
2006-07-27,23.870001
2006-07-28,24.250000
2006-07-31,24.059999
2006-08-01,23.990000
2006-08-02,24.299999
2006-08-03,24.209999
2006-08-04,24.290001
2006-08-07,24.219999
2006-08-08,24.340000
2006-08-09,24.440001
2006-08-10,24.459999
2006-08-11,24.430000
2006-08-14,24.530001
2006-08-15,24.620001
2006-08-16,24.700001
2006-08-17,24.700001
2006-08-18,25.790001
2006-08-21,26.120001
2006-08-22,25.620001
2006-08-23,25.670000
2006-08-24,25.740000
2006-08-25,25.850000
2006-08-28,25.950001
2006-08-29,25.840000
2006-08-30,25.799999
2006-08-31,25.700001
2006-09-01,25.840000
2006-09-05,25.610001
2006-09-06,25.610001
2006-09-07,25.430000
2006-09-08,25.600000
2006-09-11,25.910000
2006-09-12,25.930000
2006-09-13,25.980000
2006-09-14,26.330000
2006-09-15,26.850000
2006-09-18,26.790001
2006-09-19,26.860001
2006-09-20,27.180000
2006-09-21,26.900000
2006-09-22,26.660000
2006-09-25,26.950001
2006-09-26,27.200001
2006-09-27,27.440001
2006-09-28,27.400000
2006-09-29,27.350000
2006-10-02,27.360001
2006-10-03,27.370001
2006-10-04,27.940001
2006-10-05,27.920000
2006-10-06,27.870001
2006-10-09,27.719999
2006-10-10,27.690001
2006-10-11,27.540001
2006-10-12,28.219999
2006-10-13,28.370001
2006-10-16,28.450001
2006-10-17,28.440001
2006-10-18,28.520000
2006-10-19,28.290001
2006-10-20,28.430000
2006-10-23,28.450001
2006-10-24,28.280001
2006-10-25,28.309999
2006-10-26,28.350000
2006-10-27,28.340000
2006-10-30,28.530001
2006-10-31,28.709999
2006-11-01,28.809999
2006-11-02,28.770000
2006-11-03,28.730000
2006-11-06,28.840000
2006-11-07,28.950001
2006-11-08,28.980000
2006-11-09,29.260000
2006-11-10,29.240000
2006-11-13,29.350000
2006-11-14,29.230000
2006-11-15,29.120001
2006-11-16,29.469999
2006-11-17,29.400000
2006-11-20,29.889999
2006-11-21,29.920000
2006-11-22,29.920000
2006-11-24,29.760000
2006-11-27,29.480000
2006-11-28,29.389999
2006-11-29,29.570000
2006-11-30,29.360001
2006-12-01,29.120001
2006-12-04,29.330000
2006-12-05,29.129999
2006-12-06,28.990000
2006-12-07,28.850000
2006-12-08,29.400000
2006-12-11,29.540001
2006-12-12,29.430000
2006-12-13,29.549999
2006-12-14,30.070000
2006-12-15,30.190001
2006-12-18,29.889999
2006-12-19,29.990000
2006-12-20,30.090000
2006-12-21,29.980000
2006-12-22,29.639999
2006-12-26,29.990000
2006-12-27,30.020000
2006-12-28,29.980000
2006-12-29,29.860001
2007-01-03,29.860001
2007-01-04,29.809999
2007-01-05,29.639999
2007-01-08,29.930000
2007-01-09,29.959999
2007-01-10,29.660000
2007-01-11,30.700001
2007-01-12,31.209999
2007-01-16,31.160000
2007-01-17,31.100000
2007-01-18,31.000000
2007-01-19,31.110001
2007-01-22,30.719999
2007-01-23,30.740000
2007-01-24,31.090000
2007-01-25,30.450001
2007-01-26,30.600000
2007-01-29,30.530001
2007-01-30,30.480000
2007-01-31,30.860001
2007-02-01,30.559999
2007-02-02,30.190001
2007-02-05,29.610001
2007-02-06,29.510000
2007-02-07,29.370001
2007-02-08,29.260000
2007-02-09,28.980000
2007-02-12,28.940001
2007-02-13,29.010000
2007-02-14,29.400000
2007-02-15,29.459999
2007-02-16,28.740000
2007-02-20,28.830000
2007-02-21,29.350000
2007-02-22,29.389999
2007-02-23,28.900000
2007-02-26,29.070000
2007-02-27,27.870001
2007-02-28,28.170000
2007-03-01,28.090000
2007-03-02,27.760000
2007-03-05,27.549999
2007-03-06,27.830000
2007-03-07,27.610001
2007-03-08,27.320000
2007-03-09,27.290001
2007-03-12,27.440001
2007-03-13,26.719999
2007-03-14,27.400000
2007-03-15,27.280001
2007-03-16,27.330000
2007-03-19,27.830000
2007-03-20,27.840000
2007-03-21,28.520000
2007-03-22,28.270000
2007-03-23,28.020000
2007-03-26,28.219999
2007-03-27,27.719999
2007-03-28,27.639999
2007-03-29,27.750000
2007-03-30,27.870001
2007-04-02,27.740000
2007-04-03,27.870001
2007-04-04,28.500000
2007-04-05,28.549999
2007-04-09,28.570000
2007-04-10,28.400000
2007-04-11,28.110001
2007-04-12,28.540001
2007-04-13,28.610001
2007-04-16,28.730000
2007-04-17,28.850000
2007-04-18,28.600000
2007-04-19,28.690001
2007-04-20,29.020000
2007-04-23,28.780001
2007-04-24,28.790001
2007-04-25,28.990000
2007-04-26,29.100000
2007-04-27,30.120001
2007-04-30,29.940001
2007-05-01,30.400000
2007-05-02,30.610001
2007-05-03,30.969999
2007-05-04,30.559999
2007-05-07,30.709999
2007-05-08,30.750000
2007-05-09,30.780001
2007-05-10,30.580000
2007-05-11,30.889999
2007-05-14,30.969999
2007-05-15,30.900000
2007-05-16,31.070000
2007-05-17,30.980000
2007-05-18,30.830000
2007-05-21,31.049999
2007-05-22,30.690001
2007-05-23,30.580000
2007-05-24,30.170000
2007-05-25,30.480000
2007-05-29,30.790001
2007-05-30,31.110001
2007-05-31,30.690001
2007-06-01,30.590000
2007-06-04,30.719999
2007-06-05,30.580000
2007-06-06,30.290001
2007-06-07,29.620001
2007-06-08,30.049999
2007-06-11,30.020000
2007-06-12,29.850000
2007-06-13,30.389999
2007-06-14,30.520000
2007-06-15,30.490000
2007-06-18,30.510000
2007-06-19,30.459999
2007-06-20,30.010000
2007-06-21,30.219999
2007-06-22,29.490000
2007-06-25,29.490000
2007-06-26,29.520000
2007-06-27,29.870001
2007-06-28,29.830000
2007-06-29,29.469999
2007-07-02,29.740000
2007-07-03,30.020000
2007-07-05,29.990000
2007-07-06,29.969999
2007-07-09,29.870001
2007-07-10,29.330000
2007-07-11,29.490000
2007-07-12,30.070000
2007-07-13,29.820000
2007-07-16,30.030001
2007-07-17,30.780001
2007-07-18,30.920000
2007-07-19,31.510000
2007-07-20,31.160000
2007-07-23,31.190001
2007-07-24,30.799999
2007-07-25,30.709999
2007-07-26,29.980000
2007-07-27,29.389999
2007-07-30,29.400000
2007-07-31,28.990000
2007-08-01,29.299999
2007-08-02,29.520000
2007-08-03,28.959999
2007-08-06,29.540001
2007-08-07,29.549999
2007-08-08,30.000000
2007-08-09,29.299999
2007-08-10,28.709999
2007-08-13,28.629999
2007-08-14,28.270000
2007-08-15,28.100000
2007-08-16,27.809999
2007-08-17,28.250000
2007-08-20,28.260000
2007-08-21,28.070000
2007-08-22,28.219999
2007-08-23,28.299999
2007-08-24,28.809999
2007-08-27,28.490000
2007-08-28,27.930000
2007-08-29,28.590000
2007-08-30,28.450001
2007-08-31,28.730000
2007-09-04,28.809999
2007-09-05,28.480000
2007-09-06,28.910000
2007-09-07,28.440001
2007-09-10,28.480000
2007-09-11,28.930000
2007-09-12,28.930000
2007-09-13,29.160000
2007-09-14,29.040001
2007-09-17,28.730000
2007-09-18,28.930000
2007-09-19,28.670000
2007-09-20,28.420000
2007-09-21,28.650000
2007-09-24,29.080000
2007-09-25,29.559999
2007-09-26,29.500000
2007-09-27,29.490000
2007-09-28,29.459999
2007-10-01,29.770000
2007-10-02,29.700001
2007-10-03,29.450001
2007-10-04,29.709999
2007-10-05,29.840000
2007-10-08,29.840000
2007-10-09,30.100000
2007-10-10,30.230000
2007-10-11,29.910000
2007-10-12,30.170000
2007-10-15,30.040001
2007-10-16,30.320000
2007-10-17,31.080000
2007-10-18,31.160000
2007-10-19,30.170000
2007-10-22,30.510000
2007-10-23,30.900000
2007-10-24,31.250000
2007-10-25,31.990000
2007-10-26,35.029999
2007-10-29,34.570000
2007-10-30,35.570000
2007-10-31,36.810001
2007-11-01,37.060001
2007-11-02,37.060001
2007-11-05,36.730000
2007-11-06,36.410000
2007-11-07,35.520000
2007-11-08,34.740002
2007-11-09,33.730000
2007-11-12,33.380001
2007-11-13,34.459999
2007-11-14,33.930000
2007-11-15,33.759998
2007-11-16,34.090000
2007-11-19,33.959999
2007-11-20,34.580002
2007-11-21,34.230000
2007-11-23,34.110001
2007-11-26,32.970001
2007-11-27,33.060001
2007-11-28,33.700001
2007-11-29,33.590000
2007-11-30,33.599998
2007-12-03,32.919998
2007-12-04,32.770000
2007-12-05,34.150002
2007-12-06,34.549999
2007-12-07,34.529999
2007-12-10,34.759998
2007-12-11,34.099998
2007-12-12,34.470001
2007-12-13,35.220001
2007-12-14,35.310001
2007-12-17,34.389999
2007-12-18,34.740002
2007-12-19,34.790001
2007-12-20,35.520000
2007-12-21,36.060001
2007-12-24,36.580002
2007-12-26,36.610001
2007-12-27,35.970001
2007-12-28,36.119999
2007-12-31,35.599998
2008-01-02,35.220001
2008-01-03,35.369999
2008-01-04,34.380001
2008-01-07,34.610001
2008-01-08,33.450001
2008-01-09,34.439999
2008-01-10,34.330002
2008-01-11,33.910000
2008-01-14,34.389999
2008-01-15,34.000000
2008-01-16,33.230000
2008-01-17,33.110001
2008-01-18,33.009998
2008-01-22,31.959999
2008-01-23,31.930000
2008-01-24,33.250000
2008-01-25,32.939999
2008-01-28,32.720001
2008-01-29,32.599998
2008-01-30,32.200001
2008-01-31,32.599998
2008-02-01,30.450001
2008-02-04,30.190001
2008-02-05,29.070000
2008-02-06,28.520000
2008-02-07,28.120001
2008-02-08,28.559999
2008-02-11,28.209999
2008-02-12,28.340000
2008-02-13,28.959999
2008-02-14,28.500000
2008-02-15,28.420000
2008-02-19,28.170000
2008-02-20,28.219999
2008-02-21,28.100000
2008-02-22,27.680000
2008-02-25,27.840000
2008-02-26,28.379999
2008-02-27,28.260000
2008-02-28,27.930000
2008-02-29,27.200001
2008-03-03,26.990000
2008-03-04,27.590000
2008-03-05,28.120001
2008-03-06,27.570000
2008-03-07,27.870001
2008-03-10,28.049999
2008-03-11,29.280001
2008-03-12,28.629999
2008-03-13,28.620001
2008-03-14,27.959999
2008-03-17,28.299999
2008-03-18,29.420000
2008-03-19,28.620001
2008-03-20,29.180000
2008-03-24,29.170000
2008-03-25,29.139999
2008-03-26,28.559999
2008-03-27,28.049999
2008-03-28,27.910000
2008-03-31,28.379999
2008-04-01,29.500000
2008-04-02,29.160000
2008-04-03,29.000000
2008-04-04,29.160000
2008-04-07,29.160000
2008-04-08,28.750000
2008-04-09,28.889999
2008-04-10,29.110001
2008-04-11,28.280001
2008-04-14,28.059999
2008-04-15,28.250000
2008-04-16,28.950001
2008-04-17,29.219999
2008-04-18,30.000000
2008-04-21,30.420000
2008-04-22,30.250000
2008-04-23,31.450001
2008-04-24,31.799999
2008-04-25,29.830000
2008-04-28,28.990000
2008-04-29,28.639999
2008-04-30,28.520000
2008-05-01,29.400000
2008-05-02,29.240000
2008-05-05,29.080000
2008-05-06,29.700001
2008-05-07,29.209999
2008-05-08,29.270000
2008-05-09,29.389999
2008-05-12,29.990000
2008-05-13,29.780001
2008-05-14,29.930000
2008-05-15,30.450001
2008-05-16,29.990000
2008-05-19,29.459999
2008-05-20,28.760000
2008-05-21,28.250000
2008-05-22,28.469999
2008-05-23,28.049999
2008-05-27,28.440001
2008-05-28,28.180000
2008-05-29,28.309999
2008-05-30,28.320000
2008-06-02,27.799999
2008-06-03,27.309999
2008-06-04,27.540001
2008-06-05,28.299999
2008-06-06,27.490000
2008-06-09,27.709999
2008-06-10,27.889999
2008-06-11,27.120001
2008-06-12,28.240000
2008-06-13,29.070000
2008-06-16,28.930000
2008-06-17,28.799999
2008-06-18,28.459999
2008-06-19,28.930000
2008-06-20,28.230000
2008-06-23,27.969999
2008-06-24,27.730000
2008-06-25,28.350000
2008-06-26,27.750000
2008-06-27,27.629999
2008-06-30,27.510000
2008-07-01,26.870001
2008-07-02,25.879999
2008-07-03,25.980000
2008-07-07,26.030001
2008-07-08,25.850000
2008-07-09,25.230000
2008-07-10,25.450001
2008-07-11,25.250000
2008-07-14,25.150000
2008-07-15,26.150000
2008-07-16,27.260000
2008-07-17,27.520000
2008-07-18,25.860001
2008-07-21,25.639999
2008-07-22,25.799999
2008-07-23,26.430000
2008-07-24,25.440001
2008-07-25,26.160000
2008-07-28,25.500000
2008-07-29,26.110001
2008-07-30,26.230000
2008-07-31,25.719999
2008-08-01,25.440001
2008-08-04,25.280001
2008-08-05,26.209999
2008-08-06,27.020000
2008-08-07,27.389999
2008-08-08,28.129999
2008-08-11,27.900000
2008-08-12,28.120001
2008-08-13,27.910000
2008-08-14,27.910000
2008-08-15,27.809999
2008-08-18,27.690001
2008-08-19,27.320000
2008-08-20,27.290001
2008-08-21,27.180000
2008-08-22,27.840000
2008-08-25,27.660000
2008-08-26,27.270000
2008-08-27,27.559999
2008-08-28,27.940001
2008-08-29,27.290001
2008-09-02,27.100000
2008-09-03,26.900000
2008-09-04,26.350000
2008-09-05,25.650000
2008-09-08,26.120001
2008-09-09,26.100000
2008-09-10,26.440001
2008-09-11,27.340000
2008-09-12,27.620001
2008-09-15,26.820000
2008-09-16,25.990000
2008-09-17,24.570000
2008-09-18,25.260000
2008-09-19,25.160000
2008-09-22,25.400000
2008-09-23,25.440001
2008-09-24,25.719999
2008-09-25,26.610001
2008-09-26,27.400000
2008-09-29,25.010000
2008-09-30,26.690001
2008-10-01,26.480000
2008-10-02,26.250000
2008-10-03,26.320000
2008-10-06,24.910000
2008-10-07,23.230000
2008-10-08,23.010000
2008-10-09,22.299999
2008-10-10,21.500000
2008-10-13,25.500000
2008-10-14,24.100000
2008-10-15,22.660000
2008-10-16,24.190001
2008-10-17,23.930000
2008-10-20,24.719999
2008-10-21,23.360001
2008-10-22,21.530001
2008-10-23,22.320000
2008-10-24,21.959999
2008-10-27,21.180000
2008-10-28,23.100000
2008-10-29,23.000000
2008-10-30,22.629999
2008-10-31,22.330000
2008-11-03,22.620001
2008-11-04,23.530001
2008-11-05,22.080000
2008-11-06,20.879999
2008-11-07,21.500000
2008-11-10,21.299999
2008-11-11,21.200001
2008-11-12,20.299999
2008-11-13,21.250000
2008-11-14,20.059999
2008-11-17,19.320000
2008-11-18,19.620001
2008-11-19,18.290001
2008-11-20,17.530001
2008-11-21,19.680000
2008-11-24,20.690001
2008-11-25,19.990000
2008-11-26,20.490000
2008-11-28,20.219999
2008-12-01,18.610001
2008-12-02,19.150000
2008-12-03,19.870001
2008-12-04,19.110001
2008-12-05,19.870001
2008-12-08,21.010000
2008-12-09,20.600000
2008-12-10,20.610001
2008-12-11,19.450001
2008-12-12,19.360001
2008-12-15,19.040001
2008-12-16,20.110001
2008-12-17,19.660000
2008-12-18,19.299999
2008-12-19,19.120001
2008-12-22,19.180000
2008-12-23,19.280001
2008-12-24,19.170000
2008-12-26,19.129999
2008-12-29,18.959999
2008-12-30,19.340000
2008-12-31,19.440001
2009-01-02,20.330000
2009-01-05,20.520000
2009-01-06,20.760000
2009-01-07,19.510000
2009-01-08,20.120001
2009-01-09,19.520000
2009-01-12,19.469999
2009-01-13,19.820000
2009-01-14,19.090000
2009-01-15,19.240000
2009-01-16,19.709999
2009-01-20,18.480000
2009-01-21,19.379999
2009-01-22,17.110001
2009-01-23,17.200001
2009-01-26,17.629999
2009-01-27,17.660000
2009-01-28,18.040001
2009-01-29,17.590000
2009-01-30,17.100000
2009-02-02,17.830000
2009-02-03,18.500000
2009-02-04,18.629999
2009-02-05,19.040001
2009-02-06,19.660000
2009-02-09,19.440001
2009-02-10,18.799999
2009-02-11,19.209999
2009-02-12,19.260000
2009-02-13,19.090000
2009-02-17,18.090000
2009-02-18,18.120001
2009-02-19,17.910000
2009-02-20,18.000000
2009-02-23,17.209999
2009-02-24,17.170000
2009-02-25,16.959999
2009-02-26,16.420000
2009-02-27,16.150000
2009-03-02,15.790000
2009-03-03,15.880000
2009-03-04,16.120001
2009-03-05,15.270000
2009-03-06,15.280000
2009-03-09,15.150000
2009-03-10,16.480000
2009-03-11,17.110001
2009-03-12,17.010000
2009-03-13,16.650000
2009-03-16,16.250000
2009-03-17,16.900000
2009-03-18,16.959999
2009-03-19,17.139999
2009-03-20,17.059999
2009-03-23,18.330000
2009-03-24,17.930000
2009-03-25,17.879999
2009-03-26,18.830000
2009-03-27,18.129999
2009-03-30,17.480000
2009-03-31,18.370001
2009-04-01,19.309999
2009-04-02,19.290001
2009-04-03,18.750000
2009-04-06,18.760000
2009-04-07,18.760000
2009-04-08,19.190001
2009-04-09,19.670000
2009-04-13,19.590000
2009-04-14,19.350000
2009-04-15,18.830000
2009-04-16,19.760000
2009-04-17,19.200001
2009-04-20,18.610001
2009-04-21,18.969999
2009-04-22,18.780001
2009-04-23,18.920000
2009-04-24,20.910000
2009-04-27,20.400000
2009-04-28,19.930000
2009-04-29,20.250000
2009-04-30,20.260000
2009-05-01,20.240000
2009-05-04,20.190001
2009-05-05,19.790001
2009-05-06,19.790001
2009-05-07,19.320000
2009-05-08,19.420000
2009-05-11,19.320000
2009-05-12,19.889999
2009-05-13,19.750000
2009-05-14,20.059999
2009-05-15,20.219999
2009-05-18,20.600000
2009-05-19,20.309999
2009-05-20,20.379999
2009-05-21,19.820000
2009-05-22,19.750000
2009-05-26,20.340000
2009-05-27,20.129999
2009-05-28,20.450001
2009-05-29,20.889999
2009-06-01,21.400000
2009-06-02,21.400000
2009-06-03,21.730000
2009-06-04,21.830000
2009-06-05,22.139999
2009-06-08,22.049999
2009-06-09,22.080000
2009-06-10,22.549999
2009-06-11,22.830000
2009-06-12,23.330000
2009-06-15,23.420000
2009-06-16,23.450001
2009-06-17,23.680000
2009-06-18,23.500000
2009-06-19,24.070000
2009-06-22,23.280001
2009-06-23,23.340000
2009-06-24,23.469999
2009-06-25,23.790001
2009-06-26,23.350000
2009-06-29,23.860001
2009-06-30,23.770000
2009-07-01,24.040001
2009-07-02,23.370001
2009-07-06,23.200001
2009-07-07,22.530001
2009-07-08,22.559999
2009-07-09,22.440001
2009-07-10,22.389999
2009-07-13,23.230000
2009-07-14,23.110001
2009-07-15,24.120001
2009-07-16,24.440001
2009-07-17,24.290001
2009-07-20,24.530001
2009-07-21,24.830000
2009-07-22,24.799999
2009-07-23,25.559999
2009-07-24,23.450001
2009-07-27,23.110001
2009-07-28,23.469999
2009-07-29,23.799999
2009-07-30,23.809999
2009-07-31,23.520000
2009-08-03,23.830000
2009-08-04,23.770000
2009-08-05,23.809999
2009-08-06,23.459999
2009-08-07,23.559999
2009-08-10,23.420000
2009-08-11,23.129999
2009-08-12,23.530001
2009-08-13,23.620001
2009-08-14,23.690001
2009-08-17,23.250000
2009-08-18,23.580000
2009-08-19,23.650000
2009-08-20,23.670000
2009-08-21,24.410000
2009-08-24,24.639999
2009-08-25,24.639999
2009-08-26,24.549999
2009-08-27,24.690001
2009-08-28,24.680000
2009-08-31,24.650000
2009-09-01,24.000000
2009-09-02,23.860001
2009-09-03,24.110001
2009-09-04,24.620001
2009-09-08,24.820000
2009-09-09,24.780001
2009-09-10,25.000000
2009-09-11,24.860001
2009-09-14,25.000000
2009-09-15,25.200001
2009-09-16,25.200001
2009-09-17,25.299999
2009-09-18,25.260000
2009-09-21,25.299999
2009-09-22,25.770000
2009-09-23,25.709999
2009-09-24,25.940001
2009-09-25,25.549999
2009-09-28,25.830000
2009-09-29,25.750000
2009-09-30,25.719999
2009-10-01,24.879999
2009-10-02,24.959999
2009-10-05,24.639999
2009-10-06,25.110001
2009-10-07,25.100000
2009-10-08,25.670000
2009-10-09,25.549999
2009-10-12,25.719999
2009-10-13,25.809999
2009-10-14,25.959999
2009-10-15,26.709999
2009-10-16,26.500000
2009-10-19,26.360001
2009-10-20,26.370001
2009-10-21,26.580000
2009-10-22,26.590000
2009-10-23,28.020000
2009-10-26,28.680000
2009-10-27,28.590000
2009-10-28,28.020000
2009-10-29,28.219999
2009-10-30,27.730000
2009-11-02,27.879999
2009-11-03,27.530001
2009-11-04,28.059999
2009-11-05,28.469999
2009-11-06,28.520000
2009-11-09,28.990000
2009-11-10,29.010000
2009-11-11,29.120001
2009-11-12,29.360001
2009-11-13,29.629999
2009-11-16,29.540001
2009-11-17,30.000000
2009-11-18,30.110001
2009-11-19,29.780001
2009-11-20,29.620001
2009-11-23,29.940001
2009-11-24,29.910000
2009-11-25,29.790001
2009-11-27,29.219999
2009-11-30,29.410000
2009-12-01,30.010000
2009-12-02,29.780001
2009-12-03,29.830000
2009-12-04,29.980000
2009-12-07,29.790001
2009-12-08,29.570000
2009-12-09,29.709999
2009-12-10,29.870001
2009-12-11,29.850000
2009-12-14,30.110001
2009-12-15,30.020000
2009-12-16,30.100000
2009-12-17,29.600000
2009-12-18,30.360001
2009-12-21,30.520000
2009-12-22,30.820000
2009-12-23,30.920000
2009-12-24,31.000000
2009-12-28,31.170000
2009-12-29,31.389999
2009-12-30,30.959999
2009-12-31,30.480000
2010-01-04,30.950001
2010-01-05,30.959999
2010-01-06,30.770000
2010-01-07,30.450001
2010-01-08,30.660000
2010-01-11,30.270000
2010-01-12,30.070000
2010-01-13,30.350000
2010-01-14,30.959999
2010-01-15,30.860001
2010-01-19,31.100000
2010-01-20,30.590000
2010-01-21,30.010000
2010-01-22,28.959999
2010-01-25,29.320000
2010-01-26,29.500000
2010-01-27,29.670000
2010-01-28,29.160000
2010-01-29,28.180000
2010-02-01,28.410000
2010-02-02,28.459999
2010-02-03,28.629999
2010-02-04,27.840000
2010-02-05,28.020000
2010-02-08,27.719999
2010-02-09,28.010000
2010-02-10,27.990000
2010-02-11,28.120001
2010-02-12,27.930000
2010-02-16,28.350000
2010-02-17,28.590000
2010-02-18,28.969999
2010-02-19,28.770000
2010-02-22,28.730000
2010-02-23,28.330000
2010-02-24,28.629999
2010-02-25,28.600000
2010-02-26,28.670000
2010-03-01,29.020000
2010-03-02,28.459999
2010-03-03,28.459999
2010-03-04,28.629999
2010-03-05,28.590000
2010-03-08,28.629999
2010-03-09,28.799999
2010-03-10,28.969999
2010-03-11,29.180000
2010-03-12,29.270000
2010-03-15,29.290001
2010-03-16,29.370001
2010-03-17,29.629999
2010-03-18,29.610001
2010-03-19,29.590000
2010-03-22,29.600000
2010-03-23,29.879999
2010-03-24,29.650000
2010-03-25,30.010000
2010-03-26,29.660000
2010-03-29,29.590000
2010-03-30,29.770000
2010-03-31,29.290001
2010-04-01,29.160000
2010-04-05,29.270000
2010-04-06,29.320000
2010-04-07,29.350000
2010-04-08,29.920000
2010-04-09,30.340000
2010-04-12,30.320000
2010-04-13,30.450001
2010-04-14,30.820000
2010-04-15,30.870001
2010-04-16,30.670000
2010-04-19,31.040001
2010-04-20,31.360001
2010-04-21,31.330000
2010-04-22,31.389999
2010-04-23,30.959999
2010-04-26,31.110001
2010-04-27,30.850000
2010-04-28,30.910000
2010-04-29,31.000000
2010-04-30,30.540001
2010-05-03,30.860001
2010-05-04,30.129999
2010-05-05,29.850000
2010-05-06,28.980000
2010-05-07,28.209999
2010-05-10,28.940001
2010-05-11,28.879999
2010-05-12,29.440001
2010-05-13,29.240000
2010-05-14,28.930000
2010-05-17,28.940001
2010-05-18,28.600000
2010-05-19,28.240000
2010-05-20,27.110001
2010-05-21,26.840000
2010-05-24,26.270000
2010-05-25,26.070000
2010-05-26,25.010000
2010-05-27,26.000000
2010-05-28,25.799999
2010-06-01,25.889999
2010-06-02,26.459999
2010-06-03,26.860001
2010-06-04,25.790001
2010-06-07,25.290001
2010-06-08,25.110001
2010-06-09,24.790001
2010-06-10,25.000000
2010-06-11,25.660000
2010-06-14,25.500000
2010-06-15,26.580000
2010-06-16,26.320000
2010-06-17,26.370001
2010-06-18,26.440001
2010-06-21,25.950001
2010-06-22,25.770000
2010-06-23,25.309999
2010-06-24,25.000000
2010-06-25,24.530001
2010-06-28,24.309999
2010-06-29,23.309999
2010-06-30,23.010000
2010-07-01,23.160000
2010-07-02,23.270000
2010-07-06,23.820000
2010-07-07,24.299999
2010-07-08,24.410000
2010-07-09,24.270000
2010-07-12,24.830000
2010-07-13,25.129999
2010-07-14,25.440001
2010-07-15,25.510000
2010-07-16,24.889999
2010-07-19,25.230000
2010-07-20,25.480000
2010-07-21,25.120001
2010-07-22,25.840000
2010-07-23,25.809999
2010-07-26,26.100000
2010-07-27,26.160000
2010-07-28,25.950001
2010-07-29,26.030001
2010-07-30,25.809999
2010-08-02,26.330000
2010-08-03,26.160000
2010-08-04,25.730000
2010-08-05,25.370001
2010-08-06,25.549999
2010-08-09,25.610001
2010-08-10,25.070000
2010-08-11,24.860001
2010-08-12,24.490000
2010-08-13,24.400000
2010-08-16,24.500000
2010-08-17,24.709999
2010-08-18,24.820000
2010-08-19,24.440001
2010-08-20,24.230000
2010-08-23,24.280001
2010-08-24,24.040001
2010-08-25,24.100000
2010-08-26,23.820000
2010-08-27,23.930000
2010-08-30,23.639999
2010-08-31,23.469999
2010-09-01,23.900000
2010-09-02,23.940001
2010-09-03,24.290001
2010-09-07,23.959999
2010-09-08,23.930000
2010-09-09,24.010000
2010-09-10,23.850000
2010-09-13,25.110001
2010-09-14,25.030001
2010-09-15,25.120001
2010-09-16,25.330000
2010-09-17,25.219999
2010-09-20,25.430000
2010-09-21,25.150000
2010-09-22,24.610001
2010-09-23,24.430000
2010-09-24,24.780001
2010-09-27,24.730000
2010-09-28,24.680000
2010-09-29,24.500000
2010-09-30,24.490000
2010-10-01,24.379999
2010-10-04,23.910000
2010-10-05,24.350000
2010-10-06,24.430000
2010-10-07,24.530001
2010-10-08,24.570000
2010-10-11,24.590000
2010-10-12,24.830000
2010-10-13,25.340000
2010-10-14,25.230000
2010-10-15,25.540001
2010-10-18,25.820000
2010-10-19,25.100000
2010-10-20,25.309999
2010-10-21,25.420000
2010-10-22,25.379999
2010-10-25,25.190001
2010-10-26,25.900000
2010-10-27,26.049999
2010-10-28,26.280001
2010-10-29,26.670000
2010-11-01,26.950001
2010-11-02,27.389999
2010-11-03,27.030001
2010-11-04,27.139999
2010-11-05,26.850000
2010-11-08,26.809999
2010-11-09,26.950001
2010-11-10,26.940001
2010-11-11,26.680000
2010-11-12,26.270000
2010-11-15,26.200001
2010-11-16,25.809999
2010-11-17,25.570000
2010-11-18,25.840000
2010-11-19,25.690001
2010-11-22,25.730000
2010-11-23,25.120001
2010-11-24,25.370001
2010-11-26,25.250000
2010-11-29,25.309999
2010-11-30,25.260000
2010-12-01,26.040001
2010-12-02,26.889999
2010-12-03,27.020000
2010-12-06,26.840000
2010-12-07,26.870001
2010-12-08,27.230000
2010-12-09,27.080000
2010-12-10,27.340000
2010-12-13,27.250000
2010-12-14,27.620001
2010-12-15,27.850000
2010-12-16,27.990000
2010-12-17,27.900000
2010-12-20,27.809999
2010-12-21,28.070000
2010-12-22,28.190001
2010-12-23,28.299999
2010-12-27,28.070000
2010-12-28,28.010000
2010-12-29,27.969999
2010-12-30,27.850000
2010-12-31,27.910000
2011-01-03,27.980000
2011-01-04,28.090000
2011-01-05,28.000000
2011-01-06,28.820000
2011-01-07,28.600000
2011-01-10,28.219999
2011-01-11,28.110001
2011-01-12,28.549999
2011-01-13,28.190001
2011-01-14,28.299999
2011-01-18,28.660000
2011-01-19,28.469999
2011-01-20,28.350000
2011-01-21,28.020000
2011-01-24,28.379999
2011-01-25,28.450001
2011-01-26,28.780001
2011-01-27,28.870001
2011-01-28,27.750000
2011-01-31,27.730000
2011-02-01,27.990000
2011-02-02,27.940001
2011-02-03,27.650000
2011-02-04,27.770000
2011-02-07,28.200001
2011-02-08,28.280001
2011-02-09,27.969999
2011-02-10,27.500000
2011-02-11,27.250000
2011-02-14,27.230000
2011-02-15,26.959999
2011-02-16,27.020000
2011-02-17,27.209999
2011-02-18,27.059999
2011-02-22,26.590000
2011-02-23,26.590000
2011-02-24,26.770000
2011-02-25,26.549999
2011-02-28,26.580000
2011-03-01,26.160000
2011-03-02,26.080000
2011-03-03,26.200001
2011-03-04,25.950001
2011-03-07,25.719999
2011-03-08,25.910000
2011-03-09,25.889999
2011-03-10,25.410000
2011-03-11,25.680000
2011-03-14,25.690001
2011-03-15,25.389999
2011-03-16,24.790001
2011-03-17,24.780001
2011-03-18,24.799999
2011-03-21,25.330000
2011-03-22,25.299999
2011-03-23,25.540001
2011-03-24,25.809999
2011-03-25,25.620001
2011-03-28,25.410000
2011-03-29,25.490000
2011-03-30,25.610001
2011-03-31,25.389999
2011-04-01,25.480000
2011-04-04,25.549999
2011-04-05,25.780001
2011-04-06,26.150000
2011-04-07,26.200001
2011-04-08,26.070000
2011-04-11,25.980000
2011-04-12,25.639999
2011-04-13,25.629999
2011-04-14,25.420000
2011-04-15,25.370001
2011-04-18,25.080000
2011-04-19,25.150000
2011-04-20,25.760000
2011-04-21,25.520000
2011-04-25,25.610001
2011-04-26,26.190001
2011-04-27,26.379999
2011-04-28,26.709999
2011-04-29,25.920000
2011-05-02,25.660000
2011-05-03,25.809999
2011-05-04,26.059999
2011-05-05,25.790001
2011-05-06,25.870001
2011-05-09,25.830000
2011-05-10,25.670000
2011-05-11,25.360001
2011-05-12,25.320000
2011-05-13,25.030001
2011-05-16,24.570000
2011-05-17,24.520000
2011-05-18,24.690001
2011-05-19,24.719999
2011-05-20,24.490000
2011-05-23,24.170000
2011-05-24,24.150000
2011-05-25,24.190001
2011-05-26,24.670000
2011-05-27,24.760000
2011-05-31,25.010000
2011-06-01,24.430000
2011-06-02,24.219999
2011-06-03,23.910000
2011-06-06,24.010000
2011-06-07,24.059999
2011-06-08,23.940001
2011-06-09,23.959999
2011-06-10,23.709999
2011-06-13,24.040001
2011-06-14,24.219999
2011-06-15,23.740000
2011-06-16,24.000000
2011-06-17,24.260000
2011-06-20,24.469999
2011-06-21,24.760000
2011-06-22,24.650000
2011-06-23,24.629999
2011-06-24,24.299999
2011-06-27,25.200001
2011-06-28,25.799999
2011-06-29,25.620001
2011-06-30,26.000000
2011-07-01,26.020000
2011-07-05,26.030001
2011-07-06,26.330000
2011-07-07,26.770000
2011-07-08,26.920000
2011-07-11,26.629999
2011-07-12,26.540001
2011-07-13,26.629999
2011-07-14,26.469999
2011-07-15,26.780001
2011-07-18,26.590000
2011-07-19,27.540001
2011-07-20,27.059999
2011-07-21,27.100000
2011-07-22,27.530001
2011-07-25,27.910000
2011-07-26,28.080000
2011-07-27,27.330000
2011-07-28,27.719999
2011-07-29,27.400000
2011-08-01,27.270000
2011-08-02,26.799999
2011-08-03,26.920000
2011-08-04,25.940001
2011-08-05,25.680000
2011-08-08,24.480000
2011-08-09,25.580000
2011-08-10,24.200001
2011-08-11,25.190001
2011-08-12,25.100000
2011-08-15,25.510000
2011-08-16,25.350000
2011-08-17,25.250000
2011-08-18,24.670000
2011-08-19,24.049999
2011-08-22,23.980000
2011-08-23,24.719999
2011-08-24,24.900000
2011-08-25,24.570000
2011-08-26,25.250000
2011-08-29,25.840000
2011-08-30,26.230000
2011-08-31,26.600000
2011-09-01,26.209999
2011-09-02,25.799999
2011-09-06,25.510000
2011-09-07,26.000000
2011-09-08,26.219999
2011-09-09,25.740000
2011-09-12,25.889999
2011-09-13,26.040001
2011-09-14,26.500000
2011-09-15,26.990000
2011-09-16,27.120001
2011-09-19,27.209999
2011-09-20,26.980000
2011-09-21,25.990000
2011-09-22,25.059999
2011-09-23,25.059999
2011-09-26,25.440001
2011-09-27,25.670000
2011-09-28,25.580000
2011-09-29,25.450001
2011-09-30,24.889999
2011-10-03,24.530001
2011-10-04,25.340000
2011-10-05,25.889999
2011-10-06,26.340000
2011-10-07,26.250000
2011-10-10,26.940001
2011-10-11,27.000000
2011-10-12,26.959999
2011-10-13,27.180000
2011-10-14,27.270000
2011-10-17,26.980000
2011-10-18,27.309999
2011-10-19,27.129999
2011-10-20,27.040001
2011-10-21,27.160000
2011-10-24,27.190001
2011-10-25,26.809999
2011-10-26,26.590000
2011-10-27,27.250000
2011-10-28,26.980000
2011-10-31,26.629999
2011-11-01,25.990000
2011-11-02,26.010000
2011-11-03,26.530001
2011-11-04,26.250000
2011-11-07,26.799999
2011-11-08,27.160000
2011-11-09,26.200001
2011-11-10,26.280001
2011-11-11,26.910000
2011-11-14,26.760000
2011-11-15,26.740000
2011-11-16,26.070000
2011-11-17,25.540001
2011-11-18,25.299999
2011-11-21,25.000000
2011-11-22,24.790001
2011-11-23,24.469999
2011-11-25,24.299999
2011-11-28,24.870001
2011-11-29,24.840000
2011-11-30,25.580000
2011-12-01,25.280001
2011-12-02,25.219999
2011-12-05,25.700001
2011-12-06,25.660000
2011-12-07,25.600000
2011-12-08,25.400000
2011-12-09,25.700001
2011-12-12,25.510000
2011-12-13,25.760000
2011-12-14,25.590000
2011-12-15,25.559999
2011-12-16,26.000000
2011-12-19,25.530001
2011-12-20,26.030001
2011-12-21,25.760000
2011-12-22,25.809999
2011-12-23,26.030001
2011-12-27,26.040001
2011-12-28,25.820000
2011-12-29,26.020000
2011-12-30,25.959999
2012-01-03,26.770000
2012-01-04,27.400000
2012-01-05,27.680000
2012-01-06,28.110001
2012-01-09,27.740000
2012-01-10,27.840000
2012-01-11,27.719999
2012-01-12,28.000000
2012-01-13,28.250000
2012-01-17,28.260000
2012-01-18,28.230000
2012-01-19,28.120001
2012-01-20,29.709999
2012-01-23,29.730000
2012-01-24,29.340000
2012-01-25,29.559999
2012-01-26,29.500000
2012-01-27,29.230000
2012-01-30,29.610001
2012-01-31,29.530001
2012-02-01,29.889999
2012-02-02,29.950001
2012-02-03,30.240000
2012-02-06,30.200001
2012-02-07,30.350000
2012-02-08,30.660000
2012-02-09,30.770000
2012-02-10,30.500000
2012-02-13,30.580000
2012-02-14,30.250000
2012-02-15,30.049999
2012-02-16,31.290001
2012-02-17,31.250000
2012-02-21,31.440001
2012-02-22,31.270000
2012-02-23,31.370001
2012-02-24,31.480000
2012-02-27,31.350000
2012-02-28,31.870001
2012-02-29,31.740000
2012-03-01,32.290001
2012-03-02,32.080002
2012-03-05,31.799999
2012-03-06,31.559999
2012-03-07,31.840000
2012-03-08,32.009998
2012-03-09,31.990000
2012-03-12,32.040001
2012-03-13,32.669998
2012-03-14,32.770000
2012-03-15,32.849998
2012-03-16,32.599998
2012-03-19,32.200001
2012-03-20,31.990000
2012-03-21,31.910000
2012-03-22,32.000000
2012-03-23,32.009998
2012-03-26,32.590000
2012-03-27,32.520000
2012-03-28,32.189999
2012-03-29,32.119999
2012-03-30,32.259998
2012-04-02,32.290001
2012-04-03,31.940001
2012-04-04,31.209999
2012-04-05,31.520000
2012-04-09,31.100000
2012-04-10,30.469999
2012-04-11,30.350000
2012-04-12,30.980000
2012-04-13,30.809999
2012-04-16,31.080000
2012-04-17,31.440001
2012-04-18,31.139999
2012-04-19,31.010000
2012-04-20,32.419998
2012-04-23,32.119999
2012-04-24,31.920000
2012-04-25,32.200001
2012-04-26,32.110001
2012-04-27,31.980000
2012-04-30,32.020000
2012-05-01,32.009998
2012-05-02,31.799999
2012-05-03,31.760000
2012-05-04,30.980000
2012-05-07,30.650000
2012-05-08,30.500000
2012-05-09,30.760000
2012-05-10,30.740000
2012-05-11,31.160000
2012-05-14,30.680000
2012-05-15,30.209999
2012-05-16,29.900000
2012-05-17,29.719999
2012-05-18,29.270000
2012-05-21,29.750000
2012-05-22,29.760000
2012-05-23,29.110001
2012-05-24,29.070000
2012-05-25,29.059999
2012-05-29,29.559999
2012-05-30,29.340000
2012-05-31,29.190001
2012-06-01,28.450001
2012-06-04,28.549999
2012-06-05,28.510000
2012-06-06,29.350000
2012-06-07,29.230000
2012-06-08,29.650000
2012-06-11,28.900000
2012-06-12,29.290001
2012-06-13,29.129999
2012-06-14,29.340000
2012-06-15,30.020000
2012-06-18,29.840000
2012-06-19,30.700001
2012-06-20,30.930000
2012-06-21,30.139999
2012-06-22,30.700001
2012-06-25,29.870001
2012-06-26,30.020000
2012-06-27,30.170000
2012-06-28,29.910000
2012-06-29,30.590000
2012-07-02,30.559999
2012-07-03,30.760000
2012-07-05,30.700001
2012-07-06,30.190001
2012-07-09,30.000000
2012-07-10,29.740000
2012-07-11,29.299999
2012-07-12,28.629999
2012-07-13,29.389999
2012-07-16,29.440001
2012-07-17,29.660000
2012-07-18,30.450001
2012-07-19,30.670000
2012-07-20,30.120001
2012-07-23,29.280001
2012-07-24,29.150000
2012-07-25,28.830000
2012-07-26,29.160000
2012-07-27,29.760000
2012-07-30,29.639999
2012-07-31,29.469999
2012-08-01,29.410000
2012-08-02,29.190001
2012-08-03,29.750000
2012-08-06,29.950001
2012-08-07,30.260000
2012-08-08,30.330000
2012-08-09,30.500000
2012-08-10,30.420000
2012-08-13,30.389999
2012-08-14,30.129999
2012-08-15,30.200001
2012-08-16,30.780001
2012-08-17,30.900000
2012-08-20,30.740000
2012-08-21,30.799999
2012-08-22,30.540001
2012-08-23,30.260000
2012-08-24,30.559999
2012-08-27,30.690001
2012-08-28,30.629999
2012-08-29,30.650000
2012-08-30,30.320000
2012-08-31,30.820000
2012-09-04,30.389999
2012-09-05,30.389999
2012-09-06,31.350000
2012-09-07,30.950001
2012-09-10,30.719999
2012-09-11,30.790001
2012-09-12,30.780001
2012-09-13,30.940001
2012-09-14,31.209999
2012-09-17,31.209999
2012-09-18,31.180000
2012-09-19,31.049999
2012-09-20,31.450001
2012-09-21,31.190001
2012-09-24,30.780001
2012-09-25,30.389999
2012-09-26,30.170000
2012-09-27,30.160000
2012-09-28,29.760000
2012-10-01,29.490000
2012-10-02,29.660000
2012-10-03,29.860001
2012-10-04,30.030001
2012-10-05,29.850000
2012-10-08,29.780001
2012-10-09,29.280001
2012-10-10,28.980000
2012-10-11,28.950001
2012-10-12,29.200001
2012-10-15,29.510000
2012-10-16,29.490000
2012-10-17,29.590000
2012-10-18,29.500000
2012-10-19,28.639999
2012-10-22,28.000000
2012-10-23,28.049999
2012-10-24,27.900000
2012-10-25,27.879999
2012-10-26,28.209999
2012-10-31,28.540001
2012-11-01,29.520000
2012-11-02,29.500000
2012-11-05,29.629999
2012-11-06,29.860001
2012-11-07,29.080000
2012-11-08,28.809999
2012-11-09,28.830000
2012-11-12,28.219999
2012-11-13,27.090000
2012-11-14,26.840000
2012-11-15,26.660000
2012-11-16,26.520000
2012-11-19,26.730000
2012-11-20,26.709999
2012-11-21,26.950001
2012-11-23,27.700001
2012-11-26,27.389999
2012-11-27,27.080000
2012-11-28,27.360001
2012-11-29,26.950001
2012-11-30,26.620001
2012-12-03,26.430000
2012-12-04,26.370001
2012-12-05,26.670000
2012-12-06,26.730000
2012-12-07,26.459999
2012-12-10,26.940001
2012-12-11,27.320000
2012-12-12,27.240000
2012-12-13,27.110001
2012-12-14,26.809999
2012-12-17,27.100000
2012-12-18,27.559999
2012-12-19,27.309999
2012-12-20,27.680000
2012-12-21,27.450001
2012-12-24,27.059999
2012-12-26,26.860001
2012-12-27,26.959999
2012-12-28,26.549999
2012-12-31,26.709999
2013-01-02,27.620001
2013-01-03,27.250000
2013-01-04,26.740000
2013-01-07,26.690001
2013-01-08,26.549999
2013-01-09,26.700001
2013-01-10,26.459999
2013-01-11,26.830000
2013-01-14,26.889999
2013-01-15,27.209999
2013-01-16,27.040001
2013-01-17,27.250000
2013-01-18,27.250000
2013-01-22,27.150000
2013-01-23,27.610001
2013-01-24,27.629999
2013-01-25,27.879999
2013-01-28,27.910000
2013-01-29,28.010000
2013-01-30,27.850000
2013-01-31,27.450001
2013-02-01,27.930000
2013-02-04,27.440001
2013-02-05,27.500000
2013-02-06,27.340000
2013-02-07,27.280001
2013-02-08,27.549999
2013-02-11,27.860001
2013-02-12,27.879999
2013-02-13,28.030001
2013-02-14,28.040001
2013-02-15,28.010000
2013-02-19,28.049999
2013-02-20,27.870001
2013-02-21,27.490000
2013-02-22,27.760000
2013-02-25,27.370001
2013-02-26,27.370001
2013-02-27,27.809999
2013-02-28,27.799999
2013-03-01,27.950001
2013-03-04,28.150000
2013-03-05,28.350000
2013-03-06,28.090000
2013-03-07,28.139999
2013-03-08,28.000000
2013-03-11,27.870001
2013-03-12,27.910000
2013-03-13,27.920000
2013-03-14,28.139999
2013-03-15,28.040001
2013-03-18,28.100000
2013-03-19,28.180000
2013-03-20,28.320000
2013-03-21,28.110001
2013-03-22,28.250000
2013-03-25,28.160000
2013-03-26,28.160000
2013-03-27,28.370001
2013-03-28,28.610001
2013-04-01,28.610001
2013-04-02,28.799999
2013-04-03,28.559999
2013-04-04,28.600000
2013-04-05,28.700001
2013-04-08,28.590000
2013-04-09,29.610001
2013-04-10,30.280001
2013-04-11,28.940001
2013-04-12,28.790001
2013-04-15,28.690001
2013-04-16,28.969999
2013-04-17,28.830000
2013-04-18,28.790001
2013-04-19,29.770000
2013-04-22,30.830000
2013-04-23,30.600000
2013-04-24,31.760000
2013-04-25,31.940001
2013-04-26,31.790001
2013-04-29,32.610001
2013-04-30,33.099998
2013-05-01,32.720001
2013-05-02,33.160000
2013-05-03,33.490002
2013-05-06,33.750000
2013-05-07,33.310001
2013-05-08,32.990002
2013-05-09,32.660000
2013-05-10,32.689999
2013-05-13,33.029999
2013-05-14,33.529999
2013-05-15,33.849998
2013-05-16,34.080002
2013-05-17,34.869999
2013-05-20,35.080002
2013-05-21,34.849998
2013-05-22,34.610001
2013-05-23,34.150002
2013-05-24,34.270000
2013-05-28,35.020000
2013-05-29,34.880001
2013-05-30,35.029999
2013-05-31,34.900002
2013-06-03,35.590000
2013-06-04,34.990002
2013-06-05,34.779999
2013-06-06,34.959999
2013-06-07,35.669998
2013-06-10,35.470001
2013-06-11,34.840000
2013-06-12,35.000000
2013-06-13,34.720001
2013-06-14,34.400002
2013-06-17,35.000000
2013-06-18,34.980000
2013-06-19,34.590000
2013-06-20,33.490002
2013-06-21,33.270000
2013-06-24,33.720001
2013-06-25,33.669998
2013-06-26,34.349998
2013-06-27,34.619999
2013-06-28,34.540001
2013-07-01,34.360001
2013-07-02,33.939999
2013-07-03,34.009998
2013-07-05,34.209999
2013-07-08,34.330002
2013-07-09,34.349998
2013-07-10,34.700001
2013-07-11,35.689999
2013-07-12,35.669998
2013-07-15,36.169998
2013-07-16,36.270000
2013-07-17,35.740002
2013-07-18,35.439999
2013-07-19,31.400000
2013-07-22,32.009998
2013-07-23,31.820000
2013-07-24,31.959999
2013-07-25,31.389999
2013-07-26,31.620001
2013-07-29,31.540001
2013-07-30,31.850000
2013-07-31,31.840000
2013-08-01,31.670000
2013-08-02,31.889999
2013-08-05,31.700001
2013-08-06,31.580000
2013-08-07,32.060001
2013-08-08,32.889999
2013-08-09,32.700001
2013-08-12,32.869999
2013-08-13,32.230000
2013-08-14,32.349998
2013-08-15,31.790001
2013-08-16,31.799999
2013-08-19,31.389999
2013-08-20,31.620001
2013-08-21,31.610001
2013-08-22,32.389999
2013-08-23,34.750000
2013-08-26,34.150002
2013-08-27,33.259998
2013-08-28,33.020000
2013-08-29,33.549999
2013-08-30,33.400002
2013-09-03,31.879999
2013-09-04,31.200001
2013-09-05,31.230000
2013-09-06,31.150000
2013-09-09,31.660000
2013-09-10,32.389999
2013-09-11,32.740002
2013-09-12,32.689999
2013-09-13,33.029999
2013-09-16,32.799999
2013-09-17,32.930000
2013-09-18,33.320000
2013-09-19,33.639999
2013-09-20,32.790001
2013-09-23,32.740002
2013-09-24,32.450001
2013-09-25,32.509998
2013-09-26,32.770000
2013-09-27,33.270000
2013-09-30,33.279999
2013-10-01,33.580002
2013-10-02,33.919998
2013-10-03,33.860001
2013-10-04,33.880001
2013-10-07,33.299999
2013-10-08,33.009998
2013-10-09,33.070000
2013-10-10,33.759998
2013-10-11,34.130001
2013-10-14,34.450001
2013-10-15,34.490002
2013-10-16,34.639999
2013-10-17,34.919998
2013-10-18,34.959999
2013-10-21,34.990002
2013-10-22,34.580002
2013-10-23,33.759998
2013-10-24,33.720001
2013-10-25,35.730000
2013-10-28,35.570000
2013-10-29,35.520000
2013-10-30,35.540001
2013-10-31,35.410000
2013-11-01,35.529999
2013-11-04,35.939999
2013-11-05,36.639999
2013-11-06,38.180000
2013-11-07,37.500000
2013-11-08,37.779999
2013-11-11,37.590000
2013-11-12,37.360001
2013-11-13,38.160000
2013-11-14,38.020000
2013-11-15,37.840000
2013-11-18,37.200001
2013-11-19,36.740002
2013-11-20,37.080002
2013-11-21,37.400002
2013-11-22,37.570000
2013-11-25,37.639999
2013-11-26,37.349998
2013-11-27,37.599998
2013-11-29,38.130001
2013-12-02,38.450001
2013-12-03,38.310001
2013-12-04,38.939999
2013-12-05,38.000000
2013-12-06,38.360001
2013-12-09,38.709999
2013-12-10,38.110001
2013-12-11,37.610001
2013-12-12,37.220001
2013-12-13,36.689999
2013-12-16,36.889999
2013-12-17,36.520000
2013-12-18,36.580002
2013-12-19,36.250000
2013-12-20,36.799999
2013-12-23,36.619999
2013-12-24,37.080002
2013-12-26,37.439999
2013-12-27,37.290001
2013-12-30,37.290001
2013-12-31,37.410000
2014-01-02,37.160000
2014-01-03,36.910000
2014-01-06,36.130001
2014-01-07,36.410000
2014-01-08,35.759998
2014-01-09,35.529999
2014-01-10,36.040001
2014-01-13,34.980000
2014-01-14,35.779999
2014-01-15,36.759998
2014-01-16,36.889999
2014-01-17,36.380001
2014-01-21,36.169998
2014-01-22,35.930000
2014-01-23,36.060001
2014-01-24,36.810001
2014-01-27,36.029999
2014-01-28,36.270000
2014-01-29,36.660000
2014-01-30,36.860001
2014-01-31,37.840000
2014-02-03,36.480000
2014-02-04,36.349998
2014-02-05,35.820000
2014-02-06,36.180000
2014-02-07,36.560001
2014-02-10,36.799999
2014-02-11,37.169998
2014-02-12,37.470001
2014-02-13,37.610001
2014-02-14,37.619999
2014-02-18,37.419998
2014-02-19,37.509998
2014-02-20,37.750000
2014-02-21,37.980000
2014-02-24,37.689999
2014-02-25,37.540001
2014-02-26,37.470001
2014-02-27,37.860001
2014-02-28,38.310001
2014-03-03,37.779999
2014-03-04,38.410000
2014-03-05,38.110001
2014-03-06,38.150002
2014-03-07,37.900002
2014-03-10,37.820000
2014-03-11,38.020000
2014-03-12,38.270000
2014-03-13,37.889999
2014-03-14,37.700001
2014-03-17,38.049999
2014-03-18,39.549999
2014-03-19,39.270000
2014-03-20,40.330002
2014-03-21,40.160000
2014-03-24,40.500000
2014-03-25,40.340000
2014-03-26,39.790001
2014-03-27,39.360001
2014-03-28,40.299999
2014-03-31,40.990002
2014-04-01,41.419998
2014-04-02,41.349998
2014-04-03,41.009998
2014-04-04,39.869999
2014-04-07,39.799999
2014-04-08,39.820000
2014-04-09,40.470001
2014-04-10,39.360001
2014-04-11,39.209999
2014-04-14,39.180000
2014-04-15,39.750000
2014-04-16,40.400002
2014-04-17,40.009998
2014-04-21,39.939999
2014-04-22,39.990002
2014-04-23,39.689999
2014-04-24,39.860001
2014-04-25,39.910000
2014-04-28,40.869999
2014-04-29,40.509998
2014-04-30,40.400002
2014-05-01,40.000000
2014-05-02,39.689999
2014-05-05,39.430000
2014-05-06,39.060001
2014-05-07,39.419998
2014-05-08,39.639999
2014-05-09,39.540001
2014-05-12,39.970001
2014-05-13,40.419998
2014-05-14,40.240002
2014-05-15,39.599998
2014-05-16,39.830002
2014-05-19,39.750000
2014-05-20,39.680000
2014-05-21,40.349998
2014-05-22,40.099998
2014-05-23,40.119999
2014-05-27,40.189999
2014-05-28,40.009998
2014-05-29,40.340000
2014-05-30,40.939999
2014-06-02,40.790001
2014-06-03,40.290001
2014-06-04,40.320000
2014-06-05,41.209999
2014-06-06,41.480000
2014-06-09,41.270000
2014-06-10,41.110001
2014-06-11,40.860001
2014-06-12,40.580002
2014-06-13,41.230000
2014-06-16,41.500000
2014-06-17,41.680000
2014-06-18,41.650002
2014-06-19,41.509998
2014-06-20,41.680000
2014-06-23,41.990002
2014-06-24,41.750000
2014-06-25,42.029999
2014-06-26,41.720001
2014-06-27,42.250000
2014-06-30,41.700001
2014-07-01,41.869999
2014-07-02,41.900002
2014-07-03,41.799999
2014-07-07,41.990002
2014-07-08,41.779999
2014-07-09,41.669998
2014-07-10,41.689999
2014-07-11,42.090000
2014-07-14,42.139999
2014-07-15,42.450001
2014-07-16,44.080002
2014-07-17,44.529999
2014-07-18,44.689999
2014-07-21,44.840000
2014-07-22,44.830002
2014-07-23,44.869999
2014-07-24,44.400002
2014-07-25,44.500000
2014-07-28,43.970001
2014-07-29,43.889999
2014-07-30,43.580002
2014-07-31,43.160000
2014-08-01,42.860001
2014-08-04,43.369999
2014-08-05,43.080002
2014-08-06,42.740002
2014-08-07,43.230000
2014-08-08,43.200001
2014-08-11,43.200001
2014-08-12,43.520000
2014-08-13,44.080002
2014-08-14,44.270000
2014-08-15,44.790001
2014-08-18,45.110001
2014-08-19,45.330002
2014-08-20,44.950001
2014-08-21,45.220001
2014-08-22,45.150002
2014-08-25,45.169998
2014-08-26,45.009998
2014-08-27,44.869999
2014-08-28,44.880001
2014-08-29,45.430000
2014-09-02,45.090000
2014-09-03,44.959999
2014-09-04,45.259998
2014-09-05,45.910000
2014-09-08,46.470001
2014-09-09,46.759998
2014-09-10,46.840000
2014-09-11,47.000000
2014-09-12,46.700001
2014-09-15,46.240002
2014-09-16,46.759998
2014-09-17,46.520000
2014-09-18,46.680000
2014-09-19,47.520000
2014-09-22,47.060001
2014-09-23,46.560001
2014-09-24,47.080002
2014-09-25,46.040001
2014-09-26,46.410000
2014-09-29,46.439999
2014-09-30,46.360001
2014-10-01,45.900002
2014-10-02,45.759998
2014-10-03,46.090000
2014-10-06,46.090000
2014-10-07,45.529999
2014-10-08,46.779999
2014-10-09,45.849998
2014-10-10,44.029999
2014-10-13,43.650002
2014-10-14,43.730000
2014-10-15,43.220001
2014-10-16,42.740002
2014-10-17,43.630001
2014-10-20,44.080002
2014-10-21,44.880001
2014-10-22,44.380001
2014-10-23,45.020000
2014-10-24,46.130001
2014-10-27,45.910000
2014-10-28,46.490002
2014-10-29,46.619999
2014-10-30,46.049999
2014-10-31,46.950001
2014-11-03,47.439999
2014-11-04,47.570000
2014-11-05,47.860001
2014-11-06,48.700001
2014-11-07,48.680000
2014-11-10,48.889999
2014-11-11,48.869999
2014-11-12,48.779999
2014-11-13,49.610001
2014-11-14,49.580002
2014-11-17,49.459999
2014-11-18,48.740002
2014-11-19,48.220001
2014-11-20,48.700001
2014-11-21,47.980000
2014-11-24,47.590000
2014-11-25,47.470001
2014-11-26,47.750000
2014-11-28,47.810001
2014-12-01,48.619999
2014-12-02,48.459999
2014-12-03,48.080002
2014-12-04,48.840000
2014-12-05,48.419998
2014-12-08,47.700001
2014-12-09,47.590000
2014-12-10,46.900002
2014-12-11,47.169998
2014-12-12,46.950001
2014-12-15,46.669998
2014-12-16,45.160000
2014-12-17,45.740002
2014-12-18,47.520000
2014-12-19,47.660000
2014-12-22,47.980000
2014-12-23,48.450001
2014-12-24,48.139999
2014-12-26,47.880001
2014-12-29,47.450001
2014-12-30,47.020000
2014-12-31,46.450001
2015-01-02,46.759998
2015-01-05,46.330002
2015-01-06,45.650002
2015-01-07,46.230000
2015-01-08,47.590000
2015-01-09,47.189999
2015-01-12,46.599998
2015-01-13,46.360001
2015-01-14,45.959999
2015-01-15,45.480000
2015-01-16,46.240002
2015-01-20,46.389999
2015-01-21,45.919998
2015-01-22,47.130001
2015-01-23,47.180000
2015-01-26,47.009998
2015-01-27,42.660000
2015-01-28,41.189999
2015-01-29,42.009998
2015-01-30,40.400002
2015-02-02,41.279999
2015-02-03,41.599998
2015-02-04,41.840000
2015-02-05,42.450001
2015-02-06,42.410000
2015-02-09,42.360001
2015-02-10,42.599998
2015-02-11,42.380001
2015-02-12,43.090000
2015-02-13,43.869999
2015-02-17,43.580002
2015-02-18,43.529999
2015-02-19,43.500000
2015-02-20,43.860001
2015-02-23,44.150002
2015-02-24,44.090000
2015-02-25,43.990002
2015-02-26,44.060001
2015-02-27,43.849998
2015-03-02,43.880001
2015-03-03,43.279999
2015-03-04,43.060001
2015-03-05,43.110001
2015-03-06,42.360001
2015-03-09,42.849998
2015-03-10,42.029999
2015-03-11,41.980000
2015-03-12,41.020000
2015-03-13,41.380001
2015-03-16,41.560001
2015-03-17,41.700001
2015-03-18,42.500000
2015-03-19,42.290001
2015-03-20,42.880001
2015-03-23,42.860001
2015-03-24,42.900002
2015-03-25,41.459999
2015-03-26,41.209999
2015-03-27,40.970001
2015-03-30,40.959999
2015-03-31,40.660000
2015-04-01,40.720001
2015-04-02,40.290001
2015-04-06,41.549999
2015-04-07,41.529999
2015-04-08,41.419998
2015-04-09,41.480000
2015-04-10,41.720001
2015-04-13,41.759998
2015-04-14,41.650002
2015-04-15,42.259998
2015-04-16,42.160000
2015-04-17,41.619999
2015-04-20,42.910000
2015-04-21,42.639999
2015-04-22,42.990002
2015-04-23,43.340000
2015-04-24,47.869999
2015-04-27,48.029999
2015-04-28,49.160000
2015-04-29,49.060001
2015-04-30,48.639999
2015-05-01,48.660000
2015-05-04,48.240002
2015-05-05,47.599998
2015-05-06,46.279999
2015-05-07,46.700001
2015-05-08,47.750000
2015-05-11,47.369999
2015-05-12,47.349998
2015-05-13,47.630001
2015-05-14,48.720001
2015-05-15,48.299999
2015-05-18,48.009998
2015-05-19,47.580002
2015-05-20,47.580002
2015-05-21,47.419998
2015-05-22,46.900002
2015-05-26,46.590000
2015-05-27,47.610001
2015-05-28,47.450001
2015-05-29,46.860001
2015-06-01,47.230000
2015-06-02,46.919998
2015-06-03,46.849998
2015-06-04,46.360001
2015-06-05,46.139999
2015-06-08,45.730000
2015-06-09,45.650002
2015-06-10,46.610001
2015-06-11,46.439999
2015-06-12,45.970001
2015-06-15,45.480000
2015-06-16,45.830002
2015-06-17,45.970001
2015-06-18,46.720001
2015-06-19,46.099998
2015-06-22,46.230000
2015-06-23,45.910000
2015-06-24,45.639999
2015-06-25,45.650002
2015-06-26,45.259998
2015-06-29,44.369999
2015-06-30,44.150002
2015-07-01,44.450001
2015-07-02,44.400002
2015-07-06,44.389999
2015-07-07,44.299999
2015-07-08,44.240002
2015-07-09,44.520000
2015-07-10,44.610001
2015-07-13,45.540001
2015-07-14,45.619999
2015-07-15,45.759998
2015-07-16,46.660000
2015-07-17,46.619999
2015-07-20,46.919998
2015-07-21,47.279999
2015-07-22,45.540001
2015-07-23,46.110001
2015-07-24,45.939999
2015-07-27,45.349998
2015-07-28,45.340000
2015-07-29,46.290001
2015-07-30,46.880001
2015-07-31,46.700001
2015-08-03,46.810001
2015-08-04,47.540001
2015-08-05,47.580002
2015-08-06,46.619999
2015-08-07,46.740002
2015-08-10,47.330002
2015-08-11,46.410000
2015-08-12,46.740002
2015-08-13,46.730000
2015-08-14,47.000000
2015-08-17,47.320000
2015-08-18,47.270000
2015-08-19,46.610001
2015-08-20,45.660000
2015-08-21,43.070000
2015-08-24,41.680000
2015-08-25,40.470001
2015-08-26,42.709999
2015-08-27,43.900002
2015-08-28,43.930000
2015-08-31,43.520000
2015-09-01,41.820000
2015-09-02,43.360001
2015-09-03,43.500000
2015-09-04,42.610001
2015-09-08,43.889999
2015-09-09,43.070000
2015-09-10,43.290001
2015-09-11,43.480000
2015-09-14,43.040001
2015-09-15,43.980000
2015-09-16,44.299999
2015-09-17,44.250000
2015-09-18,43.480000
2015-09-21,44.110001
2015-09-22,43.900002
2015-09-23,43.869999
2015-09-24,43.910000
2015-09-25,43.939999
2015-09-28,43.290001
2015-09-29,43.439999
2015-09-30,44.259998
2015-10-01,44.610001
2015-10-02,45.570000
2015-10-05,46.630001
2015-10-06,46.750000
2015-10-07,46.799999
2015-10-08,47.450001
2015-10-09,47.110001
2015-10-12,47.000000
2015-10-13,46.889999
2015-10-14,46.680000
2015-10-15,47.009998
2015-10-16,47.509998
2015-10-19,47.619999
2015-10-20,47.770000
2015-10-21,47.200001
2015-10-22,48.029999
2015-10-23,52.869999
2015-10-26,54.250000
2015-10-27,53.689999
2015-10-28,53.980000
2015-10-29,53.360001
2015-10-30,52.639999
2015-11-02,53.240002
2015-11-03,54.150002
2015-11-04,54.400002
2015-11-05,54.380001
2015-11-06,54.919998
2015-11-09,54.160000
2015-11-10,53.509998
2015-11-11,53.650002
2015-11-12,53.320000
2015-11-13,52.840000
2015-11-16,53.770000
2015-11-17,52.970001
2015-11-18,53.849998
2015-11-19,53.939999
2015-11-20,54.189999
2015-11-23,54.189999
2015-11-24,54.250000
2015-11-25,53.689999
2015-11-27,53.930000
2015-11-30,54.349998
2015-12-01,55.220001
2015-12-02,55.209999
2015-12-03,54.200001
2015-12-04,55.910000
2015-12-07,55.810001
2015-12-08,55.790001
2015-12-09,54.980000
2015-12-10,55.270000
2015-12-11,54.060001
2015-12-14,55.139999
2015-12-15,55.200001
2015-12-16,56.130001
2015-12-17,55.700001
2015-12-18,54.130001
2015-12-21,54.830002
2015-12-22,55.349998
2015-12-23,55.820000
2015-12-24,55.669998
2015-12-28,55.950001
2015-12-29,56.549999
2015-12-30,56.310001
2015-12-31,55.480000
2016-01-04,54.799999
2016-01-05,55.049999
2016-01-06,54.049999
2016-01-07,52.169998
2016-01-08,52.330002
2016-01-11,52.299999
2016-01-12,52.779999
2016-01-13,51.639999
2016-01-14,53.110001
2016-01-15,50.990002
2016-01-19,50.560001
2016-01-20,50.790001
2016-01-21,50.480000
2016-01-22,52.290001
2016-01-25,51.790001
2016-01-26,52.169998
2016-01-27,51.220001
2016-01-28,52.060001
2016-01-29,55.090000
2016-02-01,54.709999
2016-02-02,53.000000
2016-02-03,52.160000
2016-02-04,52.000000
2016-02-05,50.160000
2016-02-08,49.410000
2016-02-09,49.279999
2016-02-10,49.709999
2016-02-11,49.689999
2016-02-12,50.500000
2016-02-16,51.090000
2016-02-17,52.419998
2016-02-18,52.189999
2016-02-19,51.820000
2016-02-22,52.650002
2016-02-23,51.180000
2016-02-24,51.360001
2016-02-25,52.099998
2016-02-26,51.299999
2016-02-29,50.880001
2016-03-01,52.580002
2016-03-02,52.950001
2016-03-03,52.349998
2016-03-04,52.029999
2016-03-07,51.029999
2016-03-08,51.650002
2016-03-09,52.840000
2016-03-10,52.049999
2016-03-11,53.070000
2016-03-14,53.169998
2016-03-15,53.590000
2016-03-16,54.349998
2016-03-17,54.660000
2016-03-18,53.490002
2016-03-21,53.860001
2016-03-22,54.070000
2016-03-23,53.970001
2016-03-24,54.209999
2016-03-28,53.540001
2016-03-29,54.709999
2016-03-30,55.049999
2016-03-31,55.230000
2016-04-01,55.570000
2016-04-04,55.430000
2016-04-05,54.560001
2016-04-06,55.119999
2016-04-07,54.459999
2016-04-08,54.419998
2016-04-11,54.310001
2016-04-12,54.650002
2016-04-13,55.349998
2016-04-14,55.360001
2016-04-15,55.650002
2016-04-18,56.459999
2016-04-19,56.389999
2016-04-20,55.590000
2016-04-21,55.779999
2016-04-22,51.779999
2016-04-25,52.110001
2016-04-26,51.439999
2016-04-27,50.939999
2016-04-28,49.900002
2016-04-29,49.869999
2016-05-02,50.610001
2016-05-03,49.779999
2016-05-04,49.869999
2016-05-05,49.939999
2016-05-06,50.389999
2016-05-09,50.070000
2016-05-10,51.020000
2016-05-11,51.049999
2016-05-12,51.509998
2016-05-13,51.080002
2016-05-16,51.830002
2016-05-17,50.509998
2016-05-18,50.810001
2016-05-19,50.320000
2016-05-20,50.619999
2016-05-23,50.029999
2016-05-24,51.590000
2016-05-25,52.119999
2016-05-26,51.889999
2016-05-27,52.320000
2016-05-31,53.000000
2016-06-01,52.849998
2016-06-02,52.480000
2016-06-03,51.790001
2016-06-06,52.130001
2016-06-07,52.099998
2016-06-08,52.040001
2016-06-09,51.619999
2016-06-10,51.480000
2016-06-13,50.139999
2016-06-14,49.830002
2016-06-15,49.689999
2016-06-16,50.389999
2016-06-17,50.130001
2016-06-20,50.070000
2016-06-21,51.189999
2016-06-22,50.990002
2016-06-23,51.910000
2016-06-24,49.830002
2016-06-27,48.430000
2016-06-28,49.439999
2016-06-29,50.540001
2016-06-30,51.169998
2016-07-01,51.160000
2016-07-05,51.169998
2016-07-06,51.380001
2016-07-07,51.380001
2016-07-08,52.299999
2016-07-11,52.590000
2016-07-12,53.209999
2016-07-13,53.509998
2016-07-14,53.740002
2016-07-15,53.700001
2016-07-18,53.959999
2016-07-19,53.090000
2016-07-20,55.910000
2016-07-21,55.799999
2016-07-22,56.570000
2016-07-25,56.730000
2016-07-26,56.759998
2016-07-27,56.189999
2016-07-28,56.209999
2016-07-29,56.680000
2016-08-01,56.580002
2016-08-02,56.580002
2016-08-03,56.970001
2016-08-04,57.389999
2016-08-05,57.959999
2016-08-08,58.060001
2016-08-09,58.200001
2016-08-10,58.020000
2016-08-11,58.299999
2016-08-12,57.939999
2016-08-15,58.119999
2016-08-16,57.439999
2016-08-17,57.560001
2016-08-18,57.599998
2016-08-19,57.619999
2016-08-22,57.669998
2016-08-23,57.889999
2016-08-24,57.950001
2016-08-25,58.169998
2016-08-26,58.029999
2016-08-29,58.099998
2016-08-30,57.889999
2016-08-31,57.459999
2016-09-01,57.590000
2016-09-02,57.669998
2016-09-06,57.610001
2016-09-07,57.660000
2016-09-08,57.430000
2016-09-09,56.209999
2016-09-12,57.049999
2016-09-13,56.529999
2016-09-14,56.259998
2016-09-15,57.189999
2016-09-16,57.250000
2016-09-19,56.930000
2016-09-20,56.810001
2016-09-21,57.759998
2016-09-22,57.820000
2016-09-23,57.430000
2016-09-26,56.900002
2016-09-27,57.950001
2016-09-28,58.029999
2016-09-29,57.400002
2016-09-30,57.599998
2016-10-03,57.419998
2016-10-04,57.240002
2016-10-05,57.639999
2016-10-06,57.740002
2016-10-07,57.799999
2016-10-10,58.040001
2016-10-11,57.189999
2016-10-12,57.110001
2016-10-13,56.919998
2016-10-14,57.419998
2016-10-17,57.220001
2016-10-18,57.660000
2016-10-19,57.529999
2016-10-20,57.250000
2016-10-21,59.660000
2016-10-24,61.000000
2016-10-25,60.990002
2016-10-26,60.630001
2016-10-27,60.099998
2016-10-28,59.869999
2016-10-31,59.919998
2016-11-01,59.799999
2016-11-02,59.430000
2016-11-03,59.209999
2016-11-04,58.709999
2016-11-07,60.419998
2016-11-08,60.470001
2016-11-09,60.169998
2016-11-10,58.700001
2016-11-11,59.020000
2016-11-14,58.119999
2016-11-15,58.869999
2016-11-16,59.650002
2016-11-17,60.639999
2016-11-18,60.349998
2016-11-21,60.860001
2016-11-22,61.119999
2016-11-23,60.400002
2016-11-25,60.529999
2016-11-28,60.610001
2016-11-29,61.090000
2016-11-30,60.259998
2016-12-01,59.200001
2016-12-02,59.250000
2016-12-05,60.220001
2016-12-06,59.950001
2016-12-07,61.369999
2016-12-08,61.009998
2016-12-09,61.970001
2016-12-12,62.169998
2016-12-13,62.980000
2016-12-14,62.680000
2016-12-15,62.580002
2016-12-16,62.299999
2016-12-19,63.619999
2016-12-20,63.540001
2016-12-21,63.540001
2016-12-22,63.549999
2016-12-23,63.240002
2016-12-27,63.279999
2016-12-28,62.990002
2016-12-29,62.900002
2016-12-30,62.139999
2017-01-03,62.580002
2017-01-04,62.299999
2017-01-05,62.299999
2017-01-06,62.840000
2017-01-09,62.639999
2017-01-10,62.619999
2017-01-11,63.189999
2017-01-12,62.610001
2017-01-13,62.700001
2017-01-17,62.529999
2017-01-18,62.500000
2017-01-19,62.299999
2017-01-20,62.740002
2017-01-23,62.959999
2017-01-24,63.520000
2017-01-25,63.680000
2017-01-26,64.269997
2017-01-27,65.779999
2017-01-30,65.129997
2017-01-31,64.650002
2017-02-01,63.580002
2017-02-02,63.169998
2017-02-03,63.680000
2017-02-06,63.639999
2017-02-07,63.430000
2017-02-08,63.340000
2017-02-09,64.059998
2017-02-10,64.000000
2017-02-13,64.720001
2017-02-14,64.570000
2017-02-15,64.529999
2017-02-16,64.519997
2017-02-17,64.620003
2017-02-21,64.489998
2017-02-22,64.360001
2017-02-23,64.620003
2017-02-24,64.620003
2017-02-27,64.230003
2017-02-28,63.980000
2017-03-01,64.940002
2017-03-02,64.010002
2017-03-03,64.250000
2017-03-06,64.269997
2017-03-07,64.400002
2017-03-08,64.989998
2017-03-09,64.730003
2017-03-10,64.930000
2017-03-13,64.709999
2017-03-14,64.410004
2017-03-15,64.750000
2017-03-16,64.639999
2017-03-17,64.870003
2017-03-20,64.930000
2017-03-21,64.209999
2017-03-22,65.029999
2017-03-23,64.870003
2017-03-24,64.980003
2017-03-27,65.099998
2017-03-28,65.290001
2017-03-29,65.470001
2017-03-30,65.709999
2017-03-31,65.860001
2017-04-03,65.550003
2017-04-04,65.730003
2017-04-05,65.559998
2017-04-06,65.730003
2017-04-07,65.680000
2017-04-10,65.529999
2017-04-11,65.480003
2017-04-12,65.230003
2017-04-13,64.949997
2017-04-17,65.480003
2017-04-18,65.389999
2017-04-19,65.040001
2017-04-20,65.500000
2017-04-21,66.400002
2017-04-24,67.529999
2017-04-25,67.919998
2017-04-26,67.830002
2017-04-27,68.269997
2017-04-28,68.459999
2017-05-01,69.410004
2017-05-02,69.300003
2017-05-03,69.080002
2017-05-04,68.809998
2017-05-05,69.000000
2017-05-08,68.940002
2017-05-09,69.040001
2017-05-10,69.309998
2017-05-11,68.459999
2017-05-12,68.379997
2017-05-15,68.430000
2017-05-16,69.410004
2017-05-17,67.480003
2017-05-18,67.709999
2017-05-19,67.690002
2017-05-22,68.449997
2017-05-23,68.680000
2017-05-24,68.769997
2017-05-25,69.620003
2017-05-26,69.959999
2017-05-30,70.410004
2017-05-31,69.839996
2017-06-01,70.099998
2017-06-02,71.760002
2017-06-05,72.279999
2017-06-06,72.519997
2017-06-07,72.389999
2017-06-08,71.949997
2017-06-09,70.320000
2017-06-12,69.779999
2017-06-13,70.650002
2017-06-14,70.269997
2017-06-15,69.900002
2017-06-16,70.000000
2017-06-19,70.870003
2017-06-20,69.910004
2017-06-21,70.269997
2017-06-22,70.260002
2017-06-23,71.209999
2017-06-26,70.529999
2017-06-27,69.209999
2017-06-28,69.800003
2017-06-29,68.489998
2017-06-30,68.930000
2017-07-03,68.169998
2017-07-05,69.080002
2017-07-06,68.570000
2017-07-07,69.459999
2017-07-10,69.980003
2017-07-11,69.989998
2017-07-12,71.150002
2017-07-13,71.769997
2017-07-14,72.779999
2017-07-17,73.349998
2017-07-18,73.300003
2017-07-19,73.860001
2017-07-20,74.220001
2017-07-21,73.790001
2017-07-24,73.599998
2017-07-25,74.190002
2017-07-26,74.050003
2017-07-27,73.160004
2017-07-28,73.040001
2017-07-31,72.699997
2017-08-01,72.580002
2017-08-02,72.260002
2017-08-03,72.150002
2017-08-04,72.680000
2017-08-07,72.400002
2017-08-08,72.790001
2017-08-09,72.470001
2017-08-10,71.410004
2017-08-11,72.500000
2017-08-14,73.589996
2017-08-15,73.220001
2017-08-16,73.650002
2017-08-17,72.400002
2017-08-18,72.489998
2017-08-21,72.150002
2017-08-22,73.160004
2017-08-23,72.720001
2017-08-24,72.690002
2017-08-25,72.820000
2017-08-28,72.830002
2017-08-29,73.050003
2017-08-30,74.010002
2017-08-31,74.769997
2017-09-01,73.940002
2017-09-05,73.610001
2017-09-06,73.400002
2017-09-07,74.339996
2017-09-08,73.980003
2017-09-11,74.760002
2017-09-12,74.680000
2017-09-13,75.209999
2017-09-14,74.769997
2017-09-15,75.309998
2017-09-18,75.160004
2017-09-19,75.440002
2017-09-20,74.940002
2017-09-21,74.209999
2017-09-22,74.410004
2017-09-25,73.260002
2017-09-26,73.260002
2017-09-27,73.849998
2017-09-28,73.870003
2017-09-29,74.489998
2017-10-02,74.610001
2017-10-03,74.260002
2017-10-04,74.690002
2017-10-05,75.970001
2017-10-06,76.000000
2017-10-09,76.290001
2017-10-10,76.290001
2017-10-11,76.419998
2017-10-12,77.120003
2017-10-13,77.489998
2017-10-16,77.650002
2017-10-17,77.589996
2017-10-18,77.610001
2017-10-19,77.910004
2017-10-20,78.809998
2017-10-23,78.830002
2017-10-24,78.860001
2017-10-25,78.629997
2017-10-26,78.760002
2017-10-27,83.809998
2017-10-30,83.889999
2017-10-31,83.180000
2017-11-01,83.180000
2017-11-02,84.050003
2017-11-03,84.139999
2017-11-06,84.470001
2017-11-07,84.269997
2017-11-08,84.559998
2017-11-09,84.089996
2017-11-10,83.870003
2017-11-13,83.930000
2017-11-14,84.050003
2017-11-15,82.980003
2017-11-16,83.199997
2017-11-17,82.400002
2017-11-20,82.529999
2017-11-21,83.720001
2017-11-22,83.110001
2017-11-24,83.260002
2017-11-27,83.870003
2017-11-28,84.879997
2017-11-29,83.339996
2017-11-30,84.169998
2017-12-01,84.260002
2017-12-04,81.080002
2017-12-05,81.589996
2017-12-06,82.779999
2017-12-07,82.489998
2017-12-08,84.160004
2017-12-11,85.230003
2017-12-12,85.580002
2017-12-13,85.349998
2017-12-14,84.690002
2017-12-15,86.849998
2017-12-18,86.379997
2017-12-19,85.830002
2017-12-20,85.519997
2017-12-21,85.500000
2017-12-22,85.510002
2017-12-26,85.400002
2017-12-27,85.709999
2017-12-28,85.720001
2017-12-29,85.540001
2018-01-02,85.949997
2018-01-03,86.349998
2018-01-04,87.110001
2018-01-05,88.190002
2018-01-08,88.279999
2018-01-09,88.220001
2018-01-10,87.820000
2018-01-11,88.080002
2018-01-12,89.599998
2018-01-16,88.349998
2018-01-17,90.139999
2018-01-18,90.099998
2018-01-19,90.000000
2018-01-22,91.610001
2018-01-23,91.900002
2018-01-24,91.820000
2018-01-25,92.330002
2018-01-26,94.059998
2018-01-29,93.919998
2018-01-30,92.739998
2018-01-31,95.010002
2018-02-01,94.260002
2018-02-02,91.779999
2018-02-05,88.000000
2018-02-06,91.330002
2018-02-07,89.610001
2018-02-08,85.010002
2018-02-09,88.180000
2018-02-12,89.129997
2018-02-13,89.830002
2018-02-14,90.809998
2018-02-15,92.660004
2018-02-16,92.000000
2018-02-20,92.720001
2018-02-21,91.489998
2018-02-22,91.730003
2018-02-23,94.059998
2018-02-26,95.419998
2018-02-27,94.199997
2018-02-28,93.769997
2018-03-01,92.849998
2018-03-02,93.050003
2018-03-05,93.639999
2018-03-06,93.320000
2018-03-07,93.860001
2018-03-08,94.430000
2018-03-09,96.540001
2018-03-12,96.769997
2018-03-13,94.410004
2018-03-14,93.849998
2018-03-15,94.180000
2018-03-16,94.599998
2018-03-19,92.889999
2018-03-20,93.129997
2018-03-21,92.480003
2018-03-22,89.790001
2018-03-23,87.180000
2018-03-26,93.779999
2018-03-27,89.470001
2018-03-28,89.389999
2018-03-29,91.269997
2018-04-02,88.519997
2018-04-03,89.709999
2018-04-04,92.330002
2018-04-05,92.379997
2018-04-06,90.230003
2018-04-09,90.769997
2018-04-10,92.879997
2018-04-11,91.860001
2018-04-12,93.580002
2018-04-13,93.080002
2018-04-16,94.169998
2018-04-17,96.070000
2018-04-18,96.440002
2018-04-19,96.110001
2018-04-20,95.000000
2018-04-23,95.349998
2018-04-24,93.120003
2018-04-25,92.309998
2018-04-26,94.260002
2018-04-27,95.820000
2018-04-30,93.519997
2018-05-01,95.000000
2018-05-02,93.510002
2018-05-03,94.070000
2018-05-04,95.160004
2018-05-07,96.220001
2018-05-08,95.809998
2018-05-09,96.940002
2018-05-10,97.910004
2018-05-11,97.699997
2018-05-14,98.029999
2018-05-15,97.320000
2018-05-16,97.150002
2018-05-17,96.180000
2018-05-18,96.360001
2018-05-21,97.599998
2018-05-22,97.500000
2018-05-23,98.660004
2018-05-24,98.309998
2018-05-25,98.360001
2018-05-29,98.010002
2018-05-30,98.949997
2018-05-31,98.839996
2018-06-01,100.790001
2018-06-04,101.669998
2018-06-05,102.190002
2018-06-06,102.489998
2018-06-07,100.879997
2018-06-08,101.629997
2018-06-11,101.050003
2018-06-12,101.309998
2018-06-13,100.849998
2018-06-14,101.419998
2018-06-15,100.129997
2018-06-18,100.860001
2018-06-19,100.860001
2018-06-20,101.870003
2018-06-21,101.139999
2018-06-22,100.410004
2018-06-25,98.389999
2018-06-26,99.080002
2018-06-27,97.540001
2018-06-28,98.629997
2018-06-29,98.610001
2018-07-02,100.010002
2018-07-03,99.050003
2018-07-05,99.760002
2018-07-06,101.160004
2018-07-09,101.849998
2018-07-10,102.120003
2018-07-11,101.980003
2018-07-12,104.190002
2018-07-13,105.430000
2018-07-16,104.910004
2018-07-17,105.949997
2018-07-18,105.120003
2018-07-19,104.400002
2018-07-20,106.269997
2018-07-23,107.970001
2018-07-24,107.660004
2018-07-25,110.830002
2018-07-26,109.620003
2018-07-27,107.680000
2018-07-30,105.370003
2018-07-31,106.080002
2018-08-01,106.279999
2018-08-02,107.570000
2018-08-03,108.040001
2018-08-06,108.129997
2018-08-07,108.879997
2018-08-08,109.489998
2018-08-09,109.669998
2018-08-10,109.000000
2018-08-13,108.209999
2018-08-14,109.559998
2018-08-15,107.660004
2018-08-16,107.639999
2018-08-17,107.580002
2018-08-20,106.870003
2018-08-21,105.980003
2018-08-22,107.059998
2018-08-23,107.559998
2018-08-24,108.400002
2018-08-27,109.599998
2018-08-28,110.260002
2018-08-29,112.019997
2018-08-30,111.949997
2018-08-31,112.330002
2018-09-04,111.709999
2018-09-05,108.489998
2018-09-06,108.739998
2018-09-07,108.209999
2018-09-10,109.379997
2018-09-11,111.239998
2018-09-12,111.709999
2018-09-13,112.910004
2018-09-14,113.370003
2018-09-17,112.139999
2018-09-18,113.209999
2018-09-19,111.699997
2018-09-20,113.570000
2018-09-21,114.260002
2018-09-24,114.669998
2018-09-25,114.449997
2018-09-26,113.980003
2018-09-27,114.410004
2018-09-28,114.370003
2018-10-01,115.610001
2018-10-02,115.150002
2018-10-03,115.169998
2018-10-04,112.790001
2018-10-05,112.129997
2018-10-08,110.849998
2018-10-09,112.260002
2018-10-10,106.160004
2018-10-11,105.910004
2018-10-12,109.570000
2018-10-15,107.599998
2018-10-16,111.000000
2018-10-17,110.709999
2018-10-18,108.500000
2018-10-19,108.660004
2018-10-22,109.629997
2018-10-23,108.099998
2018-10-24,102.320000
2018-10-25,108.300003
2018-10-26,106.959999
2018-10-29,103.849998
2018-10-30,103.730003
2018-10-31,106.809998
2018-11-01,105.919998
2018-11-02,106.160004
2018-11-05,107.510002
2018-11-06,107.720001
2018-11-07,111.959999
2018-11-08,111.750000
2018-11-09,109.570000
2018-11-12,106.870003
2018-11-13,106.940002
2018-11-14,104.970001
2018-11-15,107.279999
2018-11-16,108.290001
2018-11-19,104.620003
2018-11-20,101.709999
2018-11-21,103.110001
2018-11-23,103.070000
2018-11-26,106.470001
2018-11-27,107.139999
2018-11-28,111.120003
2018-11-29,110.190002
2018-11-30,110.889999
2018-12-03,112.089996
2018-12-04,108.519997
2018-12-06,109.190002
2018-12-07,104.820000
2018-12-10,107.589996
2018-12-11,108.589996
2018-12-12,109.080002
2018-12-13,109.449997
2018-12-14,106.029999
2018-12-17,102.889999
2018-12-18,103.970001
2018-12-19,103.690002
2018-12-20,101.510002
2018-12-21,98.230003
2018-12-24,94.129997
2018-12-26,100.559998
2018-12-27,101.180000
2018-12-28,100.389999
2018-12-31,101.570000
2019-01-02,101.120003
2019-01-03,97.400002
2019-01-04,101.930000
2019-01-07,102.059998
2019-01-08,102.800003
2019-01-09,104.269997
2019-01-10,103.599998
2019-01-11,102.800003
2019-01-14,102.050003
2019-01-15,105.010002
2019-01-16,105.379997
2019-01-17,106.120003
2019-01-18,107.709999
2019-01-22,105.680000
2019-01-23,106.709999
2019-01-24,106.199997
2019-01-25,107.169998
2019-01-28,105.080002
2019-01-29,102.940002
2019-01-30,106.379997
2019-01-31,104.430000
2019-02-01,102.779999
2019-02-04,105.739998
2019-02-05,107.220001
2019-02-06,106.029999
2019-02-07,105.269997
2019-02-08,105.669998
2019-02-11,105.250000
2019-02-12,106.889999
2019-02-13,106.809998
2019-02-14,106.900002
2019-02-15,108.220001
2019-02-19,108.169998
2019-02-20,107.150002
2019-02-21,109.410004
2019-02-22,110.970001
2019-02-25,111.589996
2019-02-26,112.360001
2019-02-27,112.169998
2019-02-28,112.029999
2019-03-01,112.529999
2019-03-04,112.260002
2019-03-05,111.699997
2019-03-06,111.750000
2019-03-07,110.389999
2019-03-08,110.510002
2019-03-11,112.830002
2019-03-12,113.620003
2019-03-13,114.500000
2019-03-14,114.589996
2019-03-15,115.910004
2019-03-18,117.570000
2019-03-19,117.650002
2019-03-20,117.519997
2019-03-21,120.220001
2019-03-22,117.050003
2019-03-25,117.660004
2019-03-26,117.910004
2019-03-27,116.769997
2019-03-28,116.930000
2019-03-29,117.940002
2019-04-01,119.019997
2019-04-02,119.190002
2019-04-03,119.970001
2019-04-04,119.360001
2019-04-05,119.889999
2019-04-08,119.930000
2019-04-09,119.279999
2019-04-10,120.190002
2019-04-11,120.330002
2019-04-12,120.949997
2019-04-15,121.050003
2019-04-16,120.769997
2019-04-17,121.769997
2019-04-18,123.370003
2019-04-22,123.760002
2019-04-23,125.440002
2019-04-24,125.010002
2019-04-25,129.149994
2019-04-26,129.889999
2019-04-29,129.770004
2019-04-30,130.600006
2019-05-01,127.879997
2019-05-02,126.209999
2019-05-03,128.899994
2019-05-06,128.149994
2019-05-07,125.519997
2019-05-08,125.510002
2019-05-09,125.500000
2019-05-10,127.129997
2019-05-13,123.349998
2019-05-14,124.730003
2019-05-15,126.019997
2019-05-16,128.929993
2019-05-17,128.070007
2019-05-20,126.220001
2019-05-21,126.900002
2019-05-22,127.669998
2019-05-23,126.180000
2019-05-24,126.239998
2019-05-28,126.160004
2019-05-29,124.940002
2019-05-30,125.730003
2019-05-31,123.680000
2019-06-03,119.839996
2019-06-04,123.160004
2019-06-05,125.830002
2019-06-06,127.820000
2019-06-07,131.399994
2019-06-10,132.600006
2019-06-11,132.100006
2019-06-12,131.490005
2019-06-13,132.320007
2019-06-14,132.449997
2019-06-17,132.850006
2019-06-18,135.160004
2019-06-19,135.690002
2019-06-20,136.949997
2019-06-21,136.970001
2019-06-24,137.779999
2019-06-25,133.429993
2019-06-26,133.929993
2019-06-27,134.149994
2019-06-28,133.960007
2019-07-01,135.679993
2019-07-02,136.580002
2019-07-03,137.460007
2019-07-05,137.059998
2019-07-08,136.960007
2019-07-09,136.460007
2019-07-10,137.850006
2019-07-11,138.399994
2019-07-12,138.899994
2019-07-15,138.899994
2019-07-16,137.080002
2019-07-17,136.270004
2019-07-18,136.419998
2019-07-19,136.619995
2019-07-22,138.429993
2019-07-23,139.289993
2019-07-24,140.720001
2019-07-25,140.190002
2019-07-26,141.339996
2019-07-29,141.029999
2019-07-30,140.350006
2019-07-31,136.270004
2019-08-01,138.059998
2019-08-02,136.899994
2019-08-05,132.210007
2019-08-06,134.690002
2019-08-07,135.279999
2019-08-08,138.889999
2019-08-09,137.710007
2019-08-12,135.789993
2019-08-13,138.600006
2019-08-14,133.979996
2019-08-15,133.679993
2019-08-16,136.130005
2019-08-19,138.410004
2019-08-20,137.259995
2019-08-21,138.789993
2019-08-22,137.779999
2019-08-23,133.389999
2019-08-26,135.449997
2019-08-27,135.740005
2019-08-28,135.559998
2019-08-29,138.119995
2019-08-30,137.860001
2019-09-03,136.039993
2019-09-04,137.630005
2019-09-05,140.050003
2019-09-06,139.100006
2019-09-09,137.520004
2019-09-10,136.080002
2019-09-11,136.119995
2019-09-12,137.520004
2019-09-13,137.320007
2019-09-16,136.330002
2019-09-17,137.389999
2019-09-18,138.520004
2019-09-19,141.070007
2019-09-20,139.440002
2019-09-23,139.139999
2019-09-24,137.380005
2019-09-25,139.360001
2019-09-26,139.539993
2019-09-27,137.729996
2019-09-30,139.029999
2019-10-01,137.070007
2019-10-02,134.649994
2019-10-03,136.279999
2019-10-04,138.119995
2019-10-07,137.119995
2019-10-08,135.669998
2019-10-09,138.240005
2019-10-10,139.100006
2019-10-11,139.679993
2019-10-14,139.550003
2019-10-15,141.570007
2019-10-16,140.410004
2019-10-17,139.690002
2019-10-18,137.410004
2019-10-21,138.429993
2019-10-22,136.369995
2019-10-23,137.240005
2019-10-24,139.940002
2019-10-25,140.729996
2019-10-28,144.190002
2019-10-29,142.830002
2019-10-30,144.610001
2019-10-31,143.369995
2019-11-01,143.720001
2019-11-04,144.550003
2019-11-05,144.460007
2019-11-06,144.059998
2019-11-07,144.259995
2019-11-08,145.960007
2019-11-11,146.110001
2019-11-12,147.070007
2019-11-13,147.309998
2019-11-14,148.059998
2019-11-15,149.970001
2019-11-18,150.339996
2019-11-19,150.389999
2019-11-20,149.619995
2019-11-21,149.479996
2019-11-22,149.589996
2019-11-25,151.229996
2019-11-26,152.029999
2019-11-27,152.320007
2019-11-29,151.380005
2019-12-02,149.550003
2019-12-03,149.309998
2019-12-04,149.850006
2019-12-05,149.929993
2019-12-06,151.750000
2019-12-09,151.360001
2019-12-10,151.130005
2019-12-11,151.699997
2019-12-12,153.240005
2019-12-13,154.529999
2019-12-16,155.529999
2019-12-17,154.690002
2019-12-18,154.369995
2019-12-19,155.710007
2019-12-20,157.410004
2019-12-23,157.410004
2019-12-24,157.380005
2019-12-26,158.669998
2019-12-27,158.960007
2019-12-30,157.589996
2019-12-31,157.699997
2020-01-02,160.619995
2020-01-03,158.619995
2020-01-06,159.029999
2020-01-07,157.580002
2020-01-08,160.089996
2020-01-09,162.089996
2020-01-10,161.339996
2020-01-13,163.279999
2020-01-14,162.130005
2020-01-15,163.179993
2020-01-16,166.169998
2020-01-17,167.100006
2020-01-21,166.500000
2020-01-22,165.699997
2020-01-23,166.720001
2020-01-24,165.039993
2020-01-27,162.279999
2020-01-28,165.460007
2020-01-29,168.039993
2020-01-30,172.779999
2020-01-31,170.229996
2020-02-03,174.380005
2020-02-04,180.119995
2020-02-05,179.899994
2020-02-06,183.630005
2020-02-07,183.889999
2020-02-10,188.699997
2020-02-11,184.440002
2020-02-12,184.710007
2020-02-13,183.710007
2020-02-14,185.350006
2020-02-18,187.229996
2020-02-19,187.279999
2020-02-20,184.419998
2020-02-21,178.589996
2020-02-24,170.889999
2020-02-25,168.070007
2020-02-26,170.169998
2020-02-27,158.179993
2020-02-28,162.009995
2020-03-02,172.789993
2020-03-03,164.509995
2020-03-04,170.550003
2020-03-05,166.270004
2020-03-06,161.570007
2020-03-09,150.619995
2020-03-10,160.919998
2020-03-11,153.630005
2020-03-12,139.059998
2020-03-13,158.830002
2020-03-16,135.419998
2020-03-17,146.570007
2020-03-18,140.399994
2020-03-19,142.710007
2020-03-20,137.350006
2020-03-23,135.979996
2020-03-24,148.339996
2020-03-25,146.919998
2020-03-26,156.110001
2020-03-27,149.699997
2020-03-30,160.229996
2020-03-31,157.710007
2020-04-01,152.110001
2020-04-02,155.259995
2020-04-03,153.830002
2020-04-06,165.270004
2020-04-07,163.490005
2020-04-08,165.130005
2020-04-09,165.139999
2020-04-13,165.509995
2020-04-14,173.699997
2020-04-15,171.880005
2020-04-16,177.039993
2020-04-17,178.600006
2020-04-20,175.059998
2020-04-21,167.820007
2020-04-22,173.520004
2020-04-23,171.419998
2020-04-24,174.550003
2020-04-27,174.050003
2020-04-28,169.809998
2020-04-29,177.429993
2020-04-30,179.210007
2020-05-01,174.570007
2020-05-04,178.839996
2020-05-05,180.759995
2020-05-06,182.539993
2020-05-07,183.600006
2020-05-08,184.679993
2020-05-11,186.740005
2020-05-12,182.509995
2020-05-13,179.750000
2020-05-14,180.529999
2020-05-15,183.160004
2020-05-18,184.910004
2020-05-19,183.630005
2020-05-20,185.660004
2020-05-21,183.429993
2020-05-22,183.509995
2020-05-26,181.570007
2020-05-27,181.809998
2020-05-28,181.399994
2020-05-29,183.250000
2020-06-01,182.830002
2020-06-02,184.910004
2020-06-03,185.360001
2020-06-04,182.919998
2020-06-05,187.199997
2020-06-08,188.360001
2020-06-09,189.800003
2020-06-10,196.839996
2020-06-11,186.270004
2020-06-12,187.740005
2020-06-15,188.940002
2020-06-16,193.570007
2020-06-17,194.240005
2020-06-18,196.320007
2020-06-19,195.149994
2020-06-22,200.570007
2020-06-23,201.910004
2020-06-24,197.839996
2020-06-25,200.339996
2020-06-26,196.330002
2020-06-29,198.440002
2020-06-30,203.509995
2020-07-01,204.699997
2020-07-02,206.259995
2020-07-06,210.699997
2020-07-07,208.250000
2020-07-08,212.830002
2020-07-09,214.320007
2020-07-10,213.669998
2020-07-13,207.070007
2020-07-14,208.350006
2020-07-15,208.039993
2020-07-16,203.919998
2020-07-17,202.880005
2020-07-20,211.600006
2020-07-21,208.750000
2020-07-22,211.750000
2020-07-23,202.539993
2020-07-24,201.300003
2020-07-27,203.850006
2020-07-28,202.020004
2020-07-29,204.059998
2020-07-30,203.899994
2020-07-31,205.009995
2020-08-03,216.539993
2020-08-04,213.289993
2020-08-05,212.940002
2020-08-06,216.350006
2020-08-07,212.479996
2020-08-10,208.250000
2020-08-11,203.380005
2020-08-12,209.190002
2020-08-13,208.699997
2020-08-14,208.899994
2020-08-17,210.279999
2020-08-18,211.490005
2020-08-19,209.699997
2020-08-20,214.580002
2020-08-21,213.020004
2020-08-24,213.690002
2020-08-25,216.470001
2020-08-26,221.149994
2020-08-27,226.580002
2020-08-28,228.910004
2020-08-31,225.529999
2020-09-01,227.270004
2020-09-02,231.649994
2020-09-03,217.300003
2020-09-04,214.250000
2020-09-08,202.660004
2020-09-09,211.289993
2020-09-10,205.369995
2020-09-11,204.029999
2020-09-14,205.410004
2020-09-15,208.779999
2020-09-16,205.050003
2020-09-17,202.910004
2020-09-18,200.389999
2020-09-21,202.539993
2020-09-22,207.419998
2020-09-23,200.589996
2020-09-24,203.190002
2020-09-25,207.820007
2020-09-28,209.440002
2020-09-29,207.259995
2020-09-30,210.330002
2020-10-01,212.460007
2020-10-02,206.190002
2020-10-05,210.380005
2020-10-06,205.910004
2020-10-07,209.830002
2020-10-08,210.580002
2020-10-09,215.809998
2020-10-12,221.399994
2020-10-13,222.860001
2020-10-14,220.860001
2020-10-15,219.660004
2020-10-16,219.660004
2020-10-19,214.220001
2020-10-20,214.649994
2020-10-21,214.800003
2020-10-22,214.889999
2020-10-23,216.229996
2020-10-26,210.080002
2020-10-27,213.250000
2020-10-28,202.679993
2020-10-29,204.720001
2020-10-30,202.470001
2020-11-02,202.330002
2020-11-03,206.429993
2020-11-04,216.389999
2020-11-05,223.289993
2020-11-06,223.720001
2020-11-09,218.389999
2020-11-10,211.009995
2020-11-11,216.550003
2020-11-12,215.440002
2020-11-13,216.509995
2020-11-16,217.229996
2020-11-17,214.460007
2020-11-18,211.080002
2020-11-19,212.419998
2020-11-20,210.389999
2020-11-23,210.110001
2020-11-24,213.860001
2020-11-25,213.869995
2020-11-27,215.229996
2020-11-30,214.070007
2020-12-01,216.210007
2020-12-02,215.369995
2020-12-03,214.240005
2020-12-04,214.360001
2020-12-07,214.289993
2020-12-08,216.009995
2020-12-09,211.800003
2020-12-10,210.520004
2020-12-11,213.259995
2020-12-14,214.199997
2020-12-15,214.130005
2020-12-16,219.279999
2020-12-17,219.419998
2020-12-18,218.589996
2020-12-21,222.589996
2020-12-22,223.940002
2020-12-23,221.020004
2020-12-24,222.750000
2020-12-28,224.960007
2020-12-29,224.149994
2020-12-30,221.679993
2020-12-31,222.419998
2021-01-04,217.690002
2021-01-05,217.899994
2021-01-06,212.250000
2021-01-07,218.289993
2021-01-08,219.619995
2021-01-11,217.490005
2021-01-12,214.929993
2021-01-13,216.339996
2021-01-14,213.020004
2021-01-15,212.649994
2021-01-19,216.440002
2021-01-20,224.339996
2021-01-21,224.970001
2021-01-22,225.949997
2021-01-25,229.529999
2021-01-26,232.330002
2021-01-27,232.899994
2021-01-28,238.929993
2021-01-29,231.960007
2021-02-01,239.649994
2021-02-02,239.509995
2021-02-03,243.000000
2021-02-04,242.009995
2021-02-05,242.199997
2021-02-08,242.470001
2021-02-09,243.770004
2021-02-10,242.820007
2021-02-11,244.490005
2021-02-12,244.990005
2021-02-16,243.699997
2021-02-17,244.199997
2021-02-18,243.789993
2021-02-19,240.970001
2021-02-22,234.509995
2021-02-23,233.270004
2021-02-24,234.550003
2021-02-25,228.990005
2021-02-26,232.380005
2021-03-01,236.940002
2021-03-02,233.869995
2021-03-03,227.559998
2021-03-04,226.729996
2021-03-05,231.600006
2021-03-08,227.389999
2021-03-09,233.779999
2021-03-10,232.419998
2021-03-11,237.130005
2021-03-12,235.750000
2021-03-15,234.809998
2021-03-16,237.710007
2021-03-17,237.039993
2021-03-18,230.720001
2021-03-19,230.350006
2021-03-22,235.990005
2021-03-23,237.580002
2021-03-24,235.460007
2021-03-25,232.339996
2021-03-26,236.479996
2021-03-29,235.240005
2021-03-30,231.850006
2021-03-31,235.770004
2021-04-01,242.350006
2021-04-05,249.070007
2021-04-06,247.860001
2021-04-07,249.899994
2021-04-08,253.250000
2021-04-09,255.850006
2021-04-12,255.910004
2021-04-13,258.489990
2021-04-14,255.589996
2021-04-15,259.500000
2021-04-16,260.739990
2021-04-19,258.739990
2021-04-20,258.260010
2021-04-21,260.579987
2021-04-22,257.170013
2021-04-23,261.149994
2021-04-26,261.549988
2021-04-27,261.970001
2021-04-28,254.559998
2021-04-29,252.509995
2021-04-30,252.179993
2021-05-03,251.860001
2021-05-04,247.789993
2021-05-05,246.470001
2021-05-06,249.729996
2021-05-07,252.460007
2021-05-10,247.179993
2021-05-11,246.229996
2021-05-12,239.000000
2021-05-13,243.029999
2021-05-14,248.149994
2021-05-17,245.179993
2021-05-18,243.080002
2021-05-19,243.119995
2021-05-20,246.479996
2021-05-21,245.169998
2021-05-24,250.779999
2021-05-25,251.720001
2021-05-26,251.490005
2021-05-27,249.309998
2021-05-28,249.679993
2021-06-01,247.399994
2021-06-02,247.300003
2021-06-03,245.710007
2021-06-04,250.789993
2021-06-07,253.809998
2021-06-08,252.570007
2021-06-09,253.589996
2021-06-10,257.239990
2021-06-11,257.890015
2021-06-14,259.890015
2021-06-15,258.359985
2021-06-16,257.380005
2021-06-17,260.899994
2021-06-18,259.429993
2021-06-21,262.630005
2021-06-22,265.510010
2021-06-23,265.269989
2021-06-24,266.690002
2021-06-25,265.019989
2021-06-28,268.720001
2021-06-29,271.399994
2021-06-30,270.899994
2021-07-01,271.600006
2021-07-02,277.649994
2021-07-06,277.660004
2021-07-07,279.929993
2021-07-08,277.420013
2021-07-09,277.940002
2021-07-12,277.320007
2021-07-13,280.980011
2021-07-14,282.510010
2021-07-15,281.029999
2021-07-16,280.750000
2021-07-19,277.010010
2021-07-20,279.320007
2021-07-21,281.399994
2021-07-22,286.140015
2021-07-23,289.670013
2021-07-26,289.049988
2021-07-27,286.540009
2021-07-28,286.220001
2021-07-29,286.500000
2021-07-30,284.910004
2021-08-02,284.820007
2021-08-03,287.119995
2021-08-04,286.510010
2021-08-05,289.519989
2021-08-06,289.459991
2021-08-09,288.329987
2021-08-10,286.440002
2021-08-11,286.950012
2021-08-12,289.809998
2021-08-13,292.850006
2021-08-16,294.600006
2021-08-17,293.079987
2021-08-18,290.730011
2021-08-19,296.769989
2021-08-20,304.359985
2021-08-23,304.649994
2021-08-24,302.619995
2021-08-25,302.010010
2021-08-26,299.089996
2021-08-27,299.720001
2021-08-30,303.589996
2021-08-31,301.880005
2021-09-01,301.829987
2021-09-02,301.149994
2021-09-03,301.140015
2021-09-07,300.179993
2021-09-08,300.209991
2021-09-09,297.250000
2021-09-10,295.709991
2021-09-13,296.989990
2021-09-14,299.790009
2021-09-15,304.820007
2021-09-16,305.220001
2021-09-17,299.869995
2021-09-20,294.299988
2021-09-21,294.799988
2021-09-22,298.579987
2021-09-23,299.559998
2021-09-24,299.350006
2021-09-27,294.170013
2021-09-28,283.519989
2021-09-29,284.000000
2021-09-30,281.920013
2021-10-01,289.100006
2021-10-04,283.109985
2021-10-05,288.760010
2021-10-06,293.109985
2021-10-07,294.850006
2021-10-08,294.850006
2021-10-11,294.230011
2021-10-12,292.880005
2021-10-13,296.309998
2021-10-14,302.750000
2021-10-15,304.209991
2021-10-18,307.290009
2021-10-19,308.230011
2021-10-20,307.410004
2021-10-21,310.760010
2021-10-22,309.160004
2021-10-25,308.130005
2021-10-26,310.109985
2021-10-27,323.170013
2021-10-28,324.350006
2021-10-29,331.619995
2021-11-01,329.369995
2021-11-02,333.130005
2021-11-03,334.000000
2021-11-04,336.440002
2021-11-05,336.059998
2021-11-08,336.989990
2021-11-09,335.950012
2021-11-10,330.799988
2021-11-11,332.429993
2021-11-12,336.720001
2021-11-15,336.070007
2021-11-16,339.510010
2021-11-17,339.119995
2021-11-18,341.269989
2021-11-19,343.109985
2021-11-22,339.829987
2021-11-23,337.679993
2021-11-24,337.910004
2021-11-26,329.679993
2021-11-29,336.630005
2021-11-30,330.589996
2021-12-01,330.079987
2021-12-02,329.489990
2021-12-03,323.010010
2021-12-06,326.190002
2021-12-07,334.920013
2021-12-08,334.970001
2021-12-09,333.100006
2021-12-10,342.540009
2021-12-13,339.399994
2021-12-14,328.339996
2021-12-15,334.649994
2021-12-16,324.899994
2021-12-17,323.799988
2021-12-20,319.910004
2021-12-21,327.290009
2021-12-22,333.200012
2021-12-23,334.690002
2021-12-27,342.450012
2021-12-28,341.250000
2021-12-29,341.950012
2021-12-30,339.320007
2021-12-31,336.320007
2022-01-03,334.750000
2022-01-04,329.010010
2022-01-05,316.380005
2022-01-06,313.880005
2022-01-07,314.040009
2022-01-10,314.269989
2022-01-11,314.980011
2022-01-12,318.269989
2022-01-13,304.799988
2022-01-14,310.200012
2022-01-18,302.649994
2022-01-19,303.329987
2022-01-20,301.600006
2022-01-21,296.029999
2022-01-24,296.369995
2022-01-25,288.489990
2022-01-26,296.709991
2022-01-27,299.839996
2022-01-28,308.260010
2022-01-31,310.980011
2022-02-01,308.760010
2022-02-02,313.459991
2022-02-03,301.250000
2022-02-04,305.940002
2022-02-07,300.950012
2022-02-08,304.559998
2022-02-09,311.209991
2022-02-10,302.380005
2022-02-11,295.040009
2022-02-14,295.000000
2022-02-15,300.470001
2022-02-16,299.500000
2022-02-17,290.730011
2022-02-18,287.929993
2022-02-22,287.720001
2022-02-23,280.269989
2022-02-24,294.589996
2022-02-25,297.309998
2022-02-28,298.790009
2022-03-01,294.950012
2022-03-02,300.190002
2022-03-03,295.920013
2022-03-04,289.859985
2022-03-07,278.910004
2022-03-08,275.850006
2022-03-09,288.500000
2022-03-10,285.589996
2022-03-11,280.070007
2022-03-14,276.440002
2022-03-15,287.149994
2022-03-16,294.390015
2022-03-17,295.220001
2022-03-18,300.429993
2022-03-21,299.160004
2022-03-22,304.059998
2022-03-23,299.489990
2022-03-24,304.100006
2022-03-25,303.679993
2022-03-28,310.700012
2022-03-29,315.410004
2022-03-30,313.859985
2022-03-31,308.309998
2022-04-01,309.420013
2022-04-04,314.970001
2022-04-05,310.880005
2022-04-06,299.500000
2022-04-07,301.369995
2022-04-08,296.970001
2022-04-11,285.260010
2022-04-12,282.059998
2022-04-13,287.619995
2022-04-14,279.829987
2022-04-18,280.519989
2022-04-19,285.299988
2022-04-20,286.359985
2022-04-21,280.809998
2022-04-22,274.029999
2022-04-25,280.720001
2022-04-26,270.220001
2022-04-27,283.220001
2022-04-28,289.630005
2022-04-29,277.519989
2022-05-02,284.470001
2022-05-03,281.779999
2022-05-04,289.980011
2022-05-05,277.350006
2022-05-06,274.730011
2022-05-09,264.579987
2022-05-10,269.500000
2022-05-11,260.549988
2022-05-12,255.350006
2022-05-13,261.119995
2022-05-16,261.500000
2022-05-17,266.820007
2022-05-18,254.080002
2022-05-19,253.139999
2022-05-20,252.559998
2022-05-23,260.649994
2022-05-24,259.619995
2022-05-25,262.519989
2022-05-26,265.899994
2022-05-27,273.239990
2022-05-31,271.869995
2022-06-01,272.420013
2022-06-02,274.579987
2022-06-03,270.019989
2022-06-06,268.750000
2022-06-07,272.500000
2022-06-08,270.410004
2022-06-09,264.790009
2022-06-10,252.990005
2022-06-13,242.259995
2022-06-14,244.490005
2022-06-15,251.759995
2022-06-16,244.970001
2022-06-17,247.649994
2022-06-21,253.740005
2022-06-22,253.130005
2022-06-23,258.859985
2022-06-24,267.700012
2022-06-27,264.890015
2022-06-28,256.480011
2022-06-29,260.260010
2022-06-30,256.829987
2022-07-01,259.579987
2022-07-05,262.850006
2022-07-06,266.209991
2022-07-07,268.399994
2022-07-08,267.660004
2022-07-11,264.510010
2022-07-12,253.669998
2022-07-13,252.720001
2022-07-14,254.080002
2022-07-15,256.720001
2022-07-18,254.250000
2022-07-19,259.529999
2022-07-20,262.269989
2022-07-21,264.839996
2022-07-22,260.359985
2022-07-25,258.829987
2022-07-26,251.899994
2022-07-27,268.739990
2022-07-28,276.410004
2022-07-29,280.739990
2022-08-01,278.010010
2022-08-02,274.820007
2022-08-03,282.470001
2022-08-04,283.649994
2022-08-05,282.910004
2022-08-08,280.320007
2022-08-09,282.299988
2022-08-10,289.160004
2022-08-11,287.019989
2022-08-12,291.910004
2022-08-15,293.470001
2022-08-16,292.709991
2022-08-17,291.320007
2022-08-18,290.170013
2022-08-19,286.149994
2022-08-22,277.750000
2022-08-23,276.440002
2022-08-24,275.790009
2022-08-25,278.850006
2022-08-26,268.089996
2022-08-29,265.230011
2022-08-30,262.970001
2022-08-31,261.470001
2022-09-01,260.399994
2022-09-02,256.059998
2022-09-06,253.250000
2022-09-07,258.089996
2022-09-08,258.519989
2022-09-09,264.459991
2022-09-12,266.649994
2022-09-13,251.990005
2022-09-14,252.220001
2022-09-15,245.380005
2022-09-16,244.740005
2022-09-19,244.520004
2022-09-20,242.449997
2022-09-21,238.949997
2022-09-22,240.979996
2022-09-23,237.919998
2022-09-26,237.449997
2022-09-27,236.410004
2022-09-28,241.070007
2022-09-29,237.500000
2022-09-30,232.899994
2022-10-03,240.740005
2022-10-04,248.880005
2022-10-05,249.199997
2022-10-06,246.789993
2022-10-07,234.240005
2022-10-10,229.250000
2022-10-11,225.410004
2022-10-12,225.750000
2022-10-13,234.240005
2022-10-14,228.559998
2022-10-17,237.529999
2022-10-18,238.500000
2022-10-19,236.479996
2022-10-20,236.149994
2022-10-21,242.119995
2022-10-24,247.250000
2022-10-25,250.660004
2022-10-26,231.320007
2022-10-27,226.750000
2022-10-28,235.869995
2022-10-31,232.130005
2022-11-01,228.169998
2022-11-02,220.100006
2022-11-03,214.250000
2022-11-04,221.389999
2022-11-07,227.869995
2022-11-08,228.869995
2022-11-09,224.509995
2022-11-10,242.979996
2022-11-11,247.110001
2022-11-14,241.550003
2022-11-15,241.970001
2022-11-16,241.729996
2022-11-17,241.679993
2022-11-18,241.220001
2022-11-21,242.050003
2022-11-22,245.029999
2022-11-23,247.580002
2022-11-25,247.490005
2022-11-28,241.759995
2022-11-29,240.330002
2022-11-30,255.139999
2022-12-01,254.690002
2022-12-02,255.020004
2022-12-05,250.199997
2022-12-06,245.119995
2022-12-07,244.369995
2022-12-08,247.399994
2022-12-09,245.419998
2022-12-12,252.509995
2022-12-13,256.920013
2022-12-14,257.220001
2022-12-15,249.009995
2022-12-16,244.690002
2022-12-19,240.449997
2022-12-20,241.800003
2022-12-21,244.429993
2022-12-22,238.190002
2022-12-23,238.729996
2022-12-27,236.960007
2022-12-28,234.529999
2022-12-29,241.009995
2022-12-30,239.820007
2023-01-03,239.580002
2023-01-04,229.100006
2023-01-05,222.309998
2023-01-06,224.929993
2023-01-09,227.119995
2023-01-10,228.850006
2023-01-11,235.770004
2023-01-12,238.509995
2023-01-13,239.229996
2023-01-17,240.350006
2023-01-18,235.809998
2023-01-19,231.929993
2023-01-20,240.220001
2023-01-23,242.580002
2023-01-24,242.039993
2023-01-25,240.610001
2023-01-26,248.000000
2023-01-27,248.160004
2023-01-30,242.710007
2023-01-31,247.809998
2023-02-01,252.750000
2023-02-02,264.600006
2023-02-03,258.350006
2023-02-06,256.769989
2023-02-07,267.559998
2023-02-08,266.730011
2023-02-09,263.619995
2023-02-10,263.100006
2023-02-13,271.320007
2023-02-14,272.170013
2023-02-15,269.320007
2023-02-16,262.149994
2023-02-17,258.059998
2023-02-21,252.669998
2023-02-22,251.509995
2023-02-23,254.770004
2023-02-24,249.220001
2023-02-27,250.160004
2023-02-28,249.419998
2023-03-01,246.270004
2023-03-02,251.110001
2023-03-03,255.289993
2023-03-06,256.869995
2023-03-07,254.149994
2023-03-08,253.699997
2023-03-09,252.320007
2023-03-10,248.589996
2023-03-13,253.919998
2023-03-14,260.790009
2023-03-15,265.440002
2023-03-16,276.200012
2023-03-17,279.429993
2023-03-20,272.230011
2023-03-21,273.779999
2023-03-22,272.290009
2023-03-23,277.660004
2023-03-24,280.570007
2023-03-27,276.380005
2023-03-28,275.230011
2023-03-29,280.510010
2023-03-30,284.049988
2023-03-31,288.299988
2023-04-03,287.230011
2023-04-04,287.179993
2023-04-05,284.339996
2023-04-06,291.600006
2023-04-10,289.390015
2023-04-11,282.829987
2023-04-12,283.489990
2023-04-13,289.839996
2023-04-14,286.140015
2023-04-17,288.799988
2023-04-18,288.369995
2023-04-19,288.450012
2023-04-20,286.109985
2023-04-21,285.760010
2023-04-24,281.769989
2023-04-25,275.420013
2023-04-26,295.369995
2023-04-27,304.829987
2023-04-28,307.260010
2023-05-01,305.559998
2023-05-02,305.410004
2023-05-03,304.399994
2023-05-04,305.410004
2023-05-05,310.649994
2023-05-08,308.649994
2023-05-09,307.000000
2023-05-10,312.309998
2023-05-11,310.109985
2023-05-12,308.970001
2023-05-15,309.459991
2023-05-16,311.739990
2023-05-17,314.000000
2023-05-18,318.519989
2023-05-19,318.339996
2023-05-22,321.179993
2023-05-23,315.260010
2023-05-24,313.850006
2023-05-25,325.920013
2023-05-26,332.890015
2023-05-30,331.209991
2023-05-31,328.390015
2023-06-01,332.579987
2023-06-02,335.399994
2023-06-05,335.940002
2023-06-06,333.679993
2023-06-07,323.380005
2023-06-08,325.260010
2023-06-09,326.790009
2023-06-12,331.850006
2023-06-13,334.290009
2023-06-14,337.339996
2023-06-15,348.100006
2023-06-16,342.329987
2023-06-20,338.049988
2023-06-21,333.559998
2023-06-22,339.709991
2023-06-23,335.019989
2023-06-26,328.600006
2023-06-27,334.570007
2023-06-28,335.850006
2023-06-29,335.049988
2023-06-30,340.540009
2023-07-03,337.989990
2023-07-05,338.149994
2023-07-06,341.269989
2023-07-07,337.220001
2023-07-10,331.829987
2023-07-11,332.470001
2023-07-12,337.200012
2023-07-13,342.660004
2023-07-14,345.239990
2023-07-17,345.730011
2023-07-18,359.489990
2023-07-19,355.079987
2023-07-20,346.869995
2023-07-21,343.769989
2023-07-24,345.109985
2023-07-25,350.980011
2023-07-26,337.769989
2023-07-27,330.720001
2023-07-28,338.369995
2023-07-31,335.920013
2023-08-01,336.339996
2023-08-02,327.500000
2023-08-03,326.660004
2023-08-04,327.779999
2023-08-07,330.109985
2023-08-08,326.049988
2023-08-09,322.230011
2023-08-10,322.929993
2023-08-11,321.010010
2023-08-14,324.040009
2023-08-15,321.859985
2023-08-16,320.399994
2023-08-17,316.880005
2023-08-18,316.480011
2023-08-21,321.880005
2023-08-22,322.459991
2023-08-23,327.000000
2023-08-24,319.970001
2023-08-25,322.980011
2023-08-28,323.700012
2023-08-29,328.410004
2023-08-30,328.790009
2023-08-31,327.760010
2023-09-01,328.660004
2023-09-05,333.549988
2023-09-06,332.880005
2023-09-07,329.910004
2023-09-08,334.269989
2023-09-11,337.940002
2023-09-12,331.769989
2023-09-13,336.059998
2023-09-14,338.700012
2023-09-15,330.220001
2023-09-18,329.059998
2023-09-19,328.649994
2023-09-20,320.769989
2023-09-21,319.529999
2023-09-22,317.010010
2023-09-25,317.540009
2023-09-26,312.140015
2023-09-27,312.790009
2023-09-28,313.640015
2023-09-29,315.750000
2023-10-02,321.799988
2023-10-03,313.390015
2023-10-04,318.959991
2023-10-05,319.359985
2023-10-06,327.260010
2023-10-09,329.820007
2023-10-10,328.390015
2023-10-11,332.420013
2023-10-12,331.160004
2023-10-13,327.730011
2023-10-16,332.640015
2023-10-17,332.059998
2023-10-18,330.109985
2023-10-19,331.320007
2023-10-20,326.670013
2023-10-23,329.320007
2023-10-24,330.529999
2023-10-25,340.670013
2023-10-26,327.890015
2023-10-27,329.809998
2023-10-30,337.309998
2023-10-31,338.109985
2023-11-01,346.070007
2023-11-02,348.320007
2023-11-03,352.799988
2023-11-06,356.529999
2023-11-07,360.529999
2023-11-08,363.200012
2023-11-09,360.690002
2023-11-10,369.670013
2023-11-13,366.679993
2023-11-14,370.269989
2023-11-15,369.670013
2023-11-16,376.170013
2023-11-17,369.850006
2023-11-20,377.440002
2023-11-21,373.070007
2023-11-22,377.850006
2023-11-24,377.429993
2023-11-27,378.609985
2023-11-28,382.700012
2023-11-29,378.850006
2023-11-30,378.910004
2023-12-01,374.510010
2023-12-04,369.140015
2023-12-05,372.519989
2023-12-06,368.799988
2023-12-07,370.950012
2023-12-08,374.230011
2023-12-11,371.299988
2023-12-12,374.380005
2023-12-13,374.369995
2023-12-14,365.929993
2023-12-15,370.730011
2023-12-18,372.649994
2023-12-19,373.260010
2023-12-20,370.619995
2023-12-21,373.540009
2023-12-22,374.579987
2023-12-26,374.660004
2023-12-27,374.070007
2023-12-28,375.279999
2023-12-29,376.040009
2024-01-02,370.869995
2024-01-03,370.600006
2024-01-04,367.940002
2024-01-05,367.750000
2024-01-08,374.690002
2024-01-09,375.790009
2024-01-10,382.769989
2024-01-11,384.630005
2024-01-12,388.470001
2024-01-16,390.269989
2024-01-17,389.470001
2024-01-18,393.869995
2024-01-19,398.670013
2024-01-22,396.510010
2024-01-23,398.899994
2024-01-24,402.559998
2024-01-25,404.869995
2024-01-26,403.929993
2024-01-29,409.720001
2024-01-30,408.589996
2024-01-31,397.579987
2024-02-01,403.779999
2024-02-02,411.220001
2024-02-05,405.649994
2024-02-06,405.489990
2024-02-07,414.049988
2024-02-08,414.109985
2024-02-09,420.549988
2024-02-12,415.260010
2024-02-13,406.320007
2024-02-14,409.489990
2024-02-15,406.559998
2024-02-16,404.059998
2024-02-20,402.790009
2024-02-21,402.179993
2024-02-22,411.649994
2024-02-23,410.339996
2024-02-26,407.540009
2024-02-27,407.480011
2024-02-28,407.720001
2024-02-29,413.640015
2024-03-01,415.500000
2024-03-04,414.920013
2024-03-05,402.649994
2024-03-06,402.089996
2024-03-07,409.140015
2024-03-08,406.220001
2024-03-11,404.519989
2024-03-12,415.279999
2024-03-13,415.100006
2024-03-14,425.220001
2024-03-15,416.420013
2024-03-18,417.320007
2024-03-19,421.410004
2024-03-20,425.230011
2024-03-21,429.369995
2024-03-22,428.739990
2024-03-25,422.859985
2024-03-26,421.649994
2024-03-27,421.429993
2024-03-28,420.720001
2024-04-01,424.570007
2024-04-02,421.440002
2024-04-03,420.450012
2024-04-04,417.880005
2024-04-05,425.519989
2024-04-08,424.589996
2024-04-09,426.279999
2024-04-10,423.260010
2024-04-11,427.929993
2024-04-12,421.899994
2024-04-15,413.640015
2024-04-16,414.579987
2024-04-17,411.839996
2024-04-18,404.269989
2024-04-19,399.119995
2024-04-22,400.959991
2024-04-23,407.570007
2024-04-24,409.059998
2024-04-25,399.040009
2024-04-26,406.320007
2024-04-29,402.250000
2024-04-30,389.329987
2024-05-01,394.940002
2024-05-02,397.839996
2024-05-03,406.660004
2024-05-06,413.540009
2024-05-07,409.339996
2024-05-08,410.540009
2024-05-09,412.320007