date, value
1999-05-10,2526.389893
1999-05-11,2566.679932
1999-05-12,2606.540039
1999-05-13,2582.000000
1999-05-14,2527.860107
1999-05-17,2561.840088
1999-05-18,2558.360107
1999-05-19,2577.399902
1999-05-20,2542.229980
1999-05-21,2520.139893
1999-05-24,2453.659912
1999-05-25,2380.899902
1999-05-26,2427.179932
1999-05-27,2419.149902
1999-05-28,2470.520020
1999-06-01,2412.030029
1999-06-02,2432.409912
1999-06-03,2403.320068
1999-06-04,2478.340088
1999-06-07,2524.209961
1999-06-08,2474.560059
1999-06-09,2519.350098
1999-06-10,2484.620117
1999-06-11,2447.879883
1999-06-14,2398.310059
1999-06-15,2414.669922
1999-06-16,2517.830078
1999-06-17,2544.149902
1999-06-18,2563.439941
1999-06-21,2630.280029
1999-06-22,2580.260010
1999-06-23,2598.120117
1999-06-24,2553.989990
1999-06-25,2552.649902
1999-06-28,2602.439941
1999-06-29,2642.110107
1999-06-30,2686.120117
1999-07-01,2706.179932
1999-07-02,2741.020020
1999-07-06,2736.780029
1999-07-07,2743.040039
1999-07-08,2771.860107
1999-07-09,2793.070068
1999-07-12,2790.439941
1999-07-13,2778.229980
1999-07-14,2818.129883
1999-07-15,2839.370117
1999-07-16,2864.479980
1999-07-19,2830.290039
1999-07-20,2732.179932
1999-07-21,2761.770020
1999-07-22,2684.439941
1999-07-23,2692.399902
1999-07-26,2619.189941
1999-07-27,2679.330078
1999-07-28,2705.840088
1999-07-29,2640.010010
1999-07-30,2638.489990
1999-08-02,2623.629883
1999-08-03,2587.989990
1999-08-04,2540.000000
1999-08-05,2565.830078
1999-08-06,2547.969971
1999-08-09,2518.979980
1999-08-10,2490.110107
1999-08-11,2564.979980
1999-08-12,2549.489990
1999-08-13,2637.810059
1999-08-16,2645.280029
1999-08-17,2671.229980
1999-08-18,2657.729980
1999-08-19,2621.429932
1999-08-20,2648.330078
1999-08-23,2719.570068
1999-08-24,2752.370117
1999-08-25,2805.600098
1999-08-26,2774.620117
1999-08-27,2758.899902
1999-08-30,2712.689941
1999-08-31,2739.350098
1999-09-01,2750.800049
1999-09-02,2734.239990
1999-09-03,2843.110107
1999-09-07,2837.260010
1999-09-08,2808.739990
1999-09-09,2852.020020
1999-09-10,2887.060059
1999-09-13,2844.770020
1999-09-14,2868.290039
1999-09-15,2814.169922
1999-09-16,2806.719971
1999-09-17,2869.620117
1999-09-20,2886.149902
1999-09-21,2821.100098
1999-09-22,2858.159912
1999-09-23,2749.830078
1999-09-24,2740.409912
1999-09-27,2761.750000
1999-09-28,2756.250000
1999-09-29,2730.270020
1999-09-30,2746.159912
1999-10-01,2736.850098
1999-10-04,2795.969971
1999-10-05,2799.669922
1999-10-06,2857.209961
1999-10-07,2860.699951
1999-10-08,2886.570068
1999-10-11,2915.949951
1999-10-12,2872.429932
1999-10-13,2801.270020
1999-10-14,2806.840088
1999-10-15,2731.830078
1999-10-18,2689.149902
1999-10-19,2688.179932
1999-10-20,2788.129883
1999-10-21,2801.949951
1999-10-22,2816.520020
1999-10-25,2815.949951
1999-10-26,2811.469971
1999-10-27,2802.520020
1999-10-28,2875.219971
1999-10-29,2966.429932
1999-11-01,2967.649902
1999-11-02,2981.629883
1999-11-03,3028.510010
1999-11-04,3055.949951
1999-11-05,3102.290039
1999-11-08,3143.969971
1999-11-09,3125.040039
1999-11-10,3155.959961
1999-11-11,3197.290039
1999-11-12,3221.149902
1999-11-15,3219.540039
1999-11-16,3295.520020
1999-11-17,3269.389893
1999-11-18,3347.110107
1999-11-19,3369.250000
1999-11-22,3392.560059
1999-11-23,3342.870117
1999-11-24,3420.500000
1999-11-26,3447.810059
1999-11-29,3421.370117
1999-11-30,3336.159912
1999-12-01,3353.709961
1999-12-02,3452.780029
1999-12-03,3520.629883
1999-12-06,3546.010010
1999-12-07,3586.919922
1999-12-08,3586.080078
1999-12-09,3594.169922
1999-12-10,3620.239990
1999-12-13,3658.169922
1999-12-14,3571.659912
1999-12-15,3621.949951
1999-12-16,3715.060059
1999-12-17,3753.060059
1999-12-20,3783.870117
1999-12-21,3911.149902
1999-12-22,3937.300049
1999-12-23,3969.439941
1999-12-27,3975.379883
1999-12-28,3972.110107
1999-12-29,4041.459961
1999-12-30,4036.870117
1999-12-31,4069.310059
2000-01-03,4131.149902
2000-01-04,3901.689941
2000-01-05,3877.540039
2000-01-06,3727.129883
2000-01-07,3882.620117
2000-01-10,4049.669922
2000-01-11,3921.189941
2000-01-12,3850.020020
2000-01-13,3957.209961
2000-01-14,4064.270020
2000-01-18,4130.810059
2000-01-19,4151.290039
2000-01-20,4189.509766
2000-01-21,4235.399902
2000-01-24,4096.080078
2000-01-25,4167.410156
2000-01-26,4069.909912
2000-01-27,4039.560059
2000-01-28,3887.070068
2000-01-31,3940.350098
2000-02-01,4051.979980
2000-02-02,4073.959961
2000-02-03,4210.979980
2000-02-04,4244.140137
2000-02-07,4321.770020
2000-02-08,4427.500000
2000-02-09,4363.240234
2000-02-10,4485.629883
2000-02-11,4395.450195
2000-02-14,4418.549805
2000-02-15,4420.770020
2000-02-16,4427.649902
2000-02-17,4548.919922
2000-02-18,4411.740234
2000-02-22,4382.120117
2000-02-23,4550.330078
2000-02-24,4617.649902
2000-02-25,4590.500000
2000-02-28,4577.850098
2000-02-29,4696.689941
2000-03-01,4784.080078
2000-03-02,4754.509766
2000-03-03,4914.790039
2000-03-06,4904.850098
2000-03-07,4847.839844
2000-03-08,4897.259766
2000-03-09,5046.859863
2000-03-10,5048.620117
2000-03-13,4907.240234
2000-03-14,4706.629883
2000-03-15,4582.620117
2000-03-16,4717.390137
2000-03-17,4798.129883
2000-03-20,4610.000000
2000-03-21,4711.680176
2000-03-22,4864.750000
2000-03-23,4940.609863
2000-03-24,4963.029785
2000-03-27,4958.560059
2000-03-28,4833.890137
2000-03-29,4644.669922
2000-03-30,4457.890137
2000-03-31,4572.830078
2000-04-03,4223.680176
2000-04-04,4148.890137
2000-04-05,4169.220215
2000-04-06,4267.560059
2000-04-07,4446.450195
2000-04-10,4188.200195
2000-04-11,4055.899902
2000-04-12,3769.629883
2000-04-13,3676.780029
2000-04-14,3321.290039
2000-04-17,3539.159912
2000-04-18,3793.570068
2000-04-19,3706.409912
2000-04-20,3643.879883
2000-04-24,3482.479980
2000-04-25,3711.229980
2000-04-26,3630.090088
2000-04-27,3774.030029
2000-04-28,3860.659912
2000-05-01,3958.080078
2000-05-02,3785.449951
2000-05-03,3707.310059
2000-05-04,3720.239990
2000-05-05,3816.820068
2000-05-08,3669.379883
2000-05-09,3585.010010
2000-05-10,3384.729980
2000-05-11,3499.580078
2000-05-12,3529.060059
2000-05-15,3607.649902
2000-05-16,3717.570068
2000-05-17,3644.959961
2000-05-18,3538.709961
2000-05-19,3390.399902
2000-05-22,3364.209961
2000-05-23,3164.550049
2000-05-24,3270.610107
2000-05-25,3205.350098
2000-05-26,3205.110107
2000-05-30,3459.479980
2000-05-31,3400.909912
2000-06-01,3582.500000
2000-06-02,3813.379883
2000-06-05,3821.760010
2000-06-06,3756.370117
2000-06-07,3839.260010
2000-06-08,3825.560059
2000-06-09,3874.840088
2000-06-12,3767.909912
2000-06-13,3851.060059
2000-06-14,3797.409912
2000-06-15,3845.739990
2000-06-16,3860.560059
2000-06-19,3989.830078
2000-06-20,4013.360107
2000-06-21,4064.010010
2000-06-22,3936.840088
2000-06-23,3845.340088
2000-06-26,3912.120117
2000-06-27,3858.959961
2000-06-28,3940.340088
2000-06-29,3877.229980
2000-06-30,3966.110107
2000-07-03,3991.929932
2000-07-05,3863.100098
2000-07-06,3960.570068
2000-07-07,4023.199951
2000-07-10,3980.290039
2000-07-11,3956.419922
2000-07-12,4099.589844
2000-07-13,4174.859863
2000-07-14,4246.180176
2000-07-17,4274.669922
2000-07-18,4177.169922
2000-07-19,4055.629883
2000-07-20,4184.560059
2000-07-21,4094.449951
2000-07-24,3981.570068
2000-07-25,4029.570068
2000-07-26,3987.719971
2000-07-27,3842.229980
2000-07-28,3663.000000
2000-07-31,3766.989990
2000-08-01,3685.520020
2000-08-02,3658.459961
2000-08-03,3759.879883
2000-08-04,3787.360107
2000-08-07,3862.989990
2000-08-08,3848.550049
2000-08-09,3853.500000
2000-08-10,3759.989990
2000-08-11,3789.469971
2000-08-14,3849.689941
2000-08-15,3851.659912
2000-08-16,3861.199951
2000-08-17,3940.870117
2000-08-18,3930.340088
2000-08-21,3953.149902
2000-08-22,3958.209961
2000-08-23,4011.010010
2000-08-24,4053.280029
2000-08-25,4042.679932
2000-08-28,4070.590088
2000-08-29,4082.169922
2000-08-30,4103.810059
2000-08-31,4206.350098
2000-09-01,4234.330078
2000-09-05,4143.180176
2000-09-06,4013.340088
2000-09-07,4098.350098
2000-09-08,3978.409912
2000-09-11,3896.350098
2000-09-12,3849.510010
2000-09-13,3893.889893
2000-09-14,3913.860107
2000-09-15,3835.229980
2000-09-18,3726.520020
2000-09-19,3865.639893
2000-09-20,3897.439941
2000-09-21,3828.870117
2000-09-22,3803.760010
2000-09-25,3741.219971
2000-09-26,3689.100098
2000-09-27,3656.300049
2000-09-28,3778.320068
2000-09-29,3672.820068
2000-10-02,3568.899902
2000-10-03,3455.830078
2000-10-04,3523.100098
2000-10-05,3472.100098
2000-10-06,3361.010010
2000-10-09,3355.560059
2000-10-10,3240.540039
2000-10-11,3168.489990
2000-10-12,3074.679932
2000-10-13,3316.770020
2000-10-16,3290.280029
2000-10-17,3213.959961
2000-10-18,3171.560059
2000-10-19,3418.600098
2000-10-20,3483.139893
2000-10-23,3468.689941
2000-10-24,3419.790039
2000-10-25,3229.570068
2000-10-26,3272.179932
2000-10-27,3278.360107
2000-10-30,3191.399902
2000-10-31,3369.629883
2000-11-01,3333.389893
2000-11-02,3429.020020
2000-11-03,3451.580078
2000-11-06,3416.209961
2000-11-07,3415.790039
2000-11-08,3231.699951
2000-11-09,3200.350098
2000-11-10,3028.989990
2000-11-13,2966.719971
2000-11-14,3138.270020
2000-11-15,3165.489990
2000-11-16,3031.879883
2000-11-17,3027.189941
2000-11-20,2875.639893
2000-11-21,2871.449951
2000-11-22,2755.340088
2000-11-24,2904.379883
2000-11-27,2880.489990
2000-11-28,2734.979980
2000-11-29,2706.929932
2000-11-30,2597.929932
2000-12-01,2645.290039
2000-12-04,2615.750000
2000-12-05,2889.800049
2000-12-06,2796.500000
2000-12-07,2752.659912
2000-12-08,2917.429932
2000-12-11,3015.100098
2000-12-12,2931.770020
2000-12-13,2822.770020
2000-12-14,2728.510010
2000-12-15,2653.270020
2000-12-18,2624.520020
2000-12-19,2511.709961
2000-12-20,2332.780029
2000-12-21,2340.120117
2000-12-22,2517.020020
2000-12-26,2493.520020
2000-12-27,2539.350098
2000-12-28,2557.760010
2000-12-29,2470.520020
2001-01-02,2291.860107
2001-01-03,2616.689941
2001-01-04,2566.830078
2001-01-05,2407.649902
2001-01-08,2395.919922
2001-01-09,2441.300049
2001-01-10,2524.179932
2001-01-11,2640.570068
2001-01-12,2626.500000
2001-01-16,2618.550049
2001-01-17,2682.780029
2001-01-18,2768.489990
2001-01-19,2770.379883
2001-01-22,2757.909912
2001-01-23,2840.389893
2001-01-24,2859.149902
2001-01-25,2754.280029
2001-01-26,2781.300049
2001-01-29,2838.340088
2001-01-30,2838.350098
2001-01-31,2772.729980
2001-02-01,2782.790039
2001-02-02,2660.500000
2001-02-05,2643.209961
2001-02-06,2664.489990
2001-02-07,2607.820068
2001-02-08,2562.060059
2001-02-09,2470.969971
2001-02-12,2489.659912
2001-02-13,2427.719971
2001-02-14,2491.399902
2001-02-15,2552.909912
2001-02-16,2425.379883
2001-02-20,2318.350098
2001-02-21,2268.939941
2001-02-22,2244.959961
2001-02-23,2262.510010
2001-02-26,2308.500000
2001-02-27,2207.820068
2001-02-28,2151.830078
2001-03-01,2183.370117
2001-03-02,2117.629883
2001-03-05,2142.919922
2001-03-06,2204.429932
2001-03-07,2223.919922
2001-03-08,2168.729980
2001-03-09,2052.780029
2001-03-12,1923.380005
2001-03-13,2014.780029
2001-03-14,1972.089966
2001-03-15,1940.709961
2001-03-16,1890.910034
2001-03-19,1951.180054
2001-03-20,1857.439941
2001-03-21,1830.229980
2001-03-22,1897.699951
2001-03-23,1928.680054
2001-03-26,1918.489990
2001-03-27,1972.229980
2001-03-28,1854.130005
2001-03-29,1820.569946
2001-03-30,1840.260010
2001-04-02,1782.969971
2001-04-03,1673.000000
2001-04-04,1638.800049
2001-04-05,1785.000000
2001-04-06,1720.359985
2001-04-09,1745.709961
2001-04-10,1852.030029
2001-04-11,1898.949951
2001-04-12,1961.430054
2001-04-16,1909.569946
2001-04-17,1923.219971
2001-04-18,2079.439941
2001-04-19,2182.139893
2001-04-20,2163.409912
2001-04-23,2059.320068
2001-04-24,2016.609985
2001-04-25,2059.800049
2001-04-26,2034.880005
2001-04-27,2075.679932
2001-04-30,2116.239990
2001-05-01,2168.239990
2001-05-02,2220.600098
2001-05-03,2146.199951
2001-05-04,2191.530029
2001-05-07,2173.570068
2001-05-08,2198.770020
2001-05-09,2156.629883
2001-05-10,2128.860107
2001-05-11,2107.429932
2001-05-14,2081.919922
2001-05-15,2085.580078
2001-05-16,2166.439941
2001-05-17,2193.679932
2001-05-18,2198.879883
2001-05-21,2305.590088
2001-05-22,2313.850098
2001-05-23,2243.479980
2001-05-24,2282.020020
2001-05-25,2251.030029
2001-05-29,2175.540039
2001-05-30,2084.500000
2001-05-31,2110.489990
2001-06-01,2149.439941
2001-06-04,2155.929932
2001-06-05,2233.659912
2001-06-06,2217.729980
2001-06-07,2264.000000
2001-06-08,2215.100098
2001-06-11,2170.780029
2001-06-12,2169.949951
2001-06-13,2121.659912
2001-06-14,2044.069946
2001-06-15,2028.430054
2001-06-18,1988.630005
2001-06-19,1992.660034
2001-06-20,2031.239990
2001-06-21,2058.760010
2001-06-22,2034.839966
2001-06-25,2050.870117
2001-06-26,2064.620117
2001-06-27,2074.739990
2001-06-28,2125.459961
2001-06-29,2160.540039
2001-07-02,2148.719971
2001-07-03,2140.800049
2001-07-05,2080.110107
2001-07-06,2004.160034
2001-07-09,2026.709961
2001-07-10,1962.790039
2001-07-11,1972.040039
2001-07-12,2075.739990
2001-07-13,2084.790039
2001-07-16,2029.119995
2001-07-17,2067.320068
2001-07-18,2016.170044
2001-07-19,2046.589966
2001-07-20,2029.369995
2001-07-23,1988.560059
2001-07-24,1959.239990
2001-07-25,1984.319946
2001-07-26,2022.959961
2001-07-27,2029.069946
2001-07-30,2017.839966
2001-07-31,2027.130005
2001-08-01,2068.379883
2001-08-02,2087.379883
2001-08-03,2066.330078
2001-08-06,2034.260010
2001-08-07,2027.790039
2001-08-08,1966.359985
2001-08-09,1963.319946
2001-08-10,1956.469971
2001-08-13,1982.250000
2001-08-14,1964.530029
2001-08-15,1918.890015
2001-08-16,1930.319946
2001-08-17,1867.010010
2001-08-20,1881.349976
2001-08-21,1831.300049
2001-08-22,1860.010010
2001-08-23,1842.969971
2001-08-24,1916.800049
2001-08-27,1912.410034
2001-08-28,1864.979980
2001-08-29,1843.170044
2001-08-30,1791.680054
2001-08-31,1805.430054
2001-09-04,1770.780029
2001-09-05,1759.010010
2001-09-06,1705.640015
2001-09-07,1687.699951
2001-09-10,1695.380005
2001-09-17,1579.550049
2001-09-18,1555.079956
2001-09-19,1527.800049
2001-09-20,1470.930054
2001-09-21,1423.189941
2001-09-24,1499.400024
2001-09-25,1501.640015
2001-09-26,1464.040039
2001-09-27,1460.709961
2001-09-28,1498.800049
2001-10-01,1480.459961
2001-10-02,1492.329956
2001-10-03,1580.810059
2001-10-04,1597.310059
2001-10-05,1605.300049
2001-10-08,1605.949951
2001-10-09,1570.189941
2001-10-10,1626.260010
2001-10-11,1701.469971
2001-10-12,1703.400024
2001-10-15,1696.310059
2001-10-16,1722.069946
2001-10-17,1646.339966
2001-10-18,1652.719971
2001-10-19,1671.310059
2001-10-22,1708.079956
2001-10-23,1704.439941
2001-10-24,1731.540039
2001-10-25,1775.469971
2001-10-26,1768.959961
2001-10-29,1699.520020
2001-10-30,1667.410034
2001-10-31,1690.199951
2001-11-01,1746.300049
2001-11-02,1745.729980
2001-11-05,1793.650024
2001-11-06,1835.079956
2001-11-07,1837.530029
2001-11-08,1827.770020
2001-11-09,1828.479980
2001-11-12,1840.130005
2001-11-13,1892.109985
2001-11-14,1903.189941
2001-11-15,1900.569946
2001-11-16,1898.579956
2001-11-19,1934.420044
2001-11-20,1880.510010
2001-11-21,1875.050049
2001-11-23,1903.199951
2001-11-26,1941.229980
2001-11-27,1935.969971
2001-11-28,1887.969971
2001-11-29,1933.260010
2001-11-30,1930.579956
2001-12-03,1904.900024
2001-12-04,1963.099976
2001-12-05,2046.839966
2001-12-06,2054.270020
2001-12-07,2021.260010
2001-12-10,1992.119995
2001-12-11,2001.930054
2001-12-12,2011.380005
2001-12-13,1946.510010
2001-12-14,1953.170044
2001-12-17,1987.449951
2001-12-18,2004.760010
2001-12-19,1982.890015
2001-12-20,1918.540039
2001-12-21,1945.829956
2001-12-24,1944.479980
2001-12-26,1960.699951
2001-12-27,1976.420044
2001-12-28,1987.260010
2001-12-31,1950.400024
2002-01-02,1979.250000
2002-01-03,2044.270020
2002-01-04,2059.379883
2002-01-07,2037.099976
2002-01-08,2055.739990
2002-01-09,2044.890015
2002-01-10,2047.239990
2002-01-11,2022.459961
2002-01-14,1990.739990
2002-01-15,2000.910034
2002-01-16,1944.439941
2002-01-17,1985.819946
2002-01-18,1930.339966
2002-01-22,1882.530029
2002-01-23,1922.380005
2002-01-24,1942.579956
2002-01-25,1937.699951
2002-01-28,1943.910034
2002-01-29,1892.989990
2002-01-30,1913.439941
2002-01-31,1934.030029
2002-02-01,1911.239990
2002-02-04,1855.530029
2002-02-05,1838.520020
2002-02-06,1812.709961
2002-02-07,1782.109985
2002-02-08,1818.880005
2002-02-11,1846.660034
2002-02-12,1834.209961
2002-02-13,1859.160034
2002-02-14,1843.369995
2002-02-15,1805.199951
2002-02-19,1750.609985
2002-02-20,1775.569946
2002-02-21,1716.239990
2002-02-22,1724.540039
2002-02-25,1769.880005
2002-02-26,1766.859985
2002-02-27,1751.880005
2002-02-28,1731.489990
2002-03-01,1802.739990
2002-03-04,1859.319946
2002-03-05,1866.290039
2002-03-06,1890.400024
2002-03-07,1881.630005
2002-03-08,1929.670044
2002-03-11,1929.489990
2002-03-12,1897.119995
2002-03-13,1862.030029
2002-03-14,1854.140015
2002-03-15,1868.300049
2002-03-18,1877.060059
2002-03-19,1880.869995
2002-03-20,1832.869995
2002-03-21,1868.829956
2002-03-22,1851.390015
2002-03-25,1812.489990
2002-03-26,1824.170044
2002-03-27,1826.750000
2002-03-28,1845.349976
2002-04-01,1862.619995
2002-04-02,1804.400024
2002-04-03,1784.349976
2002-04-04,1789.750000
2002-04-05,1770.030029
2002-04-08,1785.869995
2002-04-09,1742.569946
2002-04-10,1767.069946
2002-04-11,1725.239990
2002-04-12,1756.189941
2002-04-15,1753.780029
2002-04-16,1816.790039
2002-04-17,1810.670044
2002-04-18,1802.430054
2002-04-19,1796.829956
2002-04-22,1758.680054
2002-04-23,1730.290039
2002-04-24,1713.339966
2002-04-25,1713.699951
2002-04-26,1663.890015
2002-04-29,1656.930054
2002-04-30,1688.229980
2002-05-01,1677.530029
2002-05-02,1644.819946
2002-05-03,1613.030029
2002-05-06,1578.479980
2002-05-07,1573.819946
2002-05-08,1696.290039
2002-05-09,1650.489990
2002-05-10,1600.849976
2002-05-13,1652.540039
2002-05-14,1719.050049
2002-05-15,1725.560059
2002-05-16,1730.439941
2002-05-17,1741.390015
2002-05-20,1701.589966
2002-05-21,1664.180054
2002-05-22,1673.449951
2002-05-23,1697.630005
2002-05-24,1661.489990
2002-05-28,1652.170044
2002-05-29,1624.390015
2002-05-30,1631.920044
2002-05-31,1615.729980
2002-06-03,1562.560059
2002-06-04,1578.119995
2002-06-05,1595.260010
2002-06-06,1554.880005
2002-06-07,1535.479980
2002-06-10,1530.689941
2002-06-11,1497.180054
2002-06-12,1519.119995
2002-06-13,1496.880005
2002-06-14,1504.739990
2002-06-17,1553.290039
2002-06-18,1542.959961
2002-06-19,1496.829956
2002-06-20,1464.750000
2002-06-21,1440.959961
2002-06-24,1460.339966
2002-06-25,1423.989990
2002-06-26,1429.329956
2002-06-27,1459.199951
2002-06-28,1463.209961
2002-07-01,1403.800049
2002-07-02,1357.819946
2002-07-03,1380.170044
2002-07-05,1448.359985
2002-07-08,1405.609985
2002-07-09,1381.119995
2002-07-10,1346.010010
2002-07-11,1374.430054
2002-07-12,1373.500000
2002-07-15,1382.619995
2002-07-16,1375.260010
2002-07-17,1397.250000
2002-07-18,1356.949951
2002-07-19,1319.150024
2002-07-22,1282.650024
2002-07-23,1229.050049
2002-07-24,1290.229980
2002-07-25,1240.079956
2002-07-26,1262.119995
2002-07-29,1335.250000
2002-07-30,1344.189941
2002-07-31,1328.260010
2002-08-01,1280.000000
2002-08-02,1247.920044
2002-08-05,1206.010010
2002-08-06,1259.550049
2002-08-07,1280.900024
2002-08-08,1316.520020
2002-08-09,1306.119995
2002-08-12,1306.839966
2002-08-13,1269.280029
2002-08-14,1334.300049
2002-08-15,1345.010010
2002-08-16,1361.010010
2002-08-19,1394.540039
2002-08-20,1376.589966
2002-08-21,1409.250000
2002-08-22,1422.949951
2002-08-23,1380.619995
2002-08-26,1391.739990
2002-08-27,1347.780029
2002-08-28,1314.380005
2002-08-29,1335.770020
2002-08-30,1314.849976
2002-09-03,1263.839966
2002-09-04,1292.310059
2002-09-05,1251.000000
2002-09-06,1295.300049
2002-09-09,1304.599976
2002-09-10,1320.089966
2002-09-11,1315.449951
2002-09-12,1279.680054
2002-09-13,1291.400024
2002-09-16,1275.880005
2002-09-17,1259.939941
2002-09-18,1252.130005
2002-09-19,1216.449951
2002-09-20,1221.089966
2002-09-23,1184.930054
2002-09-24,1182.170044
2002-09-25,1222.290039
2002-09-26,1221.609985
2002-09-27,1199.160034
2002-09-30,1172.060059
2002-10-01,1213.719971
2002-10-02,1187.300049
2002-10-03,1165.560059
2002-10-04,1139.900024
2002-10-07,1119.400024
2002-10-08,1129.219971
2002-10-09,1114.109985
2002-10-10,1163.369995
2002-10-11,1210.469971
2002-10-14,1220.530029
2002-10-15,1282.439941
2002-10-16,1232.420044
2002-10-17,1272.290039
2002-10-18,1287.859985
2002-10-21,1309.670044
2002-10-22,1292.800049
2002-10-23,1320.229980
2002-10-24,1298.709961
2002-10-25,1331.130005
2002-10-28,1315.829956
2002-10-29,1300.540039
2002-10-30,1326.729980
2002-10-31,1329.750000
2002-11-01,1360.699951
2002-11-04,1396.540039
2002-11-05,1401.170044
2002-11-06,1418.989990
2002-11-07,1376.709961
2002-11-08,1359.280029
2002-11-11,1319.189941
2002-11-12,1349.560059
2002-11-13,1361.329956
2002-11-14,1411.520020
2002-11-15,1411.140015
2002-11-18,1393.689941
2002-11-19,1374.510010
2002-11-20,1419.349976
2002-11-21,1467.550049
2002-11-22,1468.739990
2002-11-25,1481.900024
2002-11-26,1444.430054
2002-11-27,1487.939941
2002-11-29,1478.780029
2002-12-02,1484.780029
2002-12-03,1448.959961
2002-12-04,1430.349976
2002-12-05,1410.750000
2002-12-06,1422.439941
2002-12-09,1367.140015
2002-12-10,1390.760010
2002-12-11,1396.589966
2002-12-12,1399.550049
2002-12-13,1362.420044
2002-12-16,1400.329956
2002-12-17,1392.050049
2002-12-18,1361.510010
2002-12-19,1354.099976
2002-12-20,1363.050049
2002-12-23,1381.689941
2002-12-24,1372.469971
2002-12-26,1367.890015
2002-12-27,1348.310059
2002-12-30,1339.540039
2002-12-31,1335.510010
2003-01-02,1384.849976
2003-01-03,1387.079956
2003-01-06,1421.319946
2003-01-07,1431.569946
2003-01-08,1401.069946
2003-01-09,1438.459961
2003-01-10,1447.719971
2003-01-13,1446.040039
2003-01-14,1460.989990
2003-01-15,1438.800049
2003-01-16,1423.750000
2003-01-17,1376.189941
2003-01-21,1364.250000
2003-01-22,1359.479980
2003-01-23,1388.270020
2003-01-24,1342.140015
2003-01-27,1325.270020
2003-01-28,1342.180054
2003-01-29,1358.060059
2003-01-30,1322.349976
2003-01-31,1320.910034
2003-02-03,1323.790039
2003-02-04,1306.150024
2003-02-05,1301.500000
2003-02-06,1301.729980
2003-02-07,1282.469971
2003-02-10,1296.680054
2003-02-11,1295.459961
2003-02-12,1278.969971
2003-02-13,1277.439941
2003-02-14,1310.170044
2003-02-18,1346.540039
2003-02-19,1334.319946
2003-02-20,1331.229980
2003-02-21,1349.020020
2003-02-24,1322.380005
2003-02-25,1328.979980
2003-02-26,1303.680054
2003-02-27,1323.939941
2003-02-28,1337.520020
2003-03-03,1320.290039
2003-03-04,1307.770020
2003-03-05,1314.400024
2003-03-06,1302.890015
2003-03-07,1305.290039
2003-03-10,1278.369995
2003-03-11,1271.469971
2003-03-12,1279.239990
2003-03-13,1340.770020
2003-03-14,1340.329956
2003-03-17,1392.270020
2003-03-18,1400.550049
2003-03-19,1397.069946
2003-03-20,1402.770020
2003-03-21,1421.839966
2003-03-24,1369.780029
2003-03-25,1391.010010
2003-03-26,1387.449951
2003-03-27,1384.250000
2003-03-28,1369.599976
2003-03-31,1341.170044
2003-04-01,1348.300049
2003-04-02,1396.719971
2003-04-03,1396.579956
2003-04-04,1383.510010
2003-04-07,1389.510010
2003-04-08,1382.939941
2003-04-09,1356.739990
2003-04-10,1365.609985
2003-04-11,1358.849976
2003-04-14,1384.949951
2003-04-15,1391.010010
2003-04-16,1394.719971
2003-04-17,1425.500000
2003-04-21,1424.369995
2003-04-22,1451.359985
2003-04-23,1466.160034
2003-04-24,1457.229980
2003-04-25,1434.540039
2003-04-28,1462.239990
2003-04-29,1471.300049
2003-04-30,1464.310059
2003-05-01,1472.560059
2003-05-02,1502.880005
2003-05-05,1504.040039
2003-05-06,1523.709961
2003-05-07,1506.760010
2003-05-08,1489.689941
2003-05-09,1520.150024
2003-05-12,1541.400024
2003-05-13,1539.680054
2003-05-14,1534.900024
2003-05-15,1551.380005
2003-05-16,1538.530029
2003-05-19,1492.770020
2003-05-20,1491.089966
2003-05-21,1489.869995
2003-05-22,1507.550049
2003-05-23,1510.089966
2003-05-27,1556.689941
2003-05-28,1563.239990
2003-05-29,1574.949951
2003-05-30,1595.910034
2003-06-02,1590.750000
2003-06-03,1603.560059
2003-06-04,1634.650024
2003-06-05,1646.010010
2003-06-06,1627.420044
2003-06-09,1603.969971
2003-06-10,1627.670044
2003-06-11,1646.020020
2003-06-12,1653.619995
2003-06-13,1626.489990
2003-06-16,1666.579956
2003-06-17,1668.439941
2003-06-18,1677.140015
2003-06-19,1648.640015
2003-06-20,1644.719971
2003-06-23,1610.750000
2003-06-24,1605.609985
2003-06-25,1602.660034
2003-06-26,1634.010010
2003-06-27,1625.260010
2003-06-30,1622.800049
2003-07-01,1640.130005
2003-07-02,1678.729980
2003-07-03,1663.459961
2003-07-07,1720.709961
2003-07-08,1746.459961
2003-07-09,1747.459961
2003-07-10,1715.859985
2003-07-11,1733.930054
2003-07-14,1754.819946
2003-07-15,1753.209961
2003-07-16,1747.969971
2003-07-17,1698.020020
2003-07-18,1708.500000
2003-07-21,1681.410034
2003-07-22,1706.099976
2003-07-23,1719.180054
2003-07-24,1701.420044
2003-07-25,1730.699951
2003-07-28,1735.359985
2003-07-29,1731.369995
2003-07-30,1720.910034
2003-07-31,1735.020020
2003-08-01,1715.619995
2003-08-04,1714.060059
2003-08-05,1673.500000
2003-08-06,1652.680054
2003-08-07,1652.180054
2003-08-08,1644.030029
2003-08-11,1661.510010
2003-08-12,1687.010010
2003-08-13,1686.609985
2003-08-14,1700.339966
2003-08-15,1702.010010
2003-08-18,1739.489990
2003-08-19,1761.109985
2003-08-20,1760.540039
2003-08-21,1777.550049
2003-08-22,1765.319946
2003-08-25,1764.310059
2003-08-26,1770.650024
2003-08-27,1782.130005
2003-08-28,1800.180054
2003-08-29,1810.449951
2003-09-02,1841.479980
2003-09-03,1852.900024
2003-09-04,1868.969971
2003-09-05,1858.239990
2003-09-08,1888.619995
2003-09-09,1873.430054
2003-09-10,1823.810059
2003-09-11,1846.089966
2003-09-12,1855.030029
2003-09-15,1845.699951
2003-09-16,1887.250000
2003-09-17,1883.099976
2003-09-18,1909.550049
2003-09-19,1905.699951
2003-09-22,1874.619995
2003-09-23,1901.719971
2003-09-24,1843.699951
2003-09-25,1817.239990
2003-09-26,1792.069946
2003-09-29,1824.560059
2003-09-30,1786.939941
2003-10-01,1832.250000
2003-10-02,1836.219971
2003-10-03,1880.569946
2003-10-06,1893.459961
2003-10-07,1907.849976
2003-10-08,1893.780029
2003-10-09,1911.900024
2003-10-10,1915.310059
2003-10-13,1933.530029
2003-10-14,1943.189941
2003-10-15,1939.099976
2003-10-16,1950.140015
2003-10-17,1912.359985
2003-10-20,1925.140015
2003-10-21,1940.900024
2003-10-22,1898.069946
2003-10-23,1885.510010
2003-10-24,1865.589966
2003-10-27,1882.910034
2003-10-28,1932.260010
2003-10-29,1936.560059
2003-10-30,1932.689941
2003-10-31,1932.209961
2003-11-03,1967.699951
2003-11-04,1957.969971
2003-11-05,1959.369995
2003-11-06,1976.369995
2003-11-07,1970.739990
2003-11-10,1941.640015
2003-11-11,1930.750000
2003-11-12,1973.109985
2003-11-13,1967.349976
2003-11-14,1930.260010
2003-11-17,1909.609985
2003-11-18,1881.750000
2003-11-19,1899.650024
2003-11-20,1881.920044
2003-11-21,1893.880005
2003-11-24,1947.140015
2003-11-25,1943.040039
2003-11-26,1953.310059
2003-11-28,1960.260010
2003-12-01,1989.819946
2003-12-02,1980.069946
2003-12-03,1960.250000
2003-12-04,1968.800049
2003-12-05,1937.819946
2003-12-08,1948.849976
2003-12-09,1908.319946
2003-12-10,1904.650024
2003-12-11,1942.319946
2003-12-12,1949.000000
2003-12-15,1918.260010
2003-12-16,1924.290039
2003-12-17,1921.329956
2003-12-18,1956.180054
2003-12-19,1951.020020
2003-12-22,1955.800049
2003-12-23,1974.780029
2003-12-24,1969.229980
2003-12-26,1973.140015
2003-12-29,2006.479980
2003-12-30,2009.880005
2003-12-31,2003.369995
2004-01-02,2006.680054
2004-01-05,2047.359985
2004-01-06,2057.370117
2004-01-07,2077.679932
2004-01-08,2100.250000
2004-01-09,2086.919922
2004-01-12,2111.780029
2004-01-13,2096.439941
2004-01-14,2111.129883
2004-01-15,2109.080078
2004-01-16,2140.459961
2004-01-20,2147.979980
2004-01-21,2142.449951
2004-01-22,2119.010010
2004-01-23,2123.870117
2004-01-26,2153.830078
2004-01-27,2116.040039
2004-01-28,2077.370117
2004-01-29,2068.229980
2004-01-30,2066.149902
2004-02-02,2063.149902
2004-02-03,2066.209961
2004-02-04,2014.140015
2004-02-05,2019.560059
2004-02-06,2064.010010
2004-02-09,2060.570068
2004-02-10,2075.330078
2004-02-11,2089.659912
2004-02-12,2073.610107
2004-02-13,2053.560059
2004-02-17,2080.350098
2004-02-18,2076.469971
2004-02-19,2045.959961
2004-02-20,2037.930054
2004-02-23,2007.520020
2004-02-24,2005.439941
2004-02-25,2022.979980
2004-02-26,2032.569946
2004-02-27,2029.819946
2004-03-01,2057.800049
2004-03-02,2039.650024
2004-03-03,2033.359985
2004-03-04,2055.110107
2004-03-05,2047.630005
2004-03-08,2008.780029
2004-03-09,1995.160034
2004-03-10,1964.150024
2004-03-11,1943.890015
2004-03-12,1984.729980
2004-03-15,1939.199951
2004-03-16,1943.089966
2004-03-17,1976.760010
2004-03-18,1962.439941
2004-03-19,1940.469971
2004-03-22,1909.900024
2004-03-23,1901.800049
2004-03-24,1909.479980
2004-03-25,1967.170044
2004-03-26,1960.020020
2004-03-29,1992.569946
2004-03-30,2000.630005
2004-03-31,1994.219971
2004-04-01,2015.010010
2004-04-02,2057.169922
2004-04-05,2079.120117
2004-04-06,2059.899902
2004-04-07,2050.239990
2004-04-08,2052.879883
2004-04-12,2065.479980
2004-04-13,2030.079956
2004-04-14,2024.849976
2004-04-15,2002.170044
2004-04-16,1995.739990
2004-04-19,2020.430054
2004-04-20,1978.630005
2004-04-21,1995.630005
2004-04-22,2032.910034
2004-04-23,2049.770020
2004-04-26,2036.770020
2004-04-27,2032.530029
2004-04-28,1989.540039
2004-04-29,1958.780029
2004-04-30,1920.150024
2004-05-03,1938.719971
2004-05-04,1950.479980
2004-05-05,1957.260010
2004-05-06,1937.739990
2004-05-07,1917.959961
2004-05-10,1896.069946
2004-05-11,1931.349976
2004-05-12,1925.589966
2004-05-13,1926.030029
2004-05-14,1904.250000
2004-05-17,1876.640015
2004-05-18,1897.819946
2004-05-19,1898.170044
2004-05-20,1896.589966
2004-05-21,1912.089966
2004-05-24,1922.979980
2004-05-25,1964.650024
2004-05-26,1976.150024
2004-05-27,1984.500000
2004-05-28,1986.739990
2004-06-01,1990.770020
2004-06-02,1988.979980
2004-06-03,1960.260010
2004-06-04,1978.619995
2004-06-07,2020.619995
2004-06-08,2023.530029
2004-06-09,1990.609985
2004-06-10,1999.869995
2004-06-14,1969.989990
2004-06-15,1995.599976
2004-06-16,1998.229980
2004-06-17,1983.670044
2004-06-18,1986.729980
2004-06-21,1974.380005
2004-06-22,1994.150024
2004-06-23,2020.979980
2004-06-24,2015.569946
2004-06-25,2025.469971
2004-06-28,2019.819946
2004-06-29,2034.930054
2004-06-30,2047.790039
2004-07-01,2015.550049
2004-07-02,2006.660034
2004-07-06,1963.430054
2004-07-07,1966.079956
2004-07-08,1935.319946
2004-07-09,1946.329956
2004-07-12,1936.920044
2004-07-13,1931.660034
2004-07-14,1914.880005
2004-07-15,1912.709961
2004-07-16,1883.150024
2004-07-19,1883.829956
2004-07-20,1917.069946
2004-07-21,1874.369995
2004-07-22,1889.060059
2004-07-23,1849.089966
2004-07-26,1839.020020
2004-07-27,1869.099976
2004-07-28,1858.260010
2004-07-29,1881.060059
2004-07-30,1887.359985
2004-08-02,1892.089966
2004-08-03,1859.420044
2004-08-04,1855.060059
2004-08-05,1821.630005
2004-08-06,1776.890015
2004-08-09,1774.640015
2004-08-10,1808.699951
2004-08-11,1782.420044
2004-08-12,1752.489990
2004-08-13,1757.219971
2004-08-16,1782.839966
2004-08-17,1795.250000
2004-08-18,1831.369995
2004-08-19,1819.890015
2004-08-20,1838.020020
2004-08-23,1838.699951
2004-08-24,1836.890015
2004-08-25,1860.719971
2004-08-26,1852.920044
2004-08-27,1862.089966
2004-08-30,1836.489990
2004-08-31,1838.099976
2004-09-01,1850.410034
2004-09-02,1873.430054
2004-09-03,1844.479980
2004-09-07,1858.560059
2004-09-08,1850.640015
2004-09-09,1869.650024
2004-09-10,1894.310059
2004-09-13,1910.380005
2004-09-14,1915.400024
2004-09-15,1896.520020
2004-09-16,1904.079956
2004-09-17,1910.089966
2004-09-20,1908.069946
2004-09-21,1921.180054
2004-09-22,1885.709961
2004-09-23,1886.430054
2004-09-24,1879.479980
2004-09-27,1859.880005
2004-09-28,1869.869995
2004-09-29,1893.939941
2004-09-30,1896.839966
2004-10-01,1942.199951
2004-10-04,1952.400024
2004-10-05,1955.500000
2004-10-06,1971.030029
2004-10-07,1948.520020
2004-10-08,1919.969971
2004-10-11,1928.760010
2004-10-12,1925.170044
2004-10-13,1920.530029
2004-10-14,1903.020020
2004-10-15,1911.500000
2004-10-18,1936.520020
2004-10-19,1922.900024
2004-10-20,1932.969971
2004-10-21,1953.619995
2004-10-22,1915.140015
2004-10-25,1914.040039
2004-10-26,1928.790039
2004-10-27,1969.989990
2004-10-28,1975.739990
2004-10-29,1974.989990
2004-11-01,1979.869995
2004-11-02,1984.790039
2004-11-03,2004.329956
2004-11-04,2023.630005
2004-11-05,2038.939941
2004-11-08,2039.250000
2004-11-09,2043.329956
2004-11-10,2034.560059
2004-11-11,2061.270020
2004-11-12,2085.340088
2004-11-15,2094.090088
2004-11-16,2078.620117
2004-11-17,2099.679932
2004-11-18,2104.280029
2004-11-19,2070.629883
2004-11-22,2085.189941
2004-11-23,2084.280029
2004-11-24,2102.540039
2004-11-26,2101.969971
2004-11-29,2106.870117
2004-11-30,2096.810059
2004-12-01,2138.229980
2004-12-02,2143.570068
2004-12-03,2147.959961
2004-12-06,2151.250000
2004-12-07,2114.659912
2004-12-08,2126.110107
2004-12-09,2129.010010
2004-12-10,2128.070068
2004-12-13,2148.500000
2004-12-14,2159.840088
2004-12-15,2162.550049
2004-12-16,2146.149902
2004-12-17,2135.199951
2004-12-20,2127.850098
2004-12-21,2150.909912
2004-12-22,2157.030029
2004-12-23,2160.620117
2004-12-27,2154.219971
2004-12-28,2177.189941
2004-12-29,2177.000000
2004-12-30,2178.340088
2004-12-31,2175.439941
2005-01-03,2152.149902
2005-01-04,2107.860107
2005-01-05,2091.239990
2005-01-06,2090.000000
2005-01-07,2088.610107
2005-01-10,2097.040039
2005-01-11,2079.620117
2005-01-12,2092.530029
2005-01-13,2070.560059
2005-01-14,2087.909912
2005-01-18,2106.040039
2005-01-19,2073.590088
2005-01-20,2045.880005
2005-01-21,2034.270020
2005-01-24,2008.699951
2005-01-25,2019.949951
2005-01-26,2046.089966
2005-01-27,2047.150024
2005-01-28,2035.829956
2005-01-31,2062.409912
2005-02-01,2068.699951
2005-02-02,2075.060059
2005-02-03,2057.639893
2005-02-04,2086.659912
2005-02-07,2082.030029
2005-02-08,2086.679932
2005-02-09,2052.550049
2005-02-10,2053.100098
2005-02-11,2076.659912
2005-02-14,2082.909912
2005-02-15,2089.209961
2005-02-16,2087.429932
2005-02-17,2061.340088
2005-02-18,2058.620117
2005-02-22,2030.319946
2005-02-23,2031.250000
2005-02-24,2051.699951
2005-02-25,2065.399902
2005-02-28,2051.719971
2005-03-01,2071.250000
2005-03-02,2067.500000
2005-03-03,2058.399902
2005-03-04,2070.610107
2005-03-07,2090.209961
2005-03-08,2073.550049
2005-03-09,2061.290039
2005-03-10,2059.719971
2005-03-11,2041.599976
2005-03-14,2051.040039
2005-03-15,2034.979980
2005-03-16,2015.750000
2005-03-17,2016.420044
2005-03-18,2007.790039
2005-03-21,2007.510010
2005-03-22,1989.339966
2005-03-23,1990.219971
2005-03-24,1991.060059
2005-03-28,1992.520020
2005-03-29,1973.880005
2005-03-30,2005.670044
2005-03-31,1999.229980
2005-04-01,1984.810059
2005-04-04,1991.069946
2005-04-05,1999.319946
2005-04-06,1999.140015
2005-04-07,2018.790039
2005-04-08,1999.349976
2005-04-11,1992.119995
2005-04-12,2005.400024
2005-04-13,1974.369995
2005-04-14,1946.709961
2005-04-15,1908.150024
2005-04-18,1912.920044
2005-04-19,1932.359985
2005-04-20,1913.760010
2005-04-21,1962.410034
2005-04-22,1932.189941
2005-04-25,1950.780029
2005-04-26,1927.439941
2005-04-27,1930.430054
2005-04-28,1904.180054
2005-04-29,1921.650024
2005-05-02,1928.650024
2005-05-03,1933.069946
2005-05-04,1962.229980
2005-05-05,1961.800049
2005-05-06,1967.349976
2005-05-09,1979.670044
2005-05-10,1962.770020
2005-05-11,1971.550049
2005-05-12,1963.880005
2005-05-13,1976.780029
2005-05-16,1994.430054
2005-05-17,2004.150024
2005-05-18,2030.650024
2005-05-19,2042.579956
2005-05-20,2046.420044
2005-05-23,2056.649902
2005-05-24,2061.620117
2005-05-25,2050.120117
2005-05-26,2071.239990
2005-05-27,2075.729980
2005-05-31,2068.219971
2005-06-01,2087.860107
2005-06-02,2097.800049
2005-06-03,2071.429932
2005-06-06,2075.760010
2005-06-07,2067.159912
2005-06-08,2060.179932
2005-06-09,2076.909912
2005-06-10,2063.000000
2005-06-13,2068.959961
2005-06-14,2069.040039
2005-06-15,2074.919922
2005-06-16,2089.149902
2005-06-17,2090.110107
2005-06-20,2088.129883
2005-06-21,2091.070068
2005-06-22,2092.030029
2005-06-23,2070.659912
2005-06-24,2053.270020
2005-06-27,2045.199951
2005-06-28,2069.889893
2005-06-29,2068.889893
2005-06-30,2056.959961
2005-07-01,2057.370117
2005-07-05,2078.750000
2005-07-06,2068.649902
2005-07-07,2075.659912
2005-07-08,2112.879883
2005-07-11,2135.429932
2005-07-12,2143.149902
2005-07-13,2144.110107
2005-07-14,2152.820068
2005-07-15,2156.780029
2005-07-18,2144.870117
2005-07-19,2173.179932
2005-07-20,2188.570068
2005-07-21,2178.600098
2005-07-22,2179.739990
2005-07-25,2166.739990
2005-07-26,2175.989990
2005-07-27,2186.219971
2005-07-28,2198.439941
2005-07-29,2184.830078
2005-08-01,2195.379883
2005-08-02,2218.149902
2005-08-03,2216.810059
2005-08-04,2191.320068
2005-08-05,2177.909912
2005-08-08,2164.389893
2005-08-09,2174.189941
2005-08-10,2157.810059
2005-08-11,2174.550049
2005-08-12,2156.899902
2005-08-15,2167.040039
2005-08-16,2137.060059
2005-08-17,2145.149902
2005-08-18,2136.080078
2005-08-19,2135.560059
2005-08-22,2141.409912
2005-08-23,2137.250000
2005-08-24,2128.909912
2005-08-25,2134.370117
2005-08-26,2120.770020
2005-08-29,2137.649902
2005-08-30,2129.760010
2005-08-31,2152.090088
2005-09-01,2147.899902
2005-09-02,2141.070068
2005-09-06,2166.860107
2005-09-07,2172.030029
2005-09-08,2166.030029
2005-09-09,2175.510010
2005-09-12,2182.830078
2005-09-13,2171.750000
2005-09-14,2149.330078
2005-09-15,2146.149902
2005-09-16,2160.350098
2005-09-19,2145.260010
2005-09-20,2131.330078
2005-09-21,2106.639893
2005-09-22,2110.780029
2005-09-23,2116.840088
2005-09-26,2121.459961
2005-09-27,2116.419922
2005-09-28,2115.399902
2005-09-29,2141.219971
2005-09-30,2151.689941
2005-10-03,2155.429932
2005-10-04,2139.360107
2005-10-05,2103.020020
2005-10-06,2084.080078
2005-10-07,2090.350098
2005-10-10,2078.919922
2005-10-11,2061.090088
2005-10-12,2037.469971
2005-10-13,2047.219971
2005-10-14,2064.830078
2005-10-17,2070.300049
2005-10-18,2056.000000
2005-10-19,2091.239990
2005-10-20,2068.110107
2005-10-21,2082.209961
2005-10-24,2115.830078
2005-10-25,2109.449951
2005-10-26,2100.050049
2005-10-27,2063.810059
2005-10-28,2089.879883
2005-10-31,2120.300049
2005-11-01,2114.050049
2005-11-02,2144.310059
2005-11-03,2160.219971
2005-11-04,2169.429932
2005-11-07,2178.239990
2005-11-08,2172.070068
2005-11-09,2175.810059
2005-11-10,2196.679932
2005-11-11,2202.469971
2005-11-14,2200.949951
2005-11-15,2186.739990
2005-11-16,2187.929932
2005-11-17,2220.459961
2005-11-18,2227.070068
2005-11-21,2241.669922
2005-11-22,2253.560059
2005-11-23,2259.979980
2005-11-25,2263.010010
2005-11-28,2239.370117
2005-11-29,2232.709961
2005-11-30,2232.820068
2005-12-01,2267.169922
2005-12-02,2273.370117
2005-12-05,2257.639893
2005-12-06,2260.760010
2005-12-07,2252.010010
2005-12-08,2246.459961
2005-12-09,2256.729980
2005-12-12,2260.949951
2005-12-13,2265.000000
2005-12-14,2262.590088
2005-12-15,2260.629883
2005-12-16,2252.479980
2005-12-19,2222.739990
2005-12-20,2222.419922
2005-12-21,2231.659912
2005-12-22,2246.489990
2005-12-23,2249.419922
2005-12-27,2226.889893
2005-12-28,2228.939941
2005-12-29,2218.159912
2005-12-30,2205.320068
2006-01-03,2243.739990
2006-01-04,2263.459961
2006-01-05,2276.870117
2006-01-06,2305.620117
2006-01-09,2318.689941
2006-01-10,2320.320068
2006-01-11,2331.360107
2006-01-12,2316.689941
2006-01-13,2317.040039
2006-01-17,2302.689941
2006-01-18,2279.639893
2006-01-19,2301.810059
2006-01-20,2247.699951
2006-01-23,2248.469971
2006-01-24,2265.250000
2006-01-25,2260.649902
2006-01-26,2283.000000
2006-01-27,2304.229980
2006-01-30,2306.780029
2006-01-31,2305.820068
2006-02-01,2310.560059
2006-02-02,2281.570068
2006-02-03,2262.580078
2006-02-06,2258.800049
2006-02-07,2244.959961
2006-02-08,2266.979980
2006-02-09,2255.870117
2006-02-10,2261.879883
2006-02-13,2239.810059
2006-02-14,2262.169922
2006-02-15,2276.429932
2006-02-16,2294.629883
2006-02-17,2282.360107
2006-02-21,2262.959961
2006-02-22,2283.169922
2006-02-23,2279.320068
2006-02-24,2287.040039
2006-02-27,2307.179932
2006-02-28,2281.389893
2006-03-01,2314.639893
2006-03-02,2311.110107
2006-03-03,2302.600098
2006-03-06,2286.030029
2006-03-07,2268.379883
2006-03-08,2267.459961
2006-03-09,2249.719971
2006-03-10,2262.040039
2006-03-13,2267.030029
2006-03-14,2295.899902
2006-03-15,2311.840088
2006-03-16,2299.560059
2006-03-17,2306.479980
2006-03-20,2314.110107
2006-03-21,2294.229980
2006-03-22,2303.350098
2006-03-23,2300.149902
2006-03-24,2312.820068
2006-03-27,2315.580078
2006-03-28,2304.459961
2006-03-29,2337.780029
2006-03-30,2340.820068
2006-03-31,2339.790039
2006-04-03,2336.739990
2006-04-04,2345.360107
2006-04-05,2359.750000
2006-04-06,2361.169922
2006-04-07,2339.020020
2006-04-10,2333.270020
2006-04-11,2310.350098
2006-04-12,2314.679932
2006-04-13,2326.110107
2006-04-17,2311.159912
2006-04-18,2356.139893
2006-04-19,2370.879883
2006-04-20,2362.550049
2006-04-21,2342.860107
2006-04-24,2333.379883
2006-04-25,2330.300049
2006-04-26,2333.629883
2006-04-27,2344.949951
2006-04-28,2322.570068
2006-05-01,2304.790039
2006-05-02,2309.840088
2006-05-03,2303.969971
2006-05-04,2323.899902
2006-05-05,2342.570068
2006-05-08,2344.989990
2006-05-09,2338.250000
2006-05-10,2320.739990
2006-05-11,2272.699951
2006-05-12,2243.780029
2006-05-15,2238.520020
2006-05-16,2229.129883
2006-05-17,2195.800049
2006-05-18,2180.320068
2006-05-19,2193.879883
2006-05-22,2172.860107
2006-05-23,2158.760010
2006-05-24,2169.169922
2006-05-25,2198.239990
2006-05-26,2210.370117
2006-05-30,2164.739990
2006-05-31,2178.879883
2006-06-01,2219.860107
2006-06-02,2219.409912
2006-06-05,2169.620117
2006-06-06,2162.780029
2006-06-07,2151.800049
2006-06-08,2145.320068
2006-06-09,2135.060059
2006-06-12,2091.320068
2006-06-13,2072.469971
2006-06-14,2086.000000
2006-06-15,2144.149902
2006-06-16,2129.949951
2006-06-19,2110.419922
2006-06-20,2107.060059
2006-06-21,2141.199951
2006-06-22,2122.979980
2006-06-23,2121.469971
2006-06-26,2133.669922
2006-06-27,2100.250000
2006-06-28,2111.840088
2006-06-29,2174.379883
2006-06-30,2172.090088
2006-07-03,2190.429932
2006-07-05,2153.340088
2006-07-06,2155.090088
2006-07-07,2130.060059
2006-07-10,2116.929932
2006-07-11,2128.860107
2006-07-12,2090.239990
2006-07-13,2054.110107
2006-07-14,2037.349976
2006-07-17,2037.719971
2006-07-18,2043.219971
2006-07-19,2080.709961
2006-07-20,2039.420044
2006-07-21,2020.390015
2006-07-24,2061.840088
2006-07-25,2073.899902
2006-07-26,2070.459961
2006-07-27,2054.469971
2006-07-28,2094.139893
2006-07-31,2091.469971
2006-08-01,2061.989990
2006-08-02,2078.810059
2006-08-03,2092.340088
2006-08-04,2085.050049
2006-08-07,2072.500000
2006-08-08,2060.850098
2006-08-09,2060.280029
2006-08-10,2071.739990
2006-08-11,2057.709961
2006-08-14,2069.040039
2006-08-15,2115.010010
2006-08-16,2149.540039
2006-08-17,2157.610107
2006-08-18,2163.949951
2006-08-21,2147.750000
2006-08-22,2150.020020
2006-08-23,2134.659912
2006-08-24,2137.110107
2006-08-25,2140.290039
2006-08-28,2160.699951
2006-08-29,2172.300049
2006-08-30,2185.729980
2006-08-31,2183.750000
2006-09-01,2193.159912
2006-09-05,2205.699951
2006-09-06,2167.840088
2006-09-07,2155.290039
2006-09-08,2165.790039
2006-09-11,2173.250000
2006-09-12,2215.820068
2006-09-13,2227.669922
2006-09-14,2228.729980
2006-09-15,2235.590088
2006-09-18,2235.750000
2006-09-19,2222.370117
2006-09-20,2252.889893
2006-09-21,2237.750000
2006-09-22,2218.929932
2006-09-25,2249.070068
2006-09-26,2261.340088
2006-09-27,2263.389893
2006-09-28,2270.020020
2006-09-29,2258.429932
2006-10-02,2237.600098
2006-10-03,2243.649902
2006-10-04,2290.949951
2006-10-05,2306.340088
2006-10-06,2299.989990
2006-10-09,2311.770020
2006-10-10,2315.429932
2006-10-11,2308.270020
2006-10-12,2346.179932
2006-10-13,2357.290039
2006-10-16,2363.840088
2006-10-17,2344.949951
2006-10-18,2337.149902
2006-10-19,2340.939941
2006-10-20,2342.300049
2006-10-23,2355.560059
2006-10-24,2344.840088
2006-10-25,2356.590088
2006-10-26,2379.100098
2006-10-27,2350.620117
2006-10-30,2363.770020
2006-10-31,2366.709961
2006-11-01,2334.350098
2006-11-02,2334.020020
2006-11-03,2330.790039
2006-11-06,2365.949951
2006-11-07,2375.879883
2006-11-08,2384.939941
2006-11-09,2376.010010
2006-11-10,2389.719971
2006-11-13,2406.379883
2006-11-14,2430.659912
2006-11-15,2442.750000
2006-11-16,2449.060059
2006-11-17,2445.860107
2006-11-20,2452.719971
2006-11-21,2454.840088
2006-11-22,2465.979980
2006-11-24,2460.260010
2006-11-27,2405.919922
2006-11-28,2412.610107
2006-11-29,2432.229980
2006-11-30,2431.770020
2006-12-01,2413.209961
2006-12-04,2448.389893
2006-12-05,2452.379883
2006-12-06,2445.860107
2006-12-07,2427.689941
2006-12-08,2437.360107
2006-12-11,2442.860107
2006-12-12,2431.600098
2006-12-13,2432.409912
2006-12-14,2453.850098
2006-12-15,2457.199951
2006-12-18,2435.570068
2006-12-19,2429.550049
2006-12-20,2427.610107
2006-12-21,2415.850098
2006-12-22,2401.179932
2006-12-26,2413.510010
2006-12-27,2431.219971
2006-12-28,2425.570068
2006-12-29,2415.290039
2007-01-03,2423.159912
2007-01-04,2453.429932
2007-01-05,2434.250000
2007-01-08,2438.199951
2007-01-09,2443.830078
2007-01-10,2459.330078
2007-01-11,2484.850098
2007-01-12,2502.820068
2007-01-16,2497.780029
2007-01-17,2479.419922
2007-01-18,2443.209961
2007-01-19,2451.310059
2007-01-22,2431.070068
2007-01-23,2431.409912
2007-01-24,2466.280029
2007-01-25,2434.239990
2007-01-26,2435.489990
2007-01-29,2441.090088
2007-01-30,2448.639893
2007-01-31,2463.929932
2007-02-01,2468.379883
2007-02-02,2475.879883
2007-02-05,2470.600098
2007-02-06,2471.489990
2007-02-07,2490.500000
2007-02-08,2488.669922
2007-02-09,2459.820068
2007-02-12,2450.379883
2007-02-13,2459.879883
2007-02-14,2488.379883
2007-02-15,2497.100098
2007-02-16,2496.310059
2007-02-20,2513.040039
2007-02-21,2518.419922
2007-02-22,2524.939941
2007-02-23,2515.100098
2007-02-26,2504.520020
2007-02-27,2407.860107
2007-02-28,2416.149902
2007-03-01,2404.209961
2007-03-02,2368.000000
2007-03-05,2340.679932
2007-03-06,2385.139893
2007-03-07,2374.639893
2007-03-08,2387.729980
2007-03-09,2387.550049
2007-03-12,2402.290039
2007-03-13,2350.570068
2007-03-14,2371.739990
2007-03-15,2378.699951
2007-03-16,2372.659912
2007-03-19,2394.409912
2007-03-20,2408.209961
2007-03-21,2455.919922
2007-03-22,2451.739990
2007-03-23,2448.929932
2007-03-26,2455.629883
2007-03-27,2437.429932
2007-03-28,2417.100098
2007-03-29,2417.879883
2007-03-30,2421.639893
2007-04-02,2422.260010
2007-04-03,2450.330078
2007-04-04,2458.689941
2007-04-05,2471.340088
2007-04-09,2469.179932
2007-04-10,2477.610107
2007-04-11,2459.310059
2007-04-12,2480.320068
2007-04-13,2491.939941
2007-04-16,2518.330078
2007-04-17,2516.949951
2007-04-18,2510.500000
2007-04-19,2505.350098
2007-04-20,2526.389893
2007-04-23,2523.669922
2007-04-24,2524.540039
2007-04-25,2547.889893
2007-04-26,2554.459961
2007-04-27,2557.209961
2007-04-30,2525.090088
2007-05-01,2531.530029
2007-05-02,2557.840088
2007-05-03,2565.459961
2007-05-04,2572.149902
2007-05-07,2570.949951
2007-05-08,2571.750000
2007-05-09,2576.340088
2007-05-10,2533.739990
2007-05-11,2562.219971
2007-05-14,2546.439941
2007-05-15,2525.290039
2007-05-16,2547.419922
2007-05-17,2539.379883
2007-05-18,2558.449951
2007-05-21,2578.790039
2007-05-22,2588.020020
2007-05-23,2577.050049
2007-05-24,2537.919922
2007-05-25,2557.189941
2007-05-29,2572.060059
2007-05-30,2592.590088
2007-05-31,2604.520020
2007-06-01,2613.919922
2007-06-04,2618.290039
2007-06-05,2611.229980
2007-06-06,2587.179932
2007-06-07,2541.379883
2007-06-08,2573.540039
2007-06-11,2572.149902
2007-06-12,2549.770020
2007-06-13,2582.310059
2007-06-14,2599.409912
2007-06-15,2626.709961
2007-06-18,2626.600098
2007-06-19,2626.760010
2007-06-20,2599.959961
2007-06-21,2616.959961
2007-06-22,2588.959961
2007-06-25,2577.080078
2007-06-26,2574.159912
2007-06-27,2605.350098
2007-06-28,2608.370117
2007-06-29,2603.229980
2007-07-02,2632.300049
2007-07-03,2644.949951
2007-07-05,2656.649902
2007-07-06,2666.510010
2007-07-09,2670.020020
2007-07-10,2639.159912
2007-07-11,2651.790039
2007-07-12,2701.729980
2007-07-13,2707.000000
2007-07-16,2697.330078
2007-07-17,2712.290039
2007-07-18,2699.489990
2007-07-19,2720.040039
2007-07-20,2687.600098
2007-07-23,2690.580078
2007-07-24,2639.860107
2007-07-25,2648.169922
2007-07-26,2599.340088
2007-07-27,2562.239990
2007-07-30,2583.280029
2007-07-31,2546.270020
2007-08-01,2553.870117
2007-08-02,2575.979980
2007-08-03,2511.250000
2007-08-06,2547.330078
2007-08-07,2561.600098
2007-08-08,2612.979980
2007-08-09,2556.489990
2007-08-10,2544.889893
2007-08-13,2542.239990
2007-08-14,2499.120117
2007-08-15,2458.830078
2007-08-16,2451.070068
2007-08-17,2505.030029
2007-08-20,2508.590088
2007-08-21,2521.300049
2007-08-22,2552.800049
2007-08-23,2541.699951
2007-08-24,2576.689941
2007-08-27,2561.250000
2007-08-28,2500.639893
2007-08-29,2563.159912
2007-08-30,2565.300049
2007-08-31,2596.360107
2007-09-04,2630.239990
2007-09-05,2605.949951
2007-09-06,2614.320068
2007-09-07,2565.699951
2007-09-10,2559.110107
2007-09-11,2597.469971
2007-09-12,2592.070068
2007-09-13,2601.060059
2007-09-14,2602.179932
2007-09-17,2581.659912
2007-09-18,2651.659912
2007-09-19,2666.479980
2007-09-20,2654.290039
2007-09-21,2671.219971
2007-09-24,2667.949951
2007-09-25,2683.449951
2007-09-26,2699.030029
2007-09-27,2709.590088
2007-09-28,2701.500000
2007-10-01,2740.989990
2007-10-02,2747.110107
2007-10-03,2729.429932
2007-10-04,2733.570068
2007-10-05,2780.320068
2007-10-08,2787.370117
2007-10-09,2803.909912
2007-10-10,2811.610107
2007-10-11,2772.199951
2007-10-12,2805.679932
2007-10-15,2780.050049
2007-10-16,2763.909912
2007-10-17,2792.669922
2007-10-18,2799.310059
2007-10-19,2725.159912
2007-10-22,2753.929932
2007-10-23,2799.260010
2007-10-24,2774.760010
2007-10-25,2750.860107
2007-10-26,2804.189941
2007-10-29,2817.439941
2007-10-30,2816.709961
2007-10-31,2859.120117
2007-11-01,2794.830078
2007-11-02,2810.379883
2007-11-05,2795.179932
2007-11-06,2825.179932
2007-11-07,2748.760010
2007-11-08,2696.000000
2007-11-09,2627.939941
2007-11-12,2584.129883
2007-11-13,2673.649902
2007-11-14,2644.320068
2007-11-15,2618.510010
2007-11-16,2637.239990
2007-11-19,2593.379883
2007-11-20,2596.810059
2007-11-21,2562.149902
2007-11-23,2596.600098
2007-11-26,2540.989990
2007-11-27,2580.800049
2007-11-28,2662.909912
2007-11-29,2668.129883
2007-11-30,2660.959961
2007-12-03,2637.129883
2007-12-04,2619.830078
2007-12-05,2666.360107
2007-12-06,2709.030029
2007-12-07,2706.159912
2007-12-10,2718.949951
2007-12-11,2652.350098
2007-12-12,2671.139893
2007-12-13,2668.489990
2007-12-14,2635.739990
2007-12-17,2574.459961
2007-12-18,2596.030029
2007-12-19,2601.010010
2007-12-20,2640.860107
2007-12-21,2691.989990
2007-12-24,2713.500000
2007-12-26,2724.409912
2007-12-27,2676.790039
2007-12-28,2674.459961
2007-12-31,2652.280029
2008-01-02,2609.629883
2008-01-03,2602.679932
2008-01-04,2504.649902
2008-01-07,2499.459961
2008-01-08,2440.510010
2008-01-09,2474.550049
2008-01-10,2488.520020
2008-01-11,2439.939941
2008-01-14,2478.300049
2008-01-15,2417.590088
2008-01-16,2394.590088
2008-01-17,2346.899902
2008-01-18,2340.020020
2008-01-22,2292.270020
2008-01-23,2316.409912
2008-01-24,2360.919922
2008-01-25,2326.199951
2008-01-28,2349.909912
2008-01-29,2358.060059
2008-01-30,2349.000000
2008-01-31,2389.860107
2008-02-01,2413.360107
2008-02-04,2382.850098
2008-02-05,2309.570068
2008-02-06,2278.750000
2008-02-07,2293.030029
2008-02-08,2304.850098
2008-02-11,2320.060059
2008-02-12,2320.040039
2008-02-13,2373.929932
2008-02-14,2332.540039
2008-02-15,2321.800049
2008-02-19,2306.199951
2008-02-20,2327.100098
2008-02-21,2299.780029
2008-02-22,2303.350098
2008-02-25,2327.479980
2008-02-26,2344.989990
2008-02-27,2353.780029
2008-02-28,2331.570068
2008-02-29,2271.479980
2008-03-03,2258.600098
2008-03-04,2260.280029
2008-03-05,2272.810059
2008-03-06,2220.500000
2008-03-07,2212.489990
2008-03-10,2169.340088
2008-03-11,2255.760010
2008-03-12,2243.870117
2008-03-13,2263.610107
2008-03-14,2212.489990
2008-03-17,2177.010010
2008-03-18,2268.260010
2008-03-19,2209.959961
2008-03-20,2258.110107
2008-03-24,2326.750000
2008-03-25,2341.050049
2008-03-26,2324.360107
2008-03-27,2280.830078
2008-03-28,2261.179932
2008-03-31,2279.100098
2008-04-01,2362.750000
2008-04-02,2361.399902
2008-04-03,2363.300049
2008-04-04,2370.979980
2008-04-07,2364.830078
2008-04-08,2348.760010
2008-04-09,2322.120117
2008-04-10,2351.699951
2008-04-11,2290.239990
2008-04-14,2275.820068
2008-04-15,2286.040039
2008-04-16,2350.110107
2008-04-17,2341.830078
2008-04-18,2402.969971
2008-04-21,2408.040039
2008-04-22,2376.939941
2008-04-23,2405.209961
2008-04-24,2428.919922
2008-04-25,2422.929932
2008-04-28,2424.399902
2008-04-29,2426.100098
2008-04-30,2412.800049
2008-05-01,2480.709961
2008-05-02,2476.989990
2008-05-05,2464.120117
2008-05-06,2483.310059
2008-05-07,2438.489990
2008-05-08,2451.239990
2008-05-09,2445.520020
2008-05-12,2488.489990
2008-05-13,2495.120117
2008-05-14,2496.699951
2008-05-15,2533.729980
2008-05-16,2528.850098
2008-05-19,2516.090088
2008-05-20,2492.260010
2008-05-21,2448.270020
2008-05-22,2464.580078
2008-05-23,2444.669922
2008-05-27,2481.239990
2008-05-28,2486.699951
2008-05-29,2508.320068
2008-05-30,2522.659912
2008-06-02,2491.530029
2008-06-03,2480.479980
2008-06-04,2503.139893
2008-06-05,2549.939941
2008-06-06,2474.560059
2008-06-09,2459.459961
2008-06-10,2448.939941
2008-06-11,2394.010010
2008-06-12,2404.350098
2008-06-13,2454.500000
2008-06-16,2474.780029
2008-06-17,2457.729980
2008-06-18,2429.709961
2008-06-19,2462.060059
2008-06-20,2406.090088
2008-06-23,2385.739990
2008-06-24,2368.280029
2008-06-25,2401.260010
2008-06-26,2321.370117
2008-06-27,2315.629883
2008-06-30,2292.979980
2008-07-01,2304.969971
2008-07-02,2251.459961
2008-07-03,2245.379883
2008-07-07,2243.320068
2008-07-08,2294.439941
2008-07-09,2234.889893
2008-07-10,2257.850098
2008-07-11,2239.080078
2008-07-14,2212.870117
2008-07-15,2215.709961
2008-07-16,2284.850098
2008-07-17,2312.300049
2008-07-18,2282.780029
2008-07-21,2279.530029
2008-07-22,2303.959961
2008-07-23,2325.879883
2008-07-24,2280.110107
2008-07-25,2310.530029
2008-07-28,2264.219971
2008-07-29,2319.620117
2008-07-30,2329.719971
2008-07-31,2325.550049
2008-08-01,2310.959961
2008-08-04,2285.560059
2008-08-05,2349.830078
2008-08-06,2378.370117
2008-08-07,2355.729980
2008-08-08,2414.100098
2008-08-11,2439.949951
2008-08-12,2430.610107
2008-08-13,2428.620117
2008-08-14,2453.669922
2008-08-15,2452.520020
2008-08-18,2416.979980
2008-08-19,2384.360107
2008-08-20,2389.080078
2008-08-21,2380.379883
2008-08-22,2414.709961
2008-08-25,2365.590088
2008-08-26,2361.969971
2008-08-27,2382.459961
2008-08-28,2411.639893
2008-08-29,2367.520020
2008-09-02,2349.239990
2008-09-03,2333.729980
2008-09-04,2259.040039
2008-09-05,2255.879883
2008-09-08,2269.760010
2008-09-09,2209.810059
2008-09-10,2228.699951
2008-09-11,2258.219971
2008-09-12,2261.270020
2008-09-15,2179.909912
2008-09-16,2207.899902
2008-09-17,2098.850098
2008-09-18,2199.100098
2008-09-19,2273.899902
2008-09-22,2178.979980
2008-09-23,2153.330078
2008-09-24,2155.679932
2008-09-25,2186.570068
2008-09-26,2183.340088
2008-09-29,1983.729980
2008-09-30,2091.879883
2008-10-01,2069.399902
2008-10-02,1976.719971
2008-10-03,1947.390015
2008-10-06,1862.959961
2008-10-07,1754.880005
2008-10-08,1740.329956
2008-10-09,1645.119995
2008-10-10,1649.510010
2008-10-13,1844.250000
2008-10-14,1779.010010
2008-10-15,1628.329956
2008-10-16,1717.709961
2008-10-17,1711.290039
2008-10-20,1770.030029
2008-10-21,1696.680054
2008-10-22,1615.750000
2008-10-23,1603.910034
2008-10-24,1552.030029
2008-10-27,1505.900024
2008-10-28,1649.469971
2008-10-29,1657.209961
2008-10-30,1698.520020
2008-10-31,1720.949951
2008-11-03,1726.329956
2008-11-04,1780.119995
2008-11-05,1681.640015
2008-11-06,1608.699951
2008-11-07,1647.400024
2008-11-10,1616.739990
2008-11-11,1580.900024
2008-11-12,1499.209961
2008-11-13,1596.699951
2008-11-14,1516.849976
2008-11-17,1482.050049
2008-11-18,1483.270020
2008-11-19,1386.420044
2008-11-20,1316.119995
2008-11-21,1384.349976
2008-11-24,1472.020020
2008-11-25,1464.729980
2008-11-26,1532.099976
2008-11-28,1535.569946
2008-12-01,1398.069946
2008-12-02,1449.800049
2008-12-03,1492.380005
2008-12-04,1445.560059
2008-12-05,1509.310059
2008-12-08,1571.739990
2008-12-09,1547.339966
2008-12-10,1565.479980
2008-12-11,1507.880005
2008-12-12,1540.719971
2008-12-15,1508.339966
2008-12-16,1589.890015
2008-12-17,1579.310059
2008-12-18,1552.369995
2008-12-19,1564.319946
2008-12-22,1532.349976
2008-12-23,1521.540039
2008-12-24,1524.900024
2008-12-26,1530.239990
2008-12-29,1510.319946
2008-12-30,1550.699951
2008-12-31,1577.030029
2009-01-02,1632.209961
2009-01-05,1628.030029
2009-01-06,1652.380005
2009-01-07,1599.060059
2009-01-08,1617.010010
2009-01-09,1571.589966
2009-01-12,1538.790039
2009-01-13,1546.459961
2009-01-14,1489.640015
2009-01-15,1511.839966
2009-01-16,1529.329956
2009-01-20,1440.859985
2009-01-21,1507.069946
2009-01-22,1465.489990
2009-01-23,1477.290039
2009-01-26,1489.459961
2009-01-27,1504.900024
2009-01-28,1558.339966
2009-01-29,1507.839966
2009-01-30,1476.420044
2009-02-02,1494.430054
2009-02-03,1516.300049
2009-02-04,1515.050049
2009-02-05,1546.239990
2009-02-06,1591.709961
2009-02-09,1591.560059
2009-02-10,1524.729980
2009-02-11,1530.500000
2009-02-12,1541.709961
2009-02-13,1534.359985
2009-02-17,1470.660034
2009-02-18,1467.969971
2009-02-19,1442.819946
2009-02-20,1441.229980
2009-02-23,1387.719971
2009-02-24,1441.829956
2009-02-25,1425.430054
2009-02-26,1391.469971
2009-02-27,1377.839966
2009-03-02,1322.849976
2009-03-03,1321.010010
2009-03-04,1353.739990
2009-03-05,1299.589966
2009-03-06,1293.849976
2009-03-09,1268.640015
2009-03-10,1358.280029
2009-03-11,1371.640015
2009-03-12,1426.099976
2009-03-13,1431.500000
2009-03-16,1404.020020
2009-03-17,1462.109985
2009-03-18,1491.219971
2009-03-19,1483.479980
2009-03-20,1457.270020
2009-03-23,1555.770020
2009-03-24,1516.520020
2009-03-25,1528.949951
2009-03-26,1587.000000
2009-03-27,1545.199951
2009-03-30,1501.800049
2009-03-31,1528.589966
2009-04-01,1551.599976
2009-04-02,1602.630005
2009-04-03,1621.869995
2009-04-06,1606.709961
2009-04-07,1561.609985
2009-04-08,1590.660034
2009-04-09,1652.540039
2009-04-13,1653.310059
2009-04-14,1625.719971
2009-04-15,1626.800049
2009-04-16,1670.439941
2009-04-17,1673.069946
2009-04-20,1608.209961
2009-04-21,1643.849976
2009-04-22,1646.119995
2009-04-23,1652.209961
2009-04-24,1694.290039
2009-04-27,1679.410034
2009-04-28,1673.810059
2009-04-29,1711.939941
2009-04-30,1717.300049
2009-05-01,1719.199951
2009-05-04,1763.560059
2009-05-05,1754.119995
2009-05-06,1759.099976
2009-05-07,1716.239990
2009-05-08,1739.000000
2009-05-11,1731.239990
2009-05-12,1715.920044
2009-05-13,1664.189941
2009-05-14,1689.209961
2009-05-15,1680.140015
2009-05-18,1732.359985
2009-05-19,1734.540039
2009-05-20,1727.839966
2009-05-21,1695.250000
2009-05-22,1692.010010
2009-05-26,1750.430054
2009-05-27,1731.079956
2009-05-28,1751.790039
2009-05-29,1774.329956
2009-06-01,1828.680054
2009-06-02,1836.800049
2009-06-03,1825.920044
2009-06-04,1850.020020
2009-06-05,1849.420044
2009-06-08,1842.400024
2009-06-09,1860.130005
2009-06-10,1853.079956
2009-06-11,1862.369995
2009-06-12,1858.800049
2009-06-15,1816.380005
2009-06-16,1796.180054
2009-06-17,1808.060059
2009-06-18,1807.719971
2009-06-19,1827.469971
2009-06-22,1766.189941
2009-06-23,1764.920044
2009-06-24,1792.339966
2009-06-25,1829.540039
2009-06-26,1838.219971
2009-06-29,1844.060059
2009-06-30,1835.040039
2009-07-01,1845.719971
2009-07-02,1796.520020
2009-07-06,1787.400024
2009-07-07,1746.170044
2009-07-08,1747.170044
2009-07-09,1752.550049
2009-07-10,1756.030029
2009-07-13,1793.209961
2009-07-14,1799.729980
2009-07-15,1862.900024
2009-07-16,1885.030029
2009-07-17,1886.609985
2009-07-20,1909.290039
2009-07-21,1916.199951
2009-07-22,1926.380005
2009-07-23,1973.599976
2009-07-24,1965.959961
2009-07-27,1967.890015
2009-07-28,1975.510010
2009-07-29,1967.760010
2009-07-30,1984.300049
2009-07-31,1978.500000
2009-08-03,2008.609985
2009-08-04,2011.310059
2009-08-05,1993.050049
2009-08-06,1973.160034
2009-08-07,2000.250000
2009-08-10,1992.239990
2009-08-11,1969.729980
2009-08-12,1998.719971
2009-08-13,2009.349976
2009-08-14,1985.520020
2009-08-17,1930.839966
2009-08-18,1955.920044
2009-08-19,1969.239990
2009-08-20,1989.219971
2009-08-21,2020.900024
2009-08-24,2017.979980
2009-08-25,2024.229980
2009-08-26,2024.430054
2009-08-27,2027.729980
2009-08-28,2028.770020
2009-08-31,2009.060059
2009-09-01,1968.890015
2009-09-02,1967.069946
2009-09-03,1983.199951
2009-09-04,2018.780029
2009-09-08,2037.770020
2009-09-09,2060.389893
2009-09-10,2084.020020
2009-09-11,2080.899902
2009-09-14,2091.780029
2009-09-15,2102.639893
2009-09-16,2133.149902
2009-09-17,2126.750000
2009-09-18,2132.860107
2009-09-21,2138.040039
2009-09-22,2146.300049
2009-09-23,2131.419922
2009-09-24,2107.610107
2009-09-25,2090.919922
2009-09-28,2130.739990
2009-09-29,2124.040039
2009-09-30,2122.419922
2009-10-01,2057.479980
2009-10-02,2048.110107
2009-10-05,2068.149902
2009-10-06,2103.570068
2009-10-07,2110.330078
2009-10-08,2123.929932
2009-10-09,2139.280029
2009-10-12,2139.139893
2009-10-13,2139.889893
2009-10-14,2172.229980
2009-10-15,2173.290039
2009-10-16,2156.800049
2009-10-19,2176.320068
2009-10-20,2163.469971
2009-10-21,2150.729980
2009-10-22,2165.290039
2009-10-23,2154.469971
2009-10-26,2141.850098
2009-10-27,2116.090088
2009-10-28,2059.610107
2009-10-29,2097.550049
2009-10-30,2045.109985
2009-11-02,2049.199951
2009-11-03,2057.320068
2009-11-04,2055.520020
2009-11-05,2105.320068
2009-11-06,2112.439941
2009-11-09,2154.060059
2009-11-10,2151.080078
2009-11-11,2166.899902
2009-11-12,2149.020020
2009-11-13,2167.879883
2009-11-16,2197.850098
2009-11-17,2203.780029
2009-11-18,2193.139893
2009-11-19,2156.820068
2009-11-20,2146.040039
2009-11-23,2176.010010
2009-11-24,2169.179932
2009-11-25,2176.050049
2009-11-27,2138.439941
2009-11-30,2144.600098
2009-12-01,2175.810059
2009-12-02,2185.030029
2009-12-03,2173.139893
2009-12-04,2194.350098
2009-12-07,2189.610107
2009-12-08,2172.989990
2009-12-09,2183.729980
2009-12-10,2190.860107
2009-12-11,2190.310059
2009-12-14,2212.100098
2009-12-15,2201.050049
2009-12-16,2206.909912
2009-12-17,2180.050049
2009-12-18,2211.689941
2009-12-21,2237.659912
2009-12-22,2252.669922
2009-12-23,2269.639893
2009-12-24,2285.689941
2009-12-28,2291.080078
2009-12-29,2288.399902
2009-12-30,2291.280029
2009-12-31,2269.149902
2010-01-04,2308.419922
2010-01-05,2308.709961
2010-01-06,2301.090088
2010-01-07,2300.050049
2010-01-08,2317.169922
2010-01-11,2312.409912
2010-01-12,2282.310059
2010-01-13,2307.899902
2010-01-14,2316.739990
2010-01-15,2287.989990
2010-01-19,2320.399902
2010-01-20,2291.250000
2010-01-21,2265.699951
2010-01-22,2205.290039
2010-01-25,2210.800049
2010-01-26,2203.729980
2010-01-27,2221.409912
2010-01-28,2179.000000
2010-01-29,2147.350098
2010-02-01,2171.199951
2010-02-02,2190.060059
2010-02-03,2190.909912
2010-02-04,2125.429932
2010-02-05,2141.120117
2010-02-08,2126.050049
2010-02-09,2150.870117
2010-02-10,2147.870117
2010-02-11,2177.409912
2010-02-12,2183.530029
2010-02-16,2214.189941
2010-02-17,2226.290039
2010-02-18,2241.709961
2010-02-19,2243.870117
2010-02-22,2242.030029
2010-02-23,2213.439941
2010-02-24,2235.899902
2010-02-25,2234.219971
2010-02-26,2238.260010
2010-03-01,2273.570068
2010-03-02,2280.790039
2010-03-03,2280.679932
2010-03-04,2292.310059
2010-03-05,2326.350098
2010-03-08,2332.209961
2010-03-09,2340.679932
2010-03-10,2358.949951
2010-03-11,2368.459961
2010-03-12,2367.659912
2010-03-15,2362.209961
2010-03-16,2378.010010
2010-03-17,2389.090088
2010-03-18,2391.280029
2010-03-19,2374.409912
2010-03-22,2395.399902
2010-03-23,2415.239990
2010-03-24,2398.760010
2010-03-25,2397.409912
2010-03-26,2395.129883
2010-03-29,2404.360107
2010-03-30,2410.689941
2010-03-31,2397.959961
2010-04-01,2402.580078
2010-04-05,2429.530029
2010-04-06,2436.810059
2010-04-07,2431.159912
2010-04-08,2436.810059
2010-04-09,2454.050049
2010-04-12,2457.870117
2010-04-13,2465.989990
2010-04-14,2504.860107
2010-04-15,2515.689941
2010-04-16,2481.260010
2010-04-19,2480.110107
2010-04-20,2500.310059
2010-04-21,2504.610107
2010-04-22,2519.070068
2010-04-23,2530.149902
2010-04-26,2522.949951
2010-04-27,2471.469971
2010-04-28,2471.729980
2010-04-29,2511.919922
2010-04-30,2461.189941
2010-05-03,2498.739990
2010-05-04,2424.250000
2010-05-05,2402.290039
2010-05-06,2319.639893
2010-05-07,2265.639893
2010-05-10,2374.669922
2010-05-11,2375.310059
2010-05-12,2425.020020
2010-05-13,2394.360107
2010-05-14,2346.850098
2010-05-17,2354.229980
2010-05-18,2317.260010
2010-05-19,2298.370117
2010-05-20,2204.010010
2010-05-21,2229.040039
2010-05-24,2213.550049
2010-05-25,2210.949951
2010-05-26,2195.879883
2010-05-27,2277.679932
2010-05-28,2257.040039
2010-06-01,2222.330078
2010-06-02,2281.070068
2010-06-03,2303.030029
2010-06-04,2219.169922
2010-06-07,2173.899902
2010-06-08,2170.570068
2010-06-09,2158.850098
2010-06-10,2218.709961
2010-06-11,2243.600098
2010-06-14,2243.959961
2010-06-15,2305.879883
2010-06-16,2305.929932
2010-06-17,2307.159912
2010-06-18,2309.800049
2010-06-21,2289.090088
2010-06-22,2261.800049
2010-06-23,2254.229980
2010-06-24,2217.419922
2010-06-25,2223.479980
2010-06-28,2220.649902
2010-06-29,2135.179932
2010-06-30,2109.239990
2010-07-01,2101.360107
2010-07-02,2091.790039
2010-07-06,2093.879883
2010-07-07,2159.469971
2010-07-08,2175.399902
2010-07-09,2196.449951
2010-07-12,2198.360107
2010-07-13,2242.030029
2010-07-14,2249.840088
2010-07-15,2249.080078
2010-07-16,2179.050049
2010-07-19,2198.229980
2010-07-20,2222.489990
2010-07-21,2187.330078
2010-07-22,2245.889893
2010-07-23,2269.469971
2010-07-26,2296.429932
2010-07-27,2288.250000
2010-07-28,2264.560059
2010-07-29,2251.689941
2010-07-30,2254.699951
2010-08-02,2295.360107
2010-08-03,2283.520020
2010-08-04,2303.570068
2010-08-05,2293.060059
2010-08-06,2288.469971
2010-08-09,2305.689941
2010-08-10,2277.169922
2010-08-11,2208.629883
2010-08-12,2190.270020
2010-08-13,2173.479980
2010-08-16,2181.870117
2010-08-17,2209.439941
2010-08-18,2215.699951
2010-08-19,2178.949951
2010-08-20,2179.760010
2010-08-23,2159.629883
2010-08-24,2123.760010
2010-08-25,2141.540039
2010-08-26,2118.689941
2010-08-27,2153.629883
2010-08-30,2119.969971
2010-08-31,2114.030029
2010-09-01,2176.840088
2010-09-02,2200.010010
2010-09-03,2233.750000
2010-09-07,2208.889893
2010-09-08,2228.870117
2010-09-09,2236.199951
2010-09-10,2242.479980
2010-09-13,2285.709961
2010-09-14,2289.770020
2010-09-15,2301.320068
2010-09-16,2303.250000
2010-09-17,2315.610107
2010-09-20,2355.830078
2010-09-21,2349.350098
2010-09-22,2334.550049
2010-09-23,2327.080078
2010-09-24,2381.219971
2010-09-27,2369.770020
2010-09-28,2379.590088
2010-09-29,2376.560059
2010-09-30,2368.620117
2010-10-01,2370.750000
2010-10-04,2344.520020
2010-10-05,2399.830078
2010-10-06,2380.659912
2010-10-07,2383.669922
2010-10-08,2401.909912
2010-10-11,2402.330078
2010-10-12,2417.919922
2010-10-13,2441.229980
2010-10-14,2435.379883
2010-10-15,2468.770020
2010-10-18,2480.659912
2010-10-19,2436.949951
2010-10-20,2457.389893
2010-10-21,2459.669922
2010-10-22,2479.389893
2010-10-25,2490.850098
2010-10-26,2497.290039
2010-10-27,2503.260010
2010-10-28,2507.370117
2010-10-29,2507.409912
2010-11-01,2504.840088
2010-11-02,2533.520020
2010-11-03,2540.270020
2010-11-04,2577.340088
2010-11-05,2578.979980
2010-11-08,2580.050049
2010-11-09,2562.979980
2010-11-10,2578.780029
2010-11-11,2555.520020
2010-11-12,2518.209961
2010-11-15,2513.820068
2010-11-16,2469.840088
2010-11-17,2476.010010
2010-11-18,2514.399902
2010-11-19,2518.120117
2010-11-22,2532.020020
2010-11-23,2494.949951
2010-11-24,2543.120117
2010-11-26,2534.560059
2010-11-29,2525.219971
2010-11-30,2498.229980
2010-12-01,2549.429932
2010-12-02,2579.350098
2010-12-03,2591.459961
2010-12-06,2594.919922
2010-12-07,2598.489990
2010-12-08,2609.159912
2010-12-09,2616.669922
2010-12-10,2637.540039
2010-12-13,2624.909912
2010-12-14,2627.719971
2010-12-15,2617.219971
2010-12-16,2637.310059
2010-12-17,2642.969971
2010-12-20,2649.560059
2010-12-21,2667.610107
2010-12-22,2671.479980
2010-12-23,2665.600098
2010-12-27,2667.270020
2010-12-28,2662.879883
2010-12-29,2666.929932
2010-12-30,2662.979980
2010-12-31,2652.870117
2011-01-03,2691.520020
2011-01-04,2681.250000
2011-01-05,2702.199951
2011-01-06,2709.889893
2011-01-07,2703.169922
2011-01-10,2707.800049
2011-01-11,2716.830078
2011-01-12,2737.330078
2011-01-13,2735.290039
2011-01-14,2755.300049
2011-01-18,2765.850098
2011-01-19,2725.360107
2011-01-20,2704.290039
2011-01-21,2689.540039
2011-01-24,2717.550049
2011-01-25,2719.250000
2011-01-26,2739.500000
2011-01-27,2755.280029
2011-01-28,2686.889893
2011-01-31,2700.080078
2011-02-01,2751.189941
2011-02-02,2749.560059
2011-02-03,2753.879883
2011-02-04,2769.300049
2011-02-07,2783.989990
2011-02-08,2797.050049
2011-02-09,2789.070068
2011-02-10,2790.449951
2011-02-11,2809.439941
2011-02-14,2817.179932
2011-02-15,2804.350098
2011-02-16,2825.560059
2011-02-17,2831.580078
2011-02-18,2833.949951
2011-02-22,2756.419922
2011-02-23,2722.989990
2011-02-24,2737.899902
2011-02-25,2781.050049
2011-02-28,2782.270020
2011-03-01,2737.409912
2011-03-02,2748.070068
2011-03-03,2798.739990
2011-03-04,2784.669922
2011-03-07,2745.629883
2011-03-08,2765.770020
2011-03-09,2751.719971
2011-03-10,2701.020020
2011-03-11,2715.610107
2011-03-14,2700.969971
2011-03-15,2667.330078
2011-03-16,2616.820068
2011-03-17,2636.050049
2011-03-18,2643.669922
2011-03-21,2692.090088
2011-03-22,2683.870117
2011-03-23,2698.300049
2011-03-24,2736.419922
2011-03-25,2743.060059
2011-03-28,2730.679932
2011-03-29,2756.889893
2011-03-30,2776.790039
2011-03-31,2781.070068
2011-04-01,2789.600098
2011-04-04,2789.189941
2011-04-05,2791.189941
2011-04-06,2799.820068
2011-04-07,2796.139893
2011-04-08,2780.419922
2011-04-11,2771.510010
2011-04-12,2744.790039
2011-04-13,2761.520020
2011-04-14,2760.219971
2011-04-15,2764.649902
2011-04-18,2735.379883
2011-04-19,2744.969971
2011-04-20,2802.510010
2011-04-21,2820.159912
2011-04-25,2825.879883
2011-04-26,2847.540039
2011-04-27,2869.879883
2011-04-28,2872.530029
2011-04-29,2873.540039
2011-05-02,2864.080078
2011-05-03,2841.620117
2011-05-04,2828.229980
2011-05-05,2814.719971
2011-05-06,2827.560059
2011-05-09,2843.250000
2011-05-10,2871.889893
2011-05-11,2845.060059
2011-05-12,2863.040039
2011-05-13,2828.469971
2011-05-16,2782.310059
2011-05-17,2783.209961
2011-05-18,2815.000000
2011-05-19,2823.310059
2011-05-20,2803.320068
2011-05-23,2758.899902
2011-05-24,2746.159912
2011-05-25,2761.379883
2011-05-26,2782.919922
2011-05-27,2796.860107
2011-05-31,2835.300049
2011-06-01,2769.189941
2011-06-02,2773.310059
2011-06-03,2732.780029
2011-06-06,2702.560059
2011-06-07,2701.560059
2011-06-08,2675.379883
2011-06-09,2684.870117
2011-06-10,2643.729980
2011-06-13,2639.689941
2011-06-14,2678.719971
2011-06-15,2631.459961
2011-06-16,2623.699951
2011-06-17,2616.479980
2011-06-20,2629.659912
2011-06-21,2687.260010
2011-06-22,2669.189941
2011-06-23,2686.750000
2011-06-24,2652.889893
2011-06-27,2688.280029
2011-06-28,2729.310059
2011-06-29,2740.489990
2011-06-30,2773.520020
2011-07-01,2816.030029
2011-07-05,2825.770020
2011-07-06,2834.020020
2011-07-07,2872.659912
2011-07-08,2859.810059
2011-07-11,2802.620117
2011-07-12,2781.909912
2011-07-13,2796.919922
2011-07-14,2762.669922
2011-07-15,2789.800049
2011-07-18,2765.110107
2011-07-19,2826.520020
2011-07-20,2814.229980
2011-07-21,2834.429932
2011-07-22,2858.830078
2011-07-25,2842.800049
2011-07-26,2839.959961
2011-07-27,2764.790039
2011-07-28,2766.250000
2011-07-29,2756.379883
2011-08-01,2744.610107
2011-08-02,2669.239990
2011-08-03,2693.070068
2011-08-04,2556.389893
2011-08-05,2532.409912
2011-08-08,2357.689941
2011-08-09,2482.520020
2011-08-10,2381.050049
2011-08-11,2492.679932
2011-08-12,2507.979980
2011-08-15,2555.199951
2011-08-16,2523.449951
2011-08-17,2511.479980
2011-08-18,2380.429932
2011-08-19,2341.840088
2011-08-22,2345.379883
2011-08-23,2446.060059
2011-08-24,2467.689941
2011-08-25,2419.629883
2011-08-26,2479.850098
2011-08-29,2562.110107
2011-08-30,2576.110107
2011-08-31,2579.459961
2011-09-01,2546.040039
2011-09-02,2480.330078
2011-09-06,2473.830078
2011-09-07,2548.939941
2011-09-08,2529.139893
2011-09-09,2467.989990
2011-09-12,2495.090088
2011-09-13,2532.149902
2011-09-14,2572.550049
2011-09-15,2607.070068
2011-09-16,2622.310059
2011-09-19,2612.830078
2011-09-20,2590.239990
2011-09-21,2538.189941
2011-09-22,2455.669922
2011-09-23,2483.229980
2011-09-26,2516.689941
2011-09-27,2546.830078
2011-09-28,2491.580078
2011-09-29,2480.760010
2011-09-30,2415.399902
2011-10-03,2335.830078
2011-10-04,2404.820068
2011-10-05,2460.510010
2011-10-06,2506.820068
2011-10-07,2479.350098
2011-10-10,2566.050049
2011-10-11,2583.030029
2011-10-12,2604.729980
2011-10-13,2620.239990
2011-10-14,2667.850098
2011-10-17,2614.919922
2011-10-18,2657.429932
2011-10-19,2604.040039
2011-10-20,2598.620117
2011-10-21,2637.459961
2011-10-24,2699.439941
2011-10-25,2638.419922
2011-10-26,2650.669922
2011-10-27,2738.629883
2011-10-28,2737.149902
2011-10-31,2684.409912
2011-11-01,2606.959961
2011-11-02,2639.979980
2011-11-03,2697.969971
2011-11-04,2686.149902
2011-11-07,2695.250000
2011-11-08,2727.489990
2011-11-09,2621.649902
2011-11-10,2625.149902
2011-11-11,2678.750000
2011-11-14,2657.219971
2011-11-15,2686.199951
2011-11-16,2639.610107
2011-11-17,2587.989990
2011-11-18,2572.500000
2011-11-21,2523.139893
2011-11-22,2521.280029
2011-11-23,2460.080078
2011-11-25,2441.510010
2011-11-28,2527.340088
2011-11-29,2515.510010
2011-11-30,2620.340088
2011-12-01,2626.199951
2011-12-02,2626.929932
2011-12-05,2655.760010
2011-12-06,2649.560059
2011-12-07,2649.209961
2011-12-08,2596.379883
2011-12-09,2646.850098
2011-12-12,2612.260010
2011-12-13,2579.270020
2011-12-14,2539.310059
2011-12-15,2541.010010
2011-12-16,2555.330078
2011-12-19,2523.139893
2011-12-20,2603.729980
2011-12-21,2577.969971
2011-12-22,2599.449951
2011-12-23,2618.639893
2011-12-27,2625.199951
2011-12-28,2589.979980
2011-12-29,2613.739990
2011-12-30,2605.149902
2012-01-03,2648.719971
2012-01-04,2648.360107
2012-01-05,2669.860107
2012-01-06,2674.219971
2012-01-09,2676.560059
2012-01-10,2702.500000
2012-01-11,2710.760010
2012-01-12,2724.699951
2012-01-13,2710.669922
2012-01-17,2728.080078
2012-01-18,2769.709961
2012-01-19,2788.330078
2012-01-20,2786.699951
2012-01-23,2784.169922
2012-01-24,2786.639893
2012-01-25,2818.310059
2012-01-26,2805.280029
2012-01-27,2816.550049
2012-01-30,2811.939941
2012-01-31,2813.840088
2012-02-01,2848.270020
2012-02-02,2859.679932
2012-02-03,2905.659912
2012-02-06,2901.989990
2012-02-07,2904.080078
2012-02-08,2915.860107
2012-02-09,2927.229980
2012-02-10,2903.879883
2012-02-13,2931.389893
2012-02-14,2931.830078
2012-02-15,2915.830078
2012-02-16,2959.850098
2012-02-17,2951.780029
2012-02-21,2948.570068
2012-02-22,2933.169922
2012-02-23,2956.979980
2012-02-24,2963.750000
2012-02-27,2966.159912
2012-02-28,2986.760010
2012-02-29,2966.889893
2012-03-01,2988.969971
2012-03-02,2976.189941
2012-03-05,2950.479980
2012-03-06,2910.320068
2012-03-07,2935.689941
2012-03-08,2970.419922
2012-03-09,2988.340088
2012-03-12,2983.659912
2012-03-13,3039.879883
2012-03-14,3040.729980
2012-03-15,3056.370117
2012-03-16,3055.260010
2012-03-19,3078.320068
2012-03-20,3074.149902
2012-03-21,3075.320068
2012-03-22,3063.320068
2012-03-23,3067.919922
2012-03-26,3122.570068
2012-03-27,3120.350098
2012-03-28,3104.959961
2012-03-29,3095.360107
2012-03-30,3091.570068
2012-04-02,3119.699951
2012-04-03,3113.570068
2012-04-04,3068.090088
2012-04-05,3080.500000
2012-04-09,3047.080078
2012-04-10,2991.219971
2012-04-11,3016.459961
2012-04-12,3055.550049
2012-04-13,3011.330078
2012-04-16,2988.399902
2012-04-17,3042.820068
2012-04-18,3031.449951
2012-04-19,3007.560059
2012-04-20,3000.449951
2012-04-23,2970.449951
2012-04-24,2961.600098
2012-04-25,3029.629883
2012-04-26,3050.610107
2012-04-27,3069.199951
2012-04-30,3046.360107
2012-05-01,3050.439941
2012-05-02,3059.850098
2012-05-03,3024.300049
2012-05-04,2956.340088
2012-05-07,2957.760010
2012-05-08,2946.270020
2012-05-09,2934.709961
2012-05-10,2933.639893
2012-05-11,2933.820068
2012-05-14,2902.580078
2012-05-15,2893.760010
2012-05-16,2874.040039
2012-05-17,2813.689941
2012-05-18,2778.790039
2012-05-21,2847.209961
2012-05-22,2839.080078
2012-05-23,2850.120117
2012-05-24,2839.379883
2012-05-25,2837.530029
2012-05-29,2870.989990
2012-05-30,2837.360107
2012-05-31,2827.340088
2012-06-01,2747.479980
2012-06-04,2760.010010
2012-06-05,2778.110107
2012-06-06,2844.719971
2012-06-07,2831.020020
2012-06-08,2858.419922
2012-06-11,2809.729980
2012-06-12,2843.070068
2012-06-13,2818.610107
2012-06-14,2836.330078
2012-06-15,2872.800049
2012-06-18,2895.330078
2012-06-19,2929.760010
2012-06-20,2930.449951
2012-06-21,2859.090088
2012-06-22,2892.419922
2012-06-25,2836.159912
2012-06-26,2854.060059
2012-06-27,2875.320068
2012-06-28,2849.489990
2012-06-29,2935.050049
2012-07-02,2951.229980
2012-07-03,2976.080078
2012-07-05,2976.120117
2012-07-06,2937.330078
2012-07-09,2931.770020
2012-07-10,2902.330078
2012-07-11,2887.979980
2012-07-12,2866.189941
2012-07-13,2908.469971
2012-07-16,2896.939941
2012-07-17,2910.040039
2012-07-18,2942.600098
2012-07-19,2965.899902
2012-07-20,2925.300049
2012-07-23,2890.149902
2012-07-24,2862.989990
2012-07-25,2854.239990
2012-07-26,2893.250000
2012-07-27,2958.090088
2012-07-30,2945.840088
2012-07-31,2939.520020
2012-08-01,2920.209961
2012-08-02,2909.770020
2012-08-03,2967.899902
2012-08-06,2989.909912
2012-08-07,3015.860107
2012-08-08,3011.250000
2012-08-09,3018.639893
2012-08-10,3020.860107
2012-08-13,3022.520020
2012-08-14,3016.979980
2012-08-15,3030.929932
2012-08-16,3062.389893
2012-08-17,3076.590088
2012-08-20,3076.209961
2012-08-21,3067.260010
2012-08-22,3073.669922
2012-08-23,3053.399902
2012-08-24,3069.790039
2012-08-27,3073.189941
2012-08-28,3077.139893
2012-08-29,3081.189941
2012-08-30,3048.709961
2012-08-31,3066.959961
2012-09-04,3075.060059
2012-09-05,3069.270020
2012-09-06,3135.810059
2012-09-07,3136.419922
2012-09-10,3104.020020
2012-09-11,3104.530029
2012-09-12,3114.310059
2012-09-13,3155.830078
2012-09-14,3183.949951
2012-09-17,3178.669922
2012-09-18,3177.800049
2012-09-19,3182.620117
2012-09-20,3175.959961
2012-09-21,3179.959961
2012-09-24,3160.780029
2012-09-25,3117.729980
2012-09-26,3093.699951
2012-09-27,3136.600098
2012-09-28,3116.229980
2012-10-01,3113.530029
2012-10-02,3120.040039
2012-10-03,3135.229980
2012-10-04,3149.459961
2012-10-05,3136.189941
2012-10-08,3112.350098
2012-10-09,3065.020020
2012-10-10,3051.780029
2012-10-11,3049.409912
2012-10-12,3044.110107
2012-10-15,3064.179932
2012-10-16,3101.169922
2012-10-17,3104.120117
2012-10-18,3072.870117
2012-10-19,3005.620117
2012-10-22,3016.959961
2012-10-23,2990.459961
2012-10-24,2981.699951
2012-10-25,2986.120117
2012-10-26,2987.949951
2012-10-31,2977.229980
2012-11-01,3020.060059
2012-11-02,2982.129883
2012-11-05,2999.659912
2012-11-06,3011.929932
2012-11-07,2937.290039
2012-11-08,2895.580078
2012-11-09,2904.870117
2012-11-12,2904.250000
2012-11-13,2883.889893
2012-11-14,2846.810059
2012-11-15,2836.939941
2012-11-16,2853.129883
2012-11-19,2916.070068
2012-11-20,2916.679932
2012-11-21,2926.550049
2012-11-23,2966.850098
2012-11-26,2976.780029
2012-11-27,2967.790039
2012-11-28,2991.780029
2012-11-29,3012.030029
2012-11-30,3010.239990
2012-12-03,3002.199951
2012-12-04,2996.689941
2012-12-05,2973.699951
2012-12-06,2989.270020
2012-12-07,2978.040039
2012-12-10,2986.959961
2012-12-11,3022.300049
2012-12-12,3013.810059
2012-12-13,2992.159912
2012-12-14,2971.330078
2012-12-17,3010.600098
2012-12-18,3054.530029
2012-12-19,3044.360107
2012-12-20,3050.389893
2012-12-21,3021.010010
2012-12-24,3012.600098
2012-12-26,2990.159912
2012-12-27,2985.909912
2012-12-28,2960.310059
2012-12-31,3019.510010
2013-01-02,3112.260010
2013-01-03,3100.570068
2013-01-04,3101.659912
2013-01-07,3098.810059
2013-01-08,3091.810059
2013-01-09,3105.810059
2013-01-10,3121.760010
2013-01-11,3125.629883
2013-01-14,3117.500000
2013-01-15,3110.780029
2013-01-16,3117.540039
2013-01-17,3136.000000
2013-01-18,3134.709961
2013-01-22,3143.179932
2013-01-23,3153.669922
2013-01-24,3130.379883
2013-01-25,3149.709961
2013-01-28,3154.300049
2013-01-29,3153.659912
2013-01-30,3142.310059
2013-01-31,3142.129883
2013-02-01,3179.100098
2013-02-04,3131.169922
2013-02-05,3171.580078
2013-02-06,3168.479980
2013-02-07,3165.129883
2013-02-08,3193.870117
2013-02-11,3192.000000
2013-02-12,3186.489990
2013-02-13,3196.879883
2013-02-14,3198.659912
2013-02-15,3192.030029
2013-02-19,3213.590088
2013-02-20,3164.409912
2013-02-21,3131.489990
2013-02-22,3161.820068
2013-02-25,3116.250000
2013-02-26,3129.649902
2013-02-27,3162.260010
2013-02-28,3160.189941
2013-03-01,3169.739990
2013-03-04,3182.030029
2013-03-05,3224.129883
2013-03-06,3222.370117
2013-03-07,3232.090088
2013-03-08,3244.370117
2013-03-11,3252.870117
2013-03-12,3242.320068
2013-03-13,3245.120117
2013-03-14,3258.929932
2013-03-15,3249.070068
2013-03-18,3237.590088
2013-03-19,3229.100098
2013-03-20,3254.189941
2013-03-21,3222.600098
2013-03-22,3245.000000
2013-03-25,3235.300049
2013-03-26,3252.479980
2013-03-27,3256.520020
2013-03-28,3267.520020
2013-04-01,3239.169922
2013-04-02,3254.860107
2013-04-03,3218.600098
2013-04-04,3224.979980
2013-04-05,3203.860107
2013-04-08,3222.250000
2013-04-09,3237.860107
2013-04-10,3297.250000
2013-04-11,3300.159912
2013-04-12,3294.949951
2013-04-15,3216.489990
2013-04-16,3264.629883
2013-04-17,3204.669922
2013-04-18,3166.360107
2013-04-19,3206.060059
2013-04-22,3233.550049
2013-04-23,3269.330078
2013-04-24,3269.649902
2013-04-25,3289.989990
2013-04-26,3279.260010
2013-04-29,3307.020020
2013-04-30,3328.790039
2013-05-01,3299.129883
2013-05-02,3340.620117
2013-05-03,3378.629883
2013-05-06,3392.969971
2013-05-07,3396.629883
2013-05-08,3413.270020
2013-05-09,3409.169922
2013-05-10,3436.580078
2013-05-13,3438.790039
2013-05-14,3462.610107
2013-05-15,3471.620117
2013-05-16,3465.239990
2013-05-17,3498.969971
2013-05-20,3496.429932
2013-05-21,3502.120117
2013-05-22,3463.300049
2013-05-23,3459.419922
2013-05-24,3459.139893
2013-05-28,3488.889893
2013-05-29,3467.520020
2013-05-30,3491.300049
2013-05-31,3455.909912
2013-06-03,3465.370117
2013-06-04,3445.260010
2013-06-05,3401.479980
2013-06-06,3424.050049
2013-06-07,3469.219971
2013-06-10,3473.770020
2013-06-11,3436.949951
2013-06-12,3400.429932
2013-06-13,3445.360107
2013-06-14,3423.560059
2013-06-17,3452.129883
2013-06-18,3482.179932
2013-06-19,3443.199951
2013-06-20,3364.639893
2013-06-21,3357.250000
2013-06-24,3320.760010
2013-06-25,3347.889893
2013-06-26,3376.219971
2013-06-27,3401.860107
2013-06-28,3403.250000
2013-07-01,3434.489990
2013-07-02,3433.399902
2013-07-03,3443.669922
2013-07-05,3479.379883
2013-07-08,3484.830078
2013-07-09,3504.260010
2013-07-10,3520.760010
2013-07-11,3578.300049
2013-07-12,3600.080078
2013-07-15,3607.489990
2013-07-16,3598.500000
2013-07-17,3610.000000
2013-07-18,3611.280029
2013-07-19,3587.610107
2013-07-22,3600.389893
2013-07-23,3579.270020
2013-07-24,3579.600098
2013-07-25,3605.189941
2013-07-26,3613.159912
2013-07-29,3599.139893
2013-07-30,3616.469971
2013-07-31,3626.370117
2013-08-01,3675.739990
2013-08-02,3689.590088
2013-08-05,3692.949951
2013-08-06,3665.770020
2013-08-07,3654.010010
2013-08-08,3669.120117
2013-08-09,3660.110107
2013-08-12,3669.949951
2013-08-13,3684.439941
2013-08-14,3669.270020
2013-08-15,3606.120117
2013-08-16,3602.780029
2013-08-19,3589.090088
2013-08-20,3613.590088
2013-08-21,3599.790039
2013-08-22,3638.709961
2013-08-23,3657.790039
2013-08-26,3657.570068
2013-08-27,3578.520020
2013-08-28,3593.350098
2013-08-29,3620.300049
2013-08-30,3589.870117
2013-09-03,3612.610107
2013-09-04,3649.040039
2013-09-05,3658.780029
2013-09-06,3660.010010
2013-09-09,3706.179932
2013-09-10,3729.020020
2013-09-11,3725.010010
2013-09-12,3715.969971
2013-09-13,3722.179932
2013-09-16,3717.850098
2013-09-17,3745.699951
2013-09-18,3783.639893
2013-09-19,3789.379883
2013-09-20,3774.729980
2013-09-23,3765.290039
2013-09-24,3768.250000
2013-09-25,3761.100098
2013-09-26,3787.429932
2013-09-27,3781.590088
2013-09-30,3771.479980
2013-10-01,3817.979980
2013-10-02,3815.020020
2013-10-03,3774.340088
2013-10-04,3807.750000
2013-10-07,3770.379883
2013-10-08,3694.830078
2013-10-09,3677.780029
2013-10-10,3760.750000
2013-10-11,3791.870117
2013-10-14,3815.280029
2013-10-15,3794.010010
2013-10-16,3839.429932
2013-10-17,3863.149902
2013-10-18,3914.280029
2013-10-21,3920.050049
2013-10-22,3929.570068
2013-10-23,3907.070068
2013-10-24,3928.959961
2013-10-25,3943.360107
2013-10-28,3940.129883
2013-10-29,3952.340088
2013-10-30,3930.620117
2013-10-31,3919.709961
2013-11-01,3922.040039
2013-11-04,3936.590088
2013-11-05,3939.860107
2013-11-06,3931.949951
2013-11-07,3857.330078
2013-11-08,3919.229980
2013-11-11,3919.790039
2013-11-12,3919.919922
2013-11-13,3965.580078
2013-11-14,3972.739990
2013-11-15,3985.969971
2013-11-18,3949.070068
2013-11-19,3931.550049
2013-11-20,3921.270020
2013-11-21,3969.159912
2013-11-22,3991.649902
2013-11-25,3994.570068
2013-11-26,4017.750000
2013-11-27,4044.750000
2013-11-29,4059.889893
2013-12-02,4045.260010
2013-12-03,4037.199951
2013-12-04,4038.000000
2013-12-05,4033.169922
2013-12-06,4062.520020
2013-12-09,4068.750000
2013-12-10,4060.489990
2013-12-11,4003.810059
2013-12-12,3998.399902
2013-12-13,4000.979980
2013-12-16,4029.520020
2013-12-17,4023.679932
2013-12-18,4070.060059
2013-12-19,4058.139893
2013-12-20,4104.740234
2013-12-23,4148.899902
2013-12-24,4155.419922
2013-12-26,4167.180176
2013-12-27,4156.589844
2013-12-30,4154.200195
2013-12-31,4176.589844
2014-01-02,4143.069824
2014-01-03,4131.910156
2014-01-06,4113.680176
2014-01-07,4153.180176
2014-01-08,4165.609863
2014-01-09,4156.189941
2014-01-10,4174.669922
2014-01-13,4113.299805
2014-01-14,4183.020020
2014-01-15,4214.879883
2014-01-16,4218.689941
2014-01-17,4197.580078
2014-01-21,4225.759766
2014-01-22,4243.000000
2014-01-23,4218.879883
2014-01-24,4128.169922
2014-01-27,4083.610107
2014-01-28,4097.959961
2014-01-29,4051.429932
2014-01-30,4123.129883
2014-01-31,4103.879883
2014-02-03,3996.959961
2014-02-04,4031.520020
2014-02-05,4011.550049
2014-02-06,4057.120117
2014-02-07,4125.859863
2014-02-10,4148.169922
2014-02-11,4191.049805
2014-02-12,4201.290039
2014-02-13,4240.669922
2014-02-14,4244.020020
2014-02-18,4272.779785
2014-02-19,4237.950195
2014-02-20,4267.549805
2014-02-21,4263.410156
2014-02-24,4292.970215
2014-02-25,4287.589844
2014-02-26,4292.060059
2014-02-27,4318.930176
2014-02-28,4308.120117
2014-03-03,4277.299805
2014-03-04,4351.970215
2014-03-05,4357.970215
2014-03-06,4352.129883
2014-03-07,4336.220215
2014-03-10,4334.450195
2014-03-11,4307.189941
2014-03-12,4323.330078
2014-03-13,4260.419922
2014-03-14,4245.399902
2014-03-17,4279.950195
2014-03-18,4333.310059
2014-03-19,4307.600098
2014-03-20,4319.290039
2014-03-21,4276.790039
2014-03-24,4226.390137
2014-03-25,4234.270020
2014-03-26,4173.580078
2014-03-27,4151.229980
2014-03-28,4155.759766
2014-03-31,4198.990234
2014-04-01,4268.040039
2014-04-02,4276.459961
2014-04-03,4237.740234
2014-04-04,4127.729980
2014-04-07,4079.750000
2014-04-08,4112.990234
2014-04-09,4183.899902
2014-04-10,4054.110107
2014-04-11,3999.729980
2014-04-14,4022.689941
2014-04-15,4034.159912
2014-04-16,4086.229980
2014-04-17,4095.520020
2014-04-21,4121.549805
2014-04-22,4161.459961
2014-04-23,4126.970215
2014-04-24,4148.339844
2014-04-25,4075.560059
2014-04-28,4074.399902
2014-04-29,4103.540039
2014-04-30,4114.560059
2014-05-01,4127.450195
2014-05-02,4123.899902
2014-05-05,4138.060059
2014-05-06,4080.760010
2014-05-07,4067.669922
2014-05-08,4051.500000
2014-05-09,4071.870117
2014-05-12,4143.859863
2014-05-13,4130.169922
2014-05-14,4100.629883
2014-05-15,4069.290039
2014-05-16,4090.590088
2014-05-19,4125.810059
2014-05-20,4096.890137
2014-05-21,4131.540039
2014-05-22,4154.339844
2014-05-23,4185.810059
2014-05-27,4237.069824
2014-05-28,4225.080078
2014-05-29,4247.950195
2014-05-30,4242.620117
2014-06-02,4237.200195
2014-06-03,4234.080078
2014-06-04,4251.640137
2014-06-05,4296.229980
2014-06-06,4321.399902
2014-06-09,4336.240234
2014-06-10,4338.000000
2014-06-11,4331.930176
2014-06-12,4297.629883
2014-06-13,4310.649902
2014-06-16,4321.100098
2014-06-17,4337.229980
2014-06-18,4362.839844
2014-06-19,4359.330078
2014-06-20,4368.040039
2014-06-23,4368.680176
2014-06-24,4350.350098
2014-06-25,4379.759766
2014-06-26,4379.049805
2014-06-27,4397.930176
2014-06-30,4408.180176
2014-07-01,4458.649902
2014-07-02,4457.729980
2014-07-03,4485.930176
2014-07-07,4451.529785
2014-07-08,4391.459961
2014-07-09,4419.029785
2014-07-10,4396.200195
2014-07-11,4415.490234
2014-07-14,4440.419922
2014-07-15,4416.390137
2014-07-16,4425.970215
2014-07-17,4363.450195
2014-07-18,4432.149902
2014-07-21,4424.700195
2014-07-22,4456.020020
2014-07-23,4473.700195
2014-07-24,4472.109863
2014-07-25,4449.560059
2014-07-28,4444.910156
2014-07-29,4442.700195
2014-07-30,4462.899902
2014-07-31,4369.770020
2014-08-01,4352.640137
2014-08-04,4383.890137
2014-08-05,4352.839844
2014-08-06,4355.049805
2014-08-07,4334.970215
2014-08-08,4370.899902
2014-08-11,4401.330078
2014-08-12,4389.250000
2014-08-13,4434.129883
2014-08-14,4453.000000
2014-08-15,4464.930176
2014-08-18,4508.310059
2014-08-19,4527.509766
2014-08-20,4526.479980
2014-08-21,4532.100098
2014-08-22,4538.549805
2014-08-25,4557.350098
2014-08-26,4570.640137
2014-08-27,4569.620117
2014-08-28,4557.700195
2014-08-29,4580.270020
2014-09-02,4598.189941
2014-09-03,4572.560059
2014-09-04,4562.290039
2014-09-05,4582.899902
2014-09-08,4592.290039
2014-09-09,4552.290039
2014-09-10,4586.520020
2014-09-11,4591.810059
2014-09-12,4567.600098
2014-09-15,4518.899902
2014-09-16,4552.759766
2014-09-17,4562.189941
2014-09-18,4593.430176
2014-09-19,4579.790039
2014-09-22,4527.689941
2014-09-23,4508.689941
2014-09-24,4555.220215
2014-09-25,4466.750000
2014-09-26,4512.189941
2014-09-29,4505.850098
2014-09-30,4493.390137
2014-10-01,4422.089844
2014-10-02,4430.200195
2014-10-03,4475.620117
2014-10-06,4454.799805
2014-10-07,4385.200195
2014-10-08,4468.589844
2014-10-09,4378.339844
2014-10-10,4276.240234
2014-10-13,4213.660156
2014-10-14,4227.169922
2014-10-15,4215.319824
2014-10-16,4217.390137
2014-10-17,4258.439941
2014-10-20,4316.069824
2014-10-21,4419.479980
2014-10-22,4382.850098
2014-10-23,4452.790039
2014-10-24,4483.720215
2014-10-27,4485.930176
2014-10-28,4564.290039
2014-10-29,4549.229980
2014-10-30,4566.140137
2014-10-31,4630.740234
2014-11-03,4638.910156
2014-11-04,4623.640137
2014-11-05,4620.720215
2014-11-06,4638.470215
2014-11-07,4632.529785
2014-11-10,4651.620117
2014-11-11,4660.560059
2014-11-12,4675.140137
2014-11-13,4680.140137
2014-11-14,4688.540039
2014-11-17,4671.000000
2014-11-18,4702.439941
2014-11-19,4675.709961
2014-11-20,4701.870117
2014-11-21,4712.970215
2014-11-24,4754.890137
2014-11-25,4758.250000
2014-11-26,4787.319824
2014-11-28,4791.629883
2014-12-01,4727.350098
2014-12-02,4755.810059
2014-12-03,4774.470215
2014-12-04,4769.439941
2014-12-05,4780.759766
2014-12-08,4740.689941
2014-12-09,4766.470215
2014-12-10,4684.020020
2014-12-11,4708.160156
2014-12-12,4653.600098
2014-12-15,4605.160156
2014-12-16,4547.830078
2014-12-17,4644.310059
2014-12-18,4748.399902
2014-12-19,4765.379883
2014-12-22,4781.419922
2014-12-23,4765.419922
2014-12-24,4773.470215
2014-12-26,4806.859863
2014-12-29,4806.910156
2014-12-30,4777.439941
2014-12-31,4736.049805
2015-01-02,4726.810059
2015-01-05,4652.569824
2015-01-06,4592.740234
2015-01-07,4650.470215
2015-01-08,4736.189941
2015-01-09,4704.069824
2015-01-12,4664.709961
2015-01-13,4661.500000
2015-01-14,4639.319824
2015-01-15,4570.819824
2015-01-16,4634.379883
2015-01-20,4654.850098
2015-01-21,4667.419922
2015-01-22,4750.399902
2015-01-23,4757.879883
2015-01-26,4771.759766
2015-01-27,4681.500000
2015-01-28,4637.990234
2015-01-29,4683.410156
2015-01-30,4635.240234
2015-02-02,4676.689941
2015-02-03,4727.740234
2015-02-04,4716.700195
2015-02-05,4765.100098
2015-02-06,4744.399902
2015-02-09,4726.009766
2015-02-10,4787.640137
2015-02-11,4801.180176
2015-02-12,4857.609863
2015-02-13,4893.839844
2015-02-17,4899.270020
2015-02-18,4906.359863
2015-02-19,4924.700195
2015-02-20,4955.970215
2015-02-23,4960.970215
2015-02-24,4968.120117
2015-02-25,4967.140137
2015-02-26,4987.890137
2015-02-27,4963.529785
2015-03-02,5008.100098
2015-03-03,4979.899902
2015-03-04,4967.140137
2015-03-05,4982.810059
2015-03-06,4927.370117
2015-03-09,4942.439941
2015-03-10,4859.790039
2015-03-11,4849.939941
2015-03-12,4893.290039
2015-03-13,4871.759766
2015-03-16,4929.509766
2015-03-17,4937.430176
2015-03-18,4982.830078
2015-03-19,4992.379883
2015-03-20,5026.419922
2015-03-23,5010.970215
2015-03-24,4994.729980
2015-03-25,4876.520020
2015-03-26,4863.359863
2015-03-27,4891.220215
2015-03-30,4947.439941
2015-03-31,4900.879883
2015-04-01,4880.229980
2015-04-02,4886.939941
2015-04-06,4917.319824
2015-04-07,4910.229980
2015-04-08,4950.819824
2015-04-09,4974.560059
2015-04-10,4995.979980
2015-04-13,4988.250000
2015-04-14,4977.290039
2015-04-15,5011.020020
2015-04-16,5007.790039
2015-04-17,4931.810059
2015-04-20,4994.600098
2015-04-21,5014.100098
2015-04-22,5035.169922
2015-04-23,5056.060059
2015-04-24,5092.080078
2015-04-27,5060.250000
2015-04-28,5055.419922
2015-04-29,5023.640137
2015-04-30,4941.419922
2015-05-01,5005.390137
2015-05-04,5016.930176
2015-05-05,4939.330078
2015-05-06,4919.640137
2015-05-07,4945.540039
2015-05-08,5003.549805
2015-05-11,4993.569824
2015-05-12,4976.189941
2015-05-13,4981.689941
2015-05-14,5050.799805
2015-05-15,5048.290039
2015-05-18,5078.439941
2015-05-19,5070.029785
2015-05-20,5071.740234
2015-05-21,5090.790039
2015-05-22,5089.359863
2015-05-26,5032.750000
2015-05-27,5106.589844
2015-05-28,5097.979980
2015-05-29,5070.029785
2015-06-01,5082.930176
2015-06-02,5076.520020
2015-06-03,5099.229980
2015-06-04,5059.120117
2015-06-05,5068.459961
2015-06-08,5021.629883
2015-06-09,5013.870117
2015-06-10,5076.689941
2015-06-11,5082.509766
2015-06-12,5051.100098
2015-06-15,5029.970215
2015-06-16,5055.549805
2015-06-17,5064.879883
2015-06-18,5132.950195
2015-06-19,5117.000000
2015-06-22,5153.970215
2015-06-23,5160.089844
2015-06-24,5122.410156
2015-06-25,5112.189941
2015-06-26,5080.509766
2015-06-29,4958.470215
2015-06-30,4986.870117
2015-07-01,5013.120117
2015-07-02,5009.209961
2015-07-06,4991.939941
2015-07-07,4997.459961
2015-07-08,4909.759766
2015-07-09,4922.399902
2015-07-10,4997.700195
2015-07-13,5071.509766
2015-07-14,5104.890137
2015-07-15,5098.939941
2015-07-16,5163.180176
2015-07-17,5210.140137
2015-07-20,5218.859863
2015-07-21,5208.120117
2015-07-22,5171.770020
2015-07-23,5146.410156
2015-07-24,5088.629883
2015-07-27,5039.779785
2015-07-28,5089.209961
2015-07-29,5111.729980
2015-07-30,5128.779785
2015-07-31,5128.279785
2015-08-03,5115.379883
2015-08-04,5105.549805
2015-08-05,5139.939941
2015-08-06,5056.439941
2015-08-07,5043.540039
2015-08-10,5101.799805
2015-08-11,5036.790039
2015-08-12,5044.390137
2015-08-13,5033.560059
2015-08-14,5048.240234
2015-08-17,5091.700195
2015-08-18,5059.350098
2015-08-19,5019.049805
2015-08-20,4877.490234
2015-08-21,4706.040039
2015-08-24,4526.250000
2015-08-25,4506.490234
2015-08-26,4697.540039
2015-08-27,4812.709961
2015-08-28,4828.319824
2015-08-31,4776.509766
2015-09-01,4636.100098
2015-09-02,4749.979980
2015-09-03,4733.500000
2015-09-04,4683.919922
2015-09-08,4811.930176
2015-09-09,4756.529785
2015-09-10,4796.250000
2015-09-11,4822.339844
2015-09-14,4805.759766
2015-09-15,4860.520020
2015-09-16,4889.240234
2015-09-17,4893.950195
2015-09-18,4827.229980
2015-09-21,4828.950195
2015-09-22,4756.720215
2015-09-23,4752.740234
2015-09-24,4734.479980
2015-09-25,4686.500000
2015-09-28,4543.970215
2015-09-29,4517.319824
2015-09-30,4620.160156
2015-10-01,4627.080078
2015-10-02,4707.779785
2015-10-05,4781.259766
2015-10-06,4748.359863
2015-10-07,4791.149902
2015-10-08,4810.790039
2015-10-09,4830.470215
2015-10-12,4838.640137
2015-10-13,4796.609863
2015-10-14,4782.850098
2015-10-15,4870.100098
2015-10-16,4886.689941
2015-10-19,4905.470215
2015-10-20,4880.970215
2015-10-21,4840.120117
2015-10-22,4920.049805
2015-10-23,5031.859863
2015-10-26,5034.700195
2015-10-27,5030.149902
2015-10-28,5095.689941
2015-10-29,5074.270020
2015-10-30,5053.750000
2015-11-02,5127.149902
2015-11-03,5145.129883
2015-11-04,5142.479980
2015-11-05,5127.740234
2015-11-06,5147.120117
2015-11-09,5095.299805
2015-11-10,5083.240234
2015-11-11,5067.020020
2015-11-12,5005.080078
2015-11-13,4927.879883
2015-11-16,4984.620117
2015-11-17,4986.020020
2015-11-18,5075.200195
2015-11-19,5073.640137
2015-11-20,5104.919922
2015-11-23,5102.479980
2015-11-24,5102.810059
2015-11-25,5116.140137
2015-11-27,5127.520020
2015-11-30,5108.669922
2015-12-01,5156.310059
2015-12-02,5123.220215
2015-12-03,5037.529785
2015-12-04,5142.270020
2015-12-07,5101.810059
2015-12-08,5098.240234
2015-12-09,5022.870117
2015-12-10,5045.169922
2015-12-11,4933.470215
2015-12-14,4952.229980
2015-12-15,4995.359863
2015-12-16,5071.129883
2015-12-17,5002.549805
2015-12-18,4923.080078
2015-12-21,4968.919922
2015-12-22,5001.109863
2015-12-23,5045.930176
2015-12-24,5048.490234
2015-12-28,5040.990234
2015-12-29,5107.939941
2015-12-30,5065.850098
2015-12-31,5007.410156
2016-01-04,4903.089844
2016-01-05,4891.430176
2016-01-06,4835.759766
2016-01-07,4689.430176
2016-01-08,4643.629883
2016-01-11,4637.990234
2016-01-12,4685.919922
2016-01-13,4526.060059
2016-01-14,4615.000000
2016-01-15,4488.419922
2016-01-19,4476.950195
2016-01-20,4471.689941
2016-01-21,4472.060059
2016-01-22,4591.180176
2016-01-25,4518.490234
2016-01-26,4567.669922
2016-01-27,4468.169922
2016-01-28,4506.680176
2016-01-29,4613.950195
2016-02-01,4620.370117
2016-02-02,4516.950195
2016-02-03,4504.240234
2016-02-04,4509.560059
2016-02-05,4363.140137
2016-02-08,4283.750000
2016-02-09,4268.759766
2016-02-10,4283.589844
2016-02-11,4266.839844
2016-02-12,4337.509766
2016-02-16,4435.959961
2016-02-17,4534.060059
2016-02-18,4487.540039
2016-02-19,4504.430176
2016-02-22,4570.609863
2016-02-23,4503.580078
2016-02-24,4542.609863
2016-02-25,4582.200195
2016-02-26,4590.470215
2016-02-29,4557.950195
2016-03-01,4689.600098
2016-03-02,4703.419922
2016-03-03,4707.419922
2016-03-04,4717.020020
2016-03-07,4708.250000
2016-03-08,4648.819824
2016-03-09,4674.379883
2016-03-10,4662.160156
2016-03-11,4748.470215
2016-03-14,4750.279785
2016-03-15,4728.669922
2016-03-16,4763.970215
2016-03-17,4774.990234
2016-03-18,4795.649902
2016-03-21,4808.870117
2016-03-22,4821.660156
2016-03-23,4768.859863
2016-03-24,4773.500000
2016-03-28,4766.790039
2016-03-29,4846.620117
2016-03-30,4869.290039
2016-03-31,4869.850098
2016-04-01,4914.540039
2016-04-04,4891.799805
2016-04-05,4843.930176
2016-04-06,4920.720215
2016-04-07,4848.370117
2016-04-08,4850.689941
2016-04-11,4833.399902
2016-04-12,4872.089844
2016-04-13,4947.419922
2016-04-14,4945.890137
2016-04-15,4938.220215
2016-04-18,4960.020020
2016-04-19,4940.330078
2016-04-20,4948.129883
2016-04-21,4945.890137
2016-04-22,4906.229980
2016-04-25,4895.790039
2016-04-26,4888.279785
2016-04-27,4863.140137
2016-04-28,4805.290039
2016-04-29,4775.359863
2016-05-02,4817.589844
2016-05-03,4763.220215
2016-05-04,4725.640137
2016-05-05,4717.089844
2016-05-06,4736.160156
2016-05-09,4750.209961
2016-05-10,4809.879883
2016-05-11,4760.689941
2016-05-12,4737.330078
2016-05-13,4717.680176
2016-05-16,4775.459961
2016-05-17,4715.729980
2016-05-18,4739.120117
2016-05-19,4712.529785
2016-05-20,4769.560059
2016-05-23,4765.779785
2016-05-24,4861.060059
2016-05-25,4894.890137
2016-05-26,4901.770020
2016-05-27,4933.500000
2016-05-31,4948.049805
2016-06-01,4952.250000
2016-06-02,4971.359863
2016-06-03,4942.520020
2016-06-06,4968.709961
2016-06-07,4961.750000
2016-06-08,4974.640137
2016-06-09,4958.620117
2016-06-10,4894.549805
2016-06-13,4848.439941
2016-06-14,4843.549805
2016-06-15,4834.930176
2016-06-16,4844.919922
2016-06-17,4800.339844
2016-06-20,4837.209961
2016-06-21,4843.759766
2016-06-22,4833.319824
2016-06-23,4910.040039
2016-06-24,4707.979980
2016-06-27,4594.439941
2016-06-28,4691.870117
2016-06-29,4779.250000
2016-06-30,4842.669922
2016-07-01,4862.569824
2016-07-05,4822.899902
2016-07-06,4859.160156
2016-07-07,4876.810059
2016-07-08,4956.759766
2016-07-11,4988.640137
2016-07-12,5022.819824
2016-07-13,5005.729980
2016-07-14,5034.060059
2016-07-15,5029.589844
2016-07-18,5055.779785
2016-07-19,5036.370117
2016-07-20,5089.930176
2016-07-21,5073.899902
2016-07-22,5100.160156
2016-07-25,5097.629883
2016-07-26,5110.049805
2016-07-27,5139.810059
2016-07-28,5154.979980
2016-07-29,5162.129883
2016-08-01,5184.200195
2016-08-02,5137.729980
2016-08-03,5159.740234
2016-08-04,5166.250000
2016-08-05,5221.120117
2016-08-08,5213.140137
2016-08-09,5225.479980
2016-08-10,5204.580078
2016-08-11,5228.399902
2016-08-12,5232.890137
2016-08-15,5262.020020
2016-08-16,5227.109863
2016-08-17,5228.660156
2016-08-18,5240.149902
2016-08-19,5238.379883
2016-08-22,5244.600098
2016-08-23,5260.080078
2016-08-24,5217.689941
2016-08-25,5212.200195
2016-08-26,5218.919922
2016-08-29,5232.330078
2016-08-30,5222.990234
2016-08-31,5213.220215
2016-09-01,5227.209961
2016-09-02,5249.899902
2016-09-06,5275.910156
2016-09-07,5283.930176
2016-09-08,5259.479980
2016-09-09,5125.910156
2016-09-12,5211.890137
2016-09-13,5155.250000
2016-09-14,5173.770020
2016-09-15,5249.689941
2016-09-16,5244.569824
2016-09-19,5235.029785
2016-09-20,5241.350098
2016-09-21,5295.180176
2016-09-22,5339.520020
2016-09-23,5305.750000
2016-09-26,5257.490234
2016-09-27,5305.709961
2016-09-28,5318.549805
2016-09-29,5269.149902
2016-09-30,5312.000000
2016-10-03,5300.870117
2016-10-04,5289.660156
2016-10-05,5316.020020
2016-10-06,5306.850098
2016-10-07,5292.399902
2016-10-10,5328.669922
2016-10-11,5246.790039
2016-10-12,5239.020020
2016-10-13,5213.330078
2016-10-14,5214.160156
2016-10-17,5199.819824
2016-10-18,5243.839844
2016-10-19,5246.410156
2016-10-20,5241.830078
2016-10-21,5257.399902
2016-10-24,5309.830078
2016-10-25,5283.399902
2016-10-26,5250.270020
2016-10-27,5215.970215
2016-10-28,5190.100098
2016-10-31,5189.140137
2016-11-01,5153.580078
2016-11-02,5105.569824
2016-11-03,5058.410156
2016-11-04,5046.370117
2016-11-07,5166.169922
2016-11-08,5193.490234
2016-11-09,5251.069824
2016-11-10,5208.799805
2016-11-11,5237.109863
2016-11-14,5218.399902
2016-11-15,5275.620117
2016-11-16,5294.580078
2016-11-17,5333.970215
2016-11-18,5321.509766
2016-11-21,5368.859863
2016-11-22,5386.350098
2016-11-23,5380.680176
2016-11-25,5398.919922
2016-11-28,5368.810059
2016-11-29,5379.919922
2016-11-30,5323.680176
2016-12-01,5251.109863
2016-12-02,5255.649902
2016-12-05,5308.890137
2016-12-06,5333.000000
2016-12-07,5393.759766
2016-12-08,5417.359863
2016-12-09,5444.500000
2016-12-12,5412.540039
2016-12-13,5463.830078
2016-12-14,5436.669922
2016-12-15,5456.850098
2016-12-16,5437.160156
2016-12-19,5457.439941
2016-12-20,5483.939941
2016-12-21,5471.430176
2016-12-22,5447.419922
2016-12-23,5462.689941
2016-12-27,5487.439941
2016-12-28,5438.560059
2016-12-29,5432.089844
2016-12-30,5383.120117
2017-01-03,5429.080078
2017-01-04,5477.000000
2017-01-05,5487.939941
2017-01-06,5521.060059
2017-01-09,5531.819824
2017-01-10,5551.819824
2017-01-11,5563.649902
2017-01-12,5547.490234
2017-01-13,5574.120117
2017-01-17,5538.729980
2017-01-18,5555.649902
2017-01-19,5540.080078
2017-01-20,5555.330078
2017-01-23,5552.939941
2017-01-24,5600.959961
2017-01-25,5656.339844
2017-01-26,5655.180176
2017-01-27,5660.779785
2017-01-30,5613.709961
2017-01-31,5614.790039
2017-02-01,5642.649902
2017-02-02,5636.200195
2017-02-03,5666.770020
2017-02-06,5663.549805
2017-02-07,5674.220215
2017-02-08,5682.450195
2017-02-09,5715.180176
2017-02-10,5734.129883
2017-02-13,5763.959961
2017-02-14,5782.569824
2017-02-15,5819.439941
2017-02-16,5814.899902
2017-02-17,5838.580078
2017-02-21,5865.950195
2017-02-22,5860.629883
2017-02-23,5835.509766
2017-02-24,5845.310059
2017-02-27,5861.899902
2017-02-28,5825.439941
2017-03-01,5904.029785
2017-03-02,5861.220215
2017-03-03,5870.750000
2017-03-06,5849.180176
2017-03-07,5833.930176
2017-03-08,5837.549805
2017-03-09,5838.810059
2017-03-10,5861.729980
2017-03-13,5875.779785
2017-03-14,5856.819824
2017-03-15,5900.049805
2017-03-16,5900.759766
2017-03-17,5901.000000
2017-03-20,5901.529785
2017-03-21,5793.830078
2017-03-22,5821.640137
2017-03-23,5817.689941
2017-03-24,5828.740234
2017-03-27,5840.370117
2017-03-28,5875.140137
2017-03-29,5897.549805
2017-03-30,5914.339844
2017-03-31,5911.740234
2017-04-03,5894.680176
2017-04-04,5898.609863
2017-04-05,5864.479980
2017-04-06,5878.950195
2017-04-07,5877.810059
2017-04-10,5880.930176
2017-04-11,5866.770020
2017-04-12,5836.160156
2017-04-13,5805.149902
2017-04-17,5856.790039
2017-04-18,5849.470215
2017-04-19,5863.029785
2017-04-20,5916.779785
2017-04-21,5910.520020
2017-04-24,5983.819824
2017-04-25,6025.490234
2017-04-26,6025.229980
2017-04-27,6048.939941
2017-04-28,6047.609863
2017-05-01,6091.600098
2017-05-02,6095.370117
2017-05-03,6072.549805
2017-05-04,6075.339844
2017-05-05,6100.759766
2017-05-08,6102.660156
2017-05-09,6120.589844
2017-05-10,6129.140137
2017-05-11,6115.959961
2017-05-12,6121.229980
2017-05-15,6149.669922
2017-05-16,6169.870117
2017-05-17,6011.240234
2017-05-18,6055.129883
2017-05-19,6083.700195
2017-05-22,6133.620117
2017-05-23,6138.709961
2017-05-24,6163.020020
2017-05-25,6205.259766
2017-05-26,6210.189941
2017-05-30,6203.189941
2017-05-31,6198.520020
2017-06-01,6246.830078
2017-06-02,6305.799805
2017-06-05,6295.680176
2017-06-06,6275.060059
2017-06-07,6297.379883
2017-06-08,6321.759766
2017-06-09,6207.919922
2017-06-12,6175.459961
2017-06-13,6220.370117
2017-06-14,6194.890137
2017-06-15,6165.500000
2017-06-16,6151.759766
2017-06-19,6239.009766
2017-06-20,6188.029785
2017-06-21,6233.950195
2017-06-22,6236.689941
2017-06-23,6265.250000
2017-06-26,6247.149902
2017-06-27,6146.620117
2017-06-28,6234.410156
2017-06-29,6144.350098
2017-06-30,6140.419922
2017-07-03,6110.060059
2017-07-05,6150.859863
2017-07-06,6089.459961
2017-07-07,6153.080078
2017-07-10,6176.390137
2017-07-11,6193.299805
2017-07-12,6261.169922
2017-07-13,6274.439941
2017-07-14,6312.470215
2017-07-17,6314.430176
2017-07-18,6344.310059
2017-07-19,6385.040039
2017-07-20,6390.000000
2017-07-21,6387.750000
2017-07-24,6410.810059
2017-07-25,6412.169922
2017-07-26,6422.750000
2017-07-27,6382.189941
2017-07-28,6374.680176
2017-07-31,6348.120117
2017-08-01,6362.939941
2017-08-02,6362.649902
2017-08-03,6340.339844
2017-08-04,6351.560059
2017-08-07,6383.770020
2017-08-08,6370.459961
2017-08-09,6352.330078
2017-08-10,6216.870117
2017-08-11,6256.560059
2017-08-14,6340.229980
2017-08-15,6333.009766
2017-08-16,6345.109863
2017-08-17,6221.910156
2017-08-18,6216.529785
2017-08-21,6213.129883
2017-08-22,6297.479980
2017-08-23,6278.410156
2017-08-24,6271.330078
2017-08-25,6265.640137
2017-08-28,6283.020020
2017-08-29,6301.890137
2017-08-30,6368.310059
2017-08-31,6428.660156
2017-09-01,6435.330078
2017-09-05,6375.569824
2017-09-06,6393.310059
2017-09-07,6397.870117
2017-09-08,6360.189941
2017-09-11,6432.259766
2017-09-12,6454.279785
2017-09-13,6460.189941
2017-09-14,6429.080078
2017-09-15,6448.470215
2017-09-18,6454.640137
2017-09-19,6461.319824
2017-09-20,6456.040039
2017-09-21,6422.689941
2017-09-22,6426.919922
2017-09-25,6370.589844
2017-09-26,6380.160156
2017-09-27,6453.259766
2017-09-28,6453.450195
2017-09-29,6495.959961
2017-10-02,6516.720215
2017-10-03,6531.709961
2017-10-04,6534.629883
2017-10-05,6585.359863
2017-10-06,6590.180176
2017-10-09,6579.729980
2017-10-10,6587.250000
2017-10-11,6603.549805
2017-10-12,6591.509766
2017-10-13,6605.799805
2017-10-16,6624.000000
2017-10-17,6623.660156
2017-10-18,6624.220215
2017-10-19,6605.069824
2017-10-20,6629.049805
2017-10-23,6586.830078
2017-10-24,6598.430176
2017-10-25,6563.890137
2017-10-26,6556.770020
2017-10-27,6701.259766
2017-10-30,6698.959961
2017-10-31,6727.669922
2017-11-01,6716.529785
2017-11-02,6714.939941
2017-11-03,6764.439941
2017-11-06,6786.439941
2017-11-07,6767.779785
2017-11-08,6789.120117
2017-11-09,6750.049805
2017-11-10,6750.939941
2017-11-13,6757.600098
2017-11-14,6737.870117
2017-11-15,6706.209961
2017-11-16,6793.290039
2017-11-17,6782.790039
2017-11-20,6790.709961
2017-11-21,6862.479980
2017-11-22,6867.359863
2017-11-24,6889.160156
2017-11-27,6878.520020
2017-11-28,6912.359863
2017-11-29,6824.390137
2017-11-30,6873.970215
2017-12-01,6847.589844
2017-12-04,6775.370117
2017-12-05,6762.209961
2017-12-06,6776.379883
2017-12-07,6812.839844
2017-12-08,6840.080078
2017-12-11,6875.080078
2017-12-12,6862.319824
2017-12-13,6875.799805
2017-12-14,6856.529785
2017-12-15,6936.580078
2017-12-18,6994.759766
2017-12-19,6963.850098
2017-12-20,6960.959961
2017-12-21,6965.359863
2017-12-22,6959.959961
2017-12-26,6936.250000
2017-12-27,6939.339844
2017-12-28,6950.160156
2017-12-29,6903.390137
2018-01-02,7006.899902
2018-01-03,7065.529785
2018-01-04,7077.910156
2018-01-05,7136.560059
2018-01-08,7157.390137
2018-01-09,7163.580078
2018-01-10,7153.569824
2018-01-11,7211.779785
2018-01-12,7261.060059
2018-01-16,7223.689941
2018-01-17,7298.279785
2018-01-18,7296.049805
2018-01-19,7336.379883
2018-01-22,7408.029785
2018-01-23,7460.290039
2018-01-24,7415.060059
2018-01-25,7411.160156
2018-01-26,7505.770020
2018-01-29,7466.509766
2018-01-30,7402.479980
2018-01-31,7411.479980
2018-02-01,7385.859863
2018-02-02,7240.950195
2018-02-05,6967.529785
2018-02-06,7115.879883
2018-02-07,7051.979980
2018-02-08,6777.160156
2018-02-09,6874.490234
2018-02-12,6981.959961
2018-02-13,7013.509766
2018-02-14,7143.620117
2018-02-15,7256.430176
2018-02-16,7239.470215
2018-02-20,7234.310059
2018-02-21,7218.229980
2018-02-22,7210.089844
2018-02-23,7337.390137
2018-02-26,7421.459961
2018-02-27,7330.350098
2018-02-28,7273.009766
2018-03-01,7180.560059
2018-03-02,7257.870117
2018-03-05,7330.709961
2018-03-06,7372.009766
2018-03-07,7396.649902
2018-03-08,7427.950195
2018-03-09,7560.810059
2018-03-12,7588.319824
2018-03-13,7511.009766
2018-03-14,7496.810059
2018-03-15,7481.740234
2018-03-16,7481.990234
2018-03-19,7344.240234
2018-03-20,7364.299805
2018-03-21,7345.290039
2018-03-22,7166.680176
2018-03-23,6992.669922
2018-03-26,7220.540039
2018-03-27,7008.810059
2018-03-28,6949.229980
2018-03-29,7063.450195
2018-04-02,6870.120117
2018-04-03,6941.279785
2018-04-04,7042.109863
2018-04-05,7076.549805
2018-04-06,6915.109863
2018-04-09,6950.339844
2018-04-10,7094.299805
2018-04-11,7069.029785
2018-04-12,7140.250000
2018-04-13,7106.649902
2018-04-16,7156.279785
2018-04-17,7281.100098
2018-04-18,7295.240234
2018-04-19,7238.060059
2018-04-20,7146.129883
2018-04-23,7128.600098
2018-04-24,7007.350098
2018-04-25,7003.740234
2018-04-26,7118.680176
2018-04-27,7119.799805
2018-04-30,7066.270020
2018-05-01,7130.700195
2018-05-02,7100.899902
2018-05-03,7088.149902
2018-05-04,7209.620117
2018-05-07,7265.209961
2018-05-08,7266.899902
2018-05-09,7339.910156
2018-05-10,7404.970215
2018-05-11,7402.879883
2018-05-14,7411.319824
2018-05-15,7351.629883
2018-05-16,7398.299805
2018-05-17,7382.470215
2018-05-18,7354.339844
2018-05-21,7394.040039
2018-05-22,7378.459961
2018-05-23,7425.959961
2018-05-24,7424.430176
2018-05-25,7433.850098
2018-05-29,7396.589844
2018-05-30,7462.450195
2018-05-31,7442.120117
2018-06-01,7554.330078
2018-06-04,7606.459961
2018-06-05,7637.859863
2018-06-06,7689.240234
2018-06-07,7635.069824
2018-06-08,7645.509766
2018-06-11,7659.930176
2018-06-12,7703.790039
2018-06-13,7695.700195
2018-06-14,7761.040039
2018-06-15,7746.379883
2018-06-18,7747.029785
2018-06-19,7725.589844
2018-06-20,7781.509766
2018-06-21,7712.950195
2018-06-22,7692.819824
2018-06-25,7532.009766
2018-06-26,7561.629883
2018-06-27,7445.080078
2018-06-28,7503.680176
2018-06-29,7510.299805
2018-07-02,7567.689941
2018-07-03,7502.669922
2018-07-05,7586.430176
2018-07-06,7688.390137
2018-07-09,7756.200195
2018-07-10,7759.200195
2018-07-11,7716.609863
2018-07-12,7823.919922
2018-07-13,7825.979980
2018-07-16,7805.720215
2018-07-17,7855.120117
2018-07-18,7854.439941
2018-07-19,7825.299805
2018-07-20,7820.200195
2018-07-23,7841.870117
2018-07-24,7840.770020
2018-07-25,7932.240234
2018-07-26,7852.180176
2018-07-27,7737.419922
2018-07-30,7630.000000
2018-07-31,7671.790039
2018-08-01,7707.290039
2018-08-02,7802.689941
2018-08-03,7812.009766
2018-08-06,7859.680176
2018-08-07,7883.660156
2018-08-08,7888.330078
2018-08-09,7891.779785
2018-08-10,7839.109863
2018-08-13,7819.709961
2018-08-14,7870.890137
2018-08-15,7774.120117
2018-08-16,7806.520020
2018-08-17,7816.330078
2018-08-20,7821.009766
2018-08-21,7859.169922
2018-08-22,7889.100098
2018-08-23,7878.459961
2018-08-24,7945.979980
2018-08-27,8017.899902
2018-08-28,8030.040039
2018-08-29,8109.689941
2018-08-30,8088.359863
2018-08-31,8109.540039
2018-09-04,8091.250000
2018-09-05,7995.169922
2018-09-06,7922.729980
2018-09-07,7902.540039
2018-09-10,7924.160156
2018-09-11,7972.470215
2018-09-12,7954.229980
2018-09-13,8013.709961
2018-09-14,8010.040039
2018-09-17,7895.790039
2018-09-18,7956.109863
2018-09-19,7950.040039
2018-09-20,8028.229980
2018-09-21,7986.959961
2018-09-24,7993.250000
2018-09-25,8007.470215
2018-09-26,7990.370117
2018-09-27,8041.970215
2018-09-28,8046.350098
2018-10-01,8037.299805
2018-10-02,7999.549805
2018-10-03,8025.089844
2018-10-04,7879.509766
2018-10-05,7788.450195
2018-10-08,7735.950195
2018-10-09,7738.020020
2018-10-10,7422.049805
2018-10-11,7329.060059
2018-10-12,7496.890137
2018-10-15,7430.740234
2018-10-16,7645.490234
2018-10-17,7642.700195
2018-10-18,7485.140137
2018-10-19,7449.029785
2018-10-22,7468.629883
2018-10-23,7437.540039
2018-10-24,7108.399902
2018-10-25,7318.339844
2018-10-26,7167.209961
2018-10-29,7050.290039
2018-10-30,7161.649902
2018-10-31,7305.899902
2018-11-01,7434.060059
2018-11-02,7356.990234
2018-11-05,7328.850098
2018-11-06,7375.959961
2018-11-07,7570.750000
2018-11-08,7530.879883
2018-11-09,7406.899902
2018-11-12,7200.870117
2018-11-13,7200.870117
2018-11-14,7136.390137
2018-11-15,7259.029785
2018-11-16,7247.870117
2018-11-19,7028.479980
2018-11-20,6908.819824
2018-11-21,6972.250000
2018-11-23,6938.979980
2018-11-26,7081.850098
2018-11-27,7082.700195
2018-11-28,7291.589844
2018-11-29,7273.080078
2018-11-30,7330.540039
2018-12-03,7441.509766
2018-12-04,7158.430176
2018-12-06,7188.259766
2018-12-07,6969.250000
2018-12-10,7020.520020
2018-12-11,7031.830078
2018-12-12,7098.310059
2018-12-13,7070.330078
2018-12-14,6910.660156
2018-12-17,6753.729980
2018-12-18,6783.910156
2018-12-19,6636.830078
2018-12-20,6528.410156
2018-12-21,6332.990234
2018-12-24,6192.919922
2018-12-26,6554.359863
2018-12-27,6579.490234
2018-12-28,6584.520020
2018-12-31,6635.279785
2019-01-02,6665.939941
2019-01-03,6463.500000
2019-01-04,6738.859863
2019-01-07,6823.470215
2019-01-08,6897.000000
2019-01-09,6957.080078
2019-01-10,6986.069824
2019-01-11,6971.479980
2019-01-14,6905.919922
2019-01-15,7023.830078
2019-01-16,7034.689941
2019-01-17,7084.459961
2019-01-18,7157.229980
2019-01-22,7020.359863
2019-01-23,7025.770020
2019-01-24,7073.459961
2019-01-25,7164.859863
2019-01-28,7085.680176
2019-01-29,7028.290039
2019-01-30,7183.080078
2019-01-31,7281.740234
2019-02-01,7263.870117
2019-02-04,7347.540039
2019-02-05,7402.080078
2019-02-06,7375.279785
2019-02-07,7288.350098
2019-02-08,7298.200195
2019-02-11,7307.899902
2019-02-12,7414.620117
2019-02-13,7420.379883
2019-02-14,7426.950195
2019-02-15,7472.410156
2019-02-19,7486.770020
2019-02-20,7489.069824
2019-02-21,7459.709961
2019-02-22,7527.540039
2019-02-25,7554.459961
2019-02-26,7549.299805
2019-02-27,7554.509766
2019-02-28,7532.529785
2019-03-01,7595.350098
2019-03-04,7577.569824
2019-03-05,7576.359863
2019-03-06,7505.919922
2019-03-07,7421.459961
2019-03-08,7408.140137
2019-03-11,7558.060059
2019-03-12,7591.029785
2019-03-13,7643.410156
2019-03-14,7630.910156
2019-03-15,7688.529785
2019-03-18,7714.479980
2019-03-19,7723.950195
2019-03-20,7728.970215
2019-03-21,7838.959961
2019-03-22,7642.669922
2019-03-25,7637.540039
2019-03-26,7691.520020
2019-03-27,7643.379883
2019-03-28,7669.169922
2019-03-29,7729.319824
2019-04-01,7828.910156
2019-04-02,7848.689941
2019-04-03,7895.549805
2019-04-04,7891.779785
2019-04-05,7938.689941
2019-04-08,7953.879883
2019-04-09,7909.279785
2019-04-10,7964.240234
2019-04-11,7947.359863
2019-04-12,7984.160156
2019-04-15,7976.009766
2019-04-16,8000.229980
2019-04-17,7996.080078
2019-04-18,7998.060059
2019-04-22,8015.270020
2019-04-23,8120.819824
2019-04-24,8102.009766
2019-04-25,8118.680176
2019-04-26,8146.399902
2019-04-29,8161.850098
2019-04-30,8095.390137
2019-05-01,8049.640137
2019-05-02,8036.770020
2019-05-03,8164.000000
2019-05-06,8123.290039
2019-05-07,7963.759766
2019-05-08,7943.319824
2019-05-09,7910.589844
2019-05-10,7916.939941
2019-05-13,7647.020020
2019-05-14,7734.490234
2019-05-15,7822.149902
2019-05-16,7898.049805
2019-05-17,7816.279785
2019-05-20,7702.379883
2019-05-21,7785.720215
2019-05-22,7750.839844
2019-05-23,7628.279785
2019-05-24,7637.009766
2019-05-28,7607.350098
2019-05-29,7547.310059
2019-05-30,7567.720215
2019-05-31,7453.149902
2019-06-03,7333.020020
2019-06-04,7527.120117
2019-06-05,7575.479980
2019-06-06,7615.549805
2019-06-07,7742.100098
2019-06-10,7823.169922
2019-06-11,7822.569824
2019-06-12,7792.720215
2019-06-13,7837.129883
2019-06-14,7796.660156
2019-06-17,7845.020020
2019-06-18,7953.879883
2019-06-19,7987.319824
2019-06-20,8051.339844
2019-06-21,8031.709961
2019-06-24,8005.700195
2019-06-25,7884.720215
2019-06-26,7909.970215
2019-06-27,7967.759766
2019-06-28,8006.240234
2019-07-01,8091.160156
2019-07-02,8109.089844
2019-07-03,8170.229980
2019-07-05,8161.790039
2019-07-08,8098.379883
2019-07-09,8141.729980
2019-07-10,8202.530273
2019-07-11,8196.040039
2019-07-12,8244.139648
2019-07-15,8258.190430
2019-07-16,8222.799805
2019-07-17,8185.209961
2019-07-18,8207.240234
2019-07-19,8146.490234
2019-07-22,8204.139648
2019-07-23,8251.400391
2019-07-24,8321.500000
2019-07-25,8238.540039
2019-07-26,8330.209961
2019-07-29,8293.330078
2019-07-30,8273.610352
2019-07-31,8175.419922
2019-08-01,8111.120117
2019-08-02,8004.069824
2019-08-05,7726.040039
2019-08-06,7833.270020
2019-08-07,7862.830078
2019-08-08,8039.160156
2019-08-09,7959.140137
2019-08-12,7863.410156
2019-08-13,8016.359863
2019-08-14,7773.939941
2019-08-15,7766.620117
2019-08-16,7895.990234
2019-08-19,8002.810059
2019-08-20,7948.560059
2019-08-21,8020.209961
2019-08-22,7991.390137
2019-08-23,7751.770020
2019-08-26,7853.740234
2019-08-27,7826.950195
2019-08-28,7856.879883
2019-08-29,7973.390137
2019-08-30,7962.879883
2019-09-03,7874.160156
2019-09-04,7976.879883
2019-09-05,8116.830078
2019-09-06,8103.069824
2019-09-09,8087.439941
2019-09-10,8084.160156
2019-09-11,8169.680176
2019-09-12,8194.469727
2019-09-13,8176.709961
2019-09-16,8153.540039
2019-09-17,8186.020020
2019-09-18,8177.390137
2019-09-19,8182.879883
2019-09-20,8117.669922
2019-09-23,8112.459961
2019-09-24,7993.629883
2019-09-25,8077.379883
2019-09-26,8030.660156
2019-09-27,7939.629883
2019-09-30,7999.339844
2019-10-01,7908.680176
2019-10-02,7785.250000
2019-10-03,7872.259766
2019-10-04,7982.470215
2019-10-07,7956.290039
2019-10-08,7823.779785
2019-10-09,7903.740234
2019-10-10,7950.779785
2019-10-11,8057.040039
2019-10-14,8048.649902
2019-10-15,8148.709961
2019-10-16,8124.180176
2019-10-17,8156.850098
2019-10-18,8089.540039
2019-10-21,8162.990234
2019-10-22,8104.299805
2019-10-23,8119.790039
2019-10-24,8185.799805
2019-10-25,8243.120117
2019-10-28,8325.990234
2019-10-29,8276.849609
2019-10-30,8303.980469
2019-10-31,8292.360352
2019-11-01,8386.400391
2019-11-04,8433.200195
2019-11-05,8434.679688
2019-11-06,8410.629883
2019-11-07,8434.519531
2019-11-08,8475.309570
2019-11-11,8464.280273
2019-11-12,8486.089844
2019-11-13,8482.099609
2019-11-14,8479.019531
2019-11-15,8540.830078
2019-11-18,8549.940430
2019-11-19,8570.660156
2019-11-20,8526.730469
2019-11-21,8506.209961
2019-11-22,8519.879883
2019-11-25,8632.490234
2019-11-26,8647.929688
2019-11-27,8705.179688
2019-11-29,8665.469727
2019-12-02,8567.990234
2019-12-03,8520.639648
2019-12-04,8566.669922
2019-12-05,8570.700195
2019-12-06,8656.530273
2019-12-09,8621.830078
2019-12-10,8616.179688
2019-12-11,8654.049805
2019-12-12,8717.320313
2019-12-13,8734.879883
2019-12-16,8814.230469
2019-12-17,8823.360352
2019-12-18,8827.740234
2019-12-19,8887.219727
2019-12-20,8924.959961
2019-12-23,8945.650391
2019-12-24,8952.879883
2019-12-26,9022.389648
2019-12-27,9006.620117
2019-12-30,8945.990234
2019-12-31,8972.599609
2020-01-02,9092.190430
2020-01-03,9020.769531
2020-01-06,9071.469727
2020-01-07,9068.580078
2020-01-08,9129.240234
2020-01-09,9203.429688
2020-01-10,9178.860352
2020-01-13,9273.929688
2020-01-14,9251.330078
2020-01-15,9258.700195
2020-01-16,9357.129883
2020-01-17,9388.940430
2020-01-21,9370.809570
2020-01-22,9383.769531
2020-01-23,9402.480469
2020-01-24,9314.910156
2020-01-27,9139.309570
2020-01-28,9269.679688
2020-01-29,9275.160156
2020-01-30,9298.929688
2020-01-31,9150.940430
2020-02-03,9273.400391
2020-02-04,9467.969727
2020-02-05,9508.679688
2020-02-06,9572.150391
2020-02-07,9520.509766
2020-02-10,9628.389648
2020-02-11,9638.940430
2020-02-12,9725.959961
2020-02-13,9711.969727
2020-02-14,9731.179688
2020-02-18,9732.740234
2020-02-19,9817.179688
2020-02-20,9750.969727
2020-02-21,9576.589844
2020-02-24,9221.280273
2020-02-25,8965.610352
2020-02-26,8980.780273
2020-02-27,8566.480469
2020-02-28,8567.370117
2020-03-02,8952.169922
2020-03-03,8684.089844
2020-03-04,9018.089844
2020-03-05,8738.589844
2020-03-06,8575.620117
2020-03-09,7950.680176
2020-03-10,8344.250000
2020-03-11,7952.049805
2020-03-12,7201.799805
2020-03-13,7874.879883
2020-03-16,6904.589844
2020-03-17,7334.779785
2020-03-18,6989.839844
2020-03-19,7150.580078
2020-03-20,6879.520020
2020-03-23,6860.669922
2020-03-24,7417.859863
2020-03-25,7384.299805
2020-03-26,7797.540039
2020-03-27,7502.379883
2020-03-30,7774.149902
2020-03-31,7700.100098
2020-04-01,7360.580078
2020-04-02,7487.310059
2020-04-03,7373.080078
2020-04-06,7913.240234
2020-04-07,7887.259766
2020-04-08,8090.899902
2020-04-09,8153.580078
2020-04-13,8192.419922
2020-04-14,8515.740234
2020-04-15,8393.179688
2020-04-16,8532.360352
2020-04-17,8650.139648
2020-04-20,8560.730469
2020-04-21,8263.230469
2020-04-22,8495.379883
2020-04-23,8494.750000
2020-04-24,8634.519531
2020-04-27,8730.160156
2020-04-28,8607.730469
2020-04-29,8914.709961
2020-04-30,8889.549805
2020-05-01,8604.950195
2020-05-04,8710.709961
2020-05-05,8809.120117
2020-05-06,8854.389648
2020-05-07,8979.660156
2020-05-08,9121.320313
2020-05-11,9192.339844
2020-05-12,9002.549805
2020-05-13,8863.169922
2020-05-14,8943.719727
2020-05-15,9014.559570
2020-05-18,9234.830078
2020-05-19,9185.099609
2020-05-20,9375.780273
2020-05-21,9284.879883
2020-05-22,9324.589844
2020-05-26,9340.219727
2020-05-27,9412.360352
2020-05-28,9368.990234
2020-05-29,9489.870117
2020-06-01,9552.049805
2020-06-02,9608.379883
2020-06-03,9682.910156
2020-06-04,9615.809570
2020-06-05,9814.080078
2020-06-08,9924.750000
2020-06-09,9953.750000
2020-06-10,10020.349609
2020-06-11,9492.730469
2020-06-12,9588.809570
2020-06-15,9726.019531
2020-06-16,9895.870117
2020-06-17,9910.530273
2020-06-18,9943.049805
2020-06-19,9946.120117
2020-06-22,10056.480469
2020-06-23,10131.370117
2020-06-24,9909.169922
2020-06-25,10017.000000
2020-06-26,9757.219727
2020-06-29,9874.150391
2020-06-30,10058.769531
2020-07-01,10154.629883
2020-07-02,10207.629883
2020-07-06,10433.650391
2020-07-07,10343.889648
2020-07-08,10492.500000
2020-07-09,10547.750000
2020-07-10,10617.440430
2020-07-13,10390.839844
2020-07-14,10488.580078
2020-07-15,10550.490234
2020-07-16,10473.830078
2020-07-17,10503.190430
2020-07-20,10767.089844
2020-07-21,10680.360352
2020-07-22,10706.129883
2020-07-23,10461.419922
2020-07-24,10363.179688
2020-07-27,10536.269531
2020-07-28,10402.089844
2020-07-29,10542.940430
2020-07-30,10587.809570
2020-07-31,10745.269531
2020-08-03,10902.799805
2020-08-04,10941.169922
2020-08-05,10998.400391
2020-08-06,11108.070313
2020-08-07,11010.980469
2020-08-10,10968.360352
2020-08-11,10782.820313
2020-08-12,11012.240234
2020-08-13,11042.500000
2020-08-14,11019.299805
2020-08-17,11129.730469
2020-08-18,11210.839844
2020-08-19,11146.459961
2020-08-20,11264.950195
2020-08-21,11311.799805
2020-08-24,11379.719727
2020-08-25,11466.469727
2020-08-26,11665.059570
2020-08-27,11625.339844
2020-08-28,11695.629883
2020-08-31,11775.459961
2020-09-01,11939.669922
2020-09-02,12056.440430
2020-09-03,11458.099609
2020-09-04,11313.129883
2020-09-08,10847.690430
2020-09-09,11141.559570
2020-09-10,10919.589844
2020-09-11,10853.549805
2020-09-14,11056.650391
2020-09-15,11190.320313
2020-09-16,11050.469727
2020-09-17,10910.280273
2020-09-18,10793.280273
2020-09-21,10778.799805
2020-09-22,10963.639648
2020-09-23,10632.990234
2020-09-24,10672.269531
2020-09-25,10913.559570
2020-09-28,11117.530273
2020-09-29,11085.250000
2020-09-30,11167.509766
2020-10-01,11326.509766
2020-10-02,11075.019531
2020-10-05,11332.490234
2020-10-06,11154.599609
2020-10-07,11364.599609
2020-10-08,11420.980469
2020-10-09,11579.940430
2020-10-12,11876.259766
2020-10-13,11863.900391
2020-10-14,11768.730469
2020-10-15,11713.870117
2020-10-16,11671.559570
2020-10-19,11478.879883
2020-10-20,11516.490234
2020-10-21,11484.690430
2020-10-22,11506.009766
2020-10-23,11548.280273
2020-10-26,11358.940430
2020-10-27,11431.349609
2020-10-28,11004.870117
2020-10-29,11185.589844
2020-10-30,10911.589844
2020-11-02,10957.610352
2020-11-03,11160.570313
2020-11-04,11590.780273
2020-11-05,11890.929688
2020-11-06,11895.230469
2020-11-09,11713.780273
2020-11-10,11553.860352
2020-11-11,11786.429688
2020-11-12,11709.589844
2020-11-13,11829.290039
2020-11-16,11924.129883
2020-11-17,11899.339844
2020-11-18,11801.599609
2020-11-19,11904.709961
2020-11-20,11854.969727
2020-11-23,11880.629883
2020-11-24,12036.790039
2020-11-25,12094.400391
2020-11-27,12205.849609
2020-11-30,12198.740234
2020-12-01,12355.110352
2020-12-02,12349.370117
2020-12-03,12377.179688
2020-12-04,12464.230469
2020-12-07,12519.950195
2020-12-08,12582.769531
2020-12-09,12338.950195
2020-12-10,12405.809570
2020-12-11,12377.870117
2020-12-14,12440.040039
2020-12-15,12595.059570
2020-12-16,12658.190430
2020-12-17,12764.750000
2020-12-18,12755.639648
2020-12-21,12742.519531
2020-12-22,12807.919922
2020-12-23,12771.110352
2020-12-24,12804.730469
2020-12-28,12899.419922
2020-12-29,12850.219727
2020-12-30,12870.000000
2020-12-31,12888.280273
2021-01-04,12698.450195
2021-01-05,12818.959961
2021-01-06,12740.790039
2021-01-07,13067.480469
2021-01-08,13201.980469
2021-01-11,13036.429688
2021-01-12,13072.429688
2021-01-13,13128.950195
2021-01-14,13112.639648
2021-01-15,12998.500000
2021-01-19,13197.179688
2021-01-20,13457.250000
2021-01-21,13530.910156
2021-01-22,13543.059570
2021-01-25,13635.990234
2021-01-26,13626.059570
2021-01-27,13270.599609
2021-01-28,13337.160156
2021-01-29,13070.690430
2021-02-01,13403.389648
2021-02-02,13612.780273
2021-02-03,13610.540039
2021-02-04,13777.740234
2021-02-05,13856.299805
2021-02-08,13987.639648
2021-02-09,14007.700195
2021-02-10,13972.530273
2021-02-11,14025.769531
2021-02-12,14095.469727
2021-02-16,14047.500000
2021-02-17,13965.490234
2021-02-18,13865.360352
2021-02-19,13874.459961
2021-02-22,13533.049805
2021-02-23,13465.200195
2021-02-24,13597.969727
2021-02-25,13119.429688
2021-02-26,13192.349609
2021-03-01,13588.830078
2021-03-02,13358.790039
2021-03-03,12997.750000
2021-03-04,12723.469727
2021-03-05,12920.150391
2021-03-08,12609.160156
2021-03-09,13073.820313
2021-03-10,13068.830078
2021-03-11,13398.669922
2021-03-12,13319.860352
2021-03-15,13459.709961
2021-03-16,13471.570313
2021-03-17,13525.200195
2021-03-18,13116.169922
2021-03-19,13215.240234
2021-03-22,13377.540039
2021-03-23,13227.700195
2021-03-24,12961.889648
2021-03-25,12977.679688
2021-03-26,13138.730469
2021-03-29,13059.650391
2021-03-30,13045.389648
2021-03-31,13246.870117
2021-04-01,13480.110352
2021-04-05,13705.589844
2021-04-06,13698.379883
2021-04-07,13688.839844
2021-04-08,13829.309570
2021-04-09,13900.190430
2021-04-12,13850.000000
2021-04-13,13996.099609
2021-04-14,13857.839844
2021-04-15,14038.759766
2021-04-16,14052.339844
2021-04-19,13914.769531
2021-04-20,13786.269531
2021-04-21,13950.219727
2021-04-22,13818.410156
2021-04-23,14016.809570
2021-04-26,14138.780273
2021-04-27,14090.219727
2021-04-28,14051.030273
2021-04-29,14082.549805
2021-04-30,13962.679688
2021-05-03,13895.120117
2021-05-04,13633.500000
2021-05-05,13582.419922
2021-05-06,13632.839844
2021-05-07,13752.240234
2021-05-10,13401.860352
2021-05-11,13389.429688
2021-05-12,13031.679688
2021-05-13,13124.990234
2021-05-14,13429.980469
2021-05-17,13379.049805
2021-05-18,13303.639648
2021-05-19,13299.740234
2021-05-20,13535.740234
2021-05-21,13470.990234
2021-05-24,13661.169922
2021-05-25,13657.169922
2021-05-26,13738.000000
2021-05-27,13736.280273
2021-05-28,13748.740234
2021-06-01,13736.480469
2021-06-02,13756.330078
2021-06-03,13614.509766
2021-06-04,13814.490234
2021-06-07,13881.719727
2021-06-08,13924.910156
2021-06-09,13911.750000
2021-06-10,14020.330078
2021-06-11,14069.419922
2021-06-14,14174.139648
2021-06-15,14072.860352
2021-06-16,14039.679688
2021-06-17,14161.349609
2021-06-18,14030.379883
2021-06-21,14141.480469
2021-06-22,14253.269531
2021-06-23,14271.730469
2021-06-24,14369.709961
2021-06-25,14360.389648
2021-06-28,14500.509766
2021-06-29,14528.330078
2021-06-30,14503.950195
2021-07-01,14522.379883
2021-07-02,14639.330078
2021-07-06,14663.639648
2021-07-07,14665.059570
2021-07-08,14559.780273
2021-07-09,14701.919922
2021-07-12,14733.240234
2021-07-13,14677.650391
2021-07-14,14644.950195
2021-07-15,14543.129883
2021-07-16,14427.240234
2021-07-19,14274.980469
2021-07-20,14498.879883
2021-07-21,14631.950195
2021-07-22,14684.599609
2021-07-23,14836.990234
2021-07-26,14840.709961
2021-07-27,14660.580078
2021-07-28,14762.580078
2021-07-29,14778.259766
2021-07-30,14672.679688
2021-08-02,14681.070313
2021-08-03,14761.290039
2021-08-04,14780.530273
2021-08-05,14895.120117
2021-08-06,14835.759766
2021-08-09,14860.179688
2021-08-10,14788.089844
2021-08-11,14765.139648
2021-08-12,14816.259766
2021-08-13,14822.900391
2021-08-16,14793.759766
2021-08-17,14656.179688
2021-08-18,14525.910156
2021-08-19,14541.790039
2021-08-20,14714.660156
2021-08-23,14942.650391
2021-08-24,15019.799805
2021-08-25,15041.860352
2021-08-26,14945.809570
2021-08-27,15129.500000
2021-08-30,15265.889648
2021-08-31,15259.240234
2021-09-01,15309.379883
2021-09-02,15331.179688
2021-09-03,15363.519531
2021-09-07,15374.330078
2021-09-08,15286.639648
2021-09-09,15248.250000
2021-09-10,15115.490234
2021-09-13,15105.580078
2021-09-14,15037.759766
2021-09-15,15161.530273
2021-09-16,15181.919922
2021-09-17,15043.969727
2021-09-20,14713.900391
2021-09-21,14746.400391
2021-09-22,14896.849609
2021-09-23,15052.240234
2021-09-24,15047.700195
2021-09-27,14969.969727
2021-09-28,14546.679688
2021-09-29,14512.440430
2021-09-30,14448.580078
2021-10-01,14566.700195
2021-10-04,14255.480469
2021-10-05,14433.830078
2021-10-06,14501.910156
2021-10-07,14654.019531
2021-10-08,14579.540039
2021-10-11,14486.200195
2021-10-12,14465.919922
2021-10-13,14571.639648
2021-10-14,14823.429688
2021-10-15,14897.339844
2021-10-18,15021.809570
2021-10-19,15129.089844
2021-10-20,15121.679688
2021-10-21,15215.700195
2021-10-22,15090.200195
2021-10-25,15226.709961
2021-10-26,15235.709961
2021-10-27,15235.839844
2021-10-28,15448.120117
2021-10-29,15498.389648
2021-11-01,15595.919922
2021-11-02,15649.599609
2021-11-03,15811.580078
2021-11-04,15940.309570
2021-11-05,15971.589844
2021-11-08,15982.360352
2021-11-09,15886.540039
2021-11-10,15622.709961
2021-11-11,15704.280273
2021-11-12,15860.959961
2021-11-15,15853.849609
2021-11-16,15973.860352
2021-11-17,15921.570313
2021-11-18,15993.709961
2021-11-19,16057.440430
2021-11-22,15854.759766
2021-11-23,15775.139648
2021-11-24,15845.230469
2021-11-26,15491.660156
2021-11-29,15782.830078
2021-11-30,15537.690430
2021-12-01,15254.049805
2021-12-02,15381.320313
2021-12-03,15085.469727
2021-12-06,15225.150391
2021-12-07,15686.919922
2021-12-08,15786.990234
2021-12-09,15517.370117
2021-12-10,15630.599609
2021-12-13,15413.280273
2021-12-14,15237.639648
2021-12-15,15565.580078
2021-12-16,15180.429688
2021-12-17,15169.679688
2021-12-20,14980.940430
2021-12-21,15341.089844
2021-12-22,15521.889648
2021-12-23,15653.370117
2021-12-27,15871.259766
2021-12-28,15781.719727
2021-12-29,15766.219727
2021-12-30,15741.559570
2021-12-31,15644.969727
2022-01-03,15832.799805
2022-01-04,15622.719727
2022-01-05,15100.169922
2022-01-06,15080.860352
2022-01-07,14935.900391
2022-01-10,14942.830078
2022-01-11,15153.450195
2022-01-12,15188.389648
2022-01-13,14806.809570
2022-01-14,14893.750000
2022-01-18,14506.900391
2022-01-19,14340.259766
2022-01-20,14154.019531
2022-01-21,13768.919922
2022-01-24,13855.129883
2022-01-25,13539.290039
2022-01-26,13542.120117
2022-01-27,13352.780273
2022-01-28,13770.570313
2022-01-31,14239.879883
2022-02-01,14346.000000
2022-02-02,14417.549805
2022-02-03,13878.820313
2022-02-04,14098.009766
2022-02-07,14015.669922
2022-02-08,14194.450195
2022-02-09,14490.370117
2022-02-10,14185.639648
2022-02-11,13791.150391
2022-02-14,13790.919922
2022-02-15,14139.759766
2022-02-16,14124.089844
2022-02-17,13716.719727
2022-02-18,13548.070313
2022-02-22,13381.519531
2022-02-23,13037.490234
2022-02-24,13473.589844
2022-02-25,13694.620117
2022-02-28,13751.400391
2022-03-01,13532.459961
2022-03-02,13752.019531
2022-03-03,13537.940430
2022-03-04,13313.440430
2022-03-07,12830.959961
2022-03-08,12795.549805
2022-03-09,13255.549805
2022-03-10,13129.959961
2022-03-11,12843.809570
2022-03-14,12581.219727
2022-03-15,12948.620117
2022-03-16,13436.549805
2022-03-17,13614.780273
2022-03-18,13893.839844
2022-03-21,13838.459961
2022-03-22,14108.820313
2022-03-23,13922.599609
2022-03-24,14191.839844
2022-03-25,14169.299805
2022-03-28,14354.900391
2022-03-29,14619.639648
2022-03-30,14442.269531
2022-03-31,14220.519531
2022-04-01,14261.500000
2022-04-04,14532.549805
2022-04-05,14204.169922
2022-04-06,13888.820313
2022-04-07,13897.299805
2022-04-08,13711.000000
2022-04-11,13411.959961
2022-04-12,13371.570313
2022-04-13,13643.589844
2022-04-14,13351.080078
2022-04-18,13332.360352
2022-04-19,13619.660156
2022-04-20,13453.070313
2022-04-21,13174.650391
2022-04-22,12839.290039
2022-04-25,13004.849609
2022-04-26,12490.740234
2022-04-27,12488.929688
2022-04-28,12871.530273
2022-04-29,12334.639648
2022-05-02,12536.019531
2022-05-03,12563.759766
2022-05-04,12964.860352
2022-05-05,12317.690430
2022-05-06,12144.660156
2022-05-09,11623.250000
2022-05-10,11737.669922
2022-05-11,11364.240234
2022-05-12,11370.959961
2022-05-13,11805.000000
2022-05-16,11662.790039
2022-05-17,11984.519531
2022-05-18,11418.150391
2022-05-19,11388.500000
2022-05-20,11354.620117
2022-05-23,11535.269531
2022-05-24,11264.450195
2022-05-25,11434.740234
2022-05-26,11740.650391
2022-05-27,12131.129883
2022-05-31,12081.389648
2022-06-01,11994.459961
2022-06-02,12316.900391
2022-06-03,12012.730469
2022-06-06,12061.370117
2022-06-07,12175.230469
2022-06-08,12086.269531
2022-06-09,11754.230469
2022-06-10,11340.019531
2022-06-13,10809.230469
2022-06-14,10828.349609
2022-06-15,11099.150391
2022-06-16,10646.099609
2022-06-17,10798.349609
2022-06-21,11069.299805
2022-06-22,11053.080078
2022-06-23,11232.190430
2022-06-24,11607.620117
2022-06-27,11524.549805
2022-06-28,11181.540039
2022-06-29,11177.889648
2022-06-30,11028.740234
2022-07-01,11127.849609
2022-07-05,11322.240234
2022-07-06,11361.849609
2022-07-07,11621.349609
2022-07-08,11635.309570
2022-07-11,11372.599609
2022-07-12,11264.730469
2022-07-13,11247.580078
2022-07-14,11251.190430
2022-07-15,11452.419922
2022-07-18,11360.049805
2022-07-19,11713.150391
2022-07-20,11897.650391
2022-07-21,12059.610352
2022-07-22,11834.110352
2022-07-25,11782.669922
2022-07-26,11562.570313
2022-07-27,12032.419922
2022-07-28,12162.589844
2022-07-29,12390.690430
2022-08-01,12368.980469
2022-08-02,12348.759766
2022-08-03,12668.160156
2022-08-04,12720.580078
2022-08-05,12657.549805
2022-08-08,12644.459961
2022-08-09,12493.929688
2022-08-10,12854.799805
2022-08-11,12779.910156
2022-08-12,13047.190430
2022-08-15,13128.049805
2022-08-16,13102.549805
2022-08-17,12938.120117
2022-08-18,12965.339844
2022-08-19,12705.219727
2022-08-22,12381.570313
2022-08-23,12381.299805
2022-08-24,12431.530273
2022-08-25,12639.269531
2022-08-26,12141.709961
2022-08-29,12017.669922
2022-08-30,11883.139648
2022-08-31,11816.200195
2022-09-01,11785.129883
2022-09-02,11630.860352
2022-09-06,11544.910156
2022-09-07,11791.900391
2022-09-08,11862.129883
2022-09-09,12112.309570
2022-09-12,12266.410156
2022-09-13,11633.570313
2022-09-14,11719.679688
2022-09-15,11552.360352
2022-09-16,11448.400391
2022-09-19,11535.019531
2022-09-20,11425.049805
2022-09-21,11220.190430
2022-09-22,11066.809570
2022-09-23,10867.929688
2022-09-26,10802.919922
2022-09-27,10829.500000
2022-09-28,11051.639648
2022-09-29,10737.509766
2022-09-30,10575.620117
2022-10-03,10815.429688
2022-10-04,11176.410156
2022-10-05,11148.639648
2022-10-06,11073.309570
2022-10-07,10652.400391
2022-10-10,10542.099609
2022-10-11,10426.190430
2022-10-12,10417.099609
2022-10-13,10649.150391
2022-10-14,10321.389648
2022-10-17,10675.799805
2022-10-18,10772.400391
2022-10-19,10680.509766
2022-10-20,10614.839844
2022-10-21,10859.719727
2022-10-24,10952.610352
2022-10-25,11199.120117
2022-10-26,10970.990234
2022-10-27,10792.669922
2022-10-28,11102.450195
2022-10-31,10988.150391
2022-11-01,10890.849609
2022-11-02,10524.799805
2022-11-03,10342.940430
2022-11-04,10475.250000
2022-11-07,10564.519531
2022-11-08,10616.200195
2022-11-09,10353.169922
2022-11-10,11114.150391
2022-11-11,11323.330078
2022-11-14,11196.219727
2022-11-15,11358.410156
2022-11-16,11183.660156
2022-11-17,11144.959961
2022-11-18,11146.059570
2022-11-21,11024.509766
2022-11-22,11174.410156
2022-11-23,11285.320313
2022-11-25,11226.360352
2022-11-28,11049.500000
2022-11-29,10983.780273
2022-11-30,11468.000000
2022-12-01,11482.450195
2022-12-02,11461.500000
2022-12-05,11239.940430
2022-12-06,11014.889648
2022-12-07,10958.549805
2022-12-08,11082.000000
2022-12-09,11004.620117
2022-12-12,11143.740234
2022-12-13,11256.809570
2022-12-14,11170.889648
2022-12-15,10810.530273
2022-12-16,10705.410156
2022-12-19,10546.030273
2022-12-20,10547.110352
2022-12-21,10709.370117
2022-12-22,10476.120117
2022-12-23,10497.860352
2022-12-27,10353.230469
2022-12-28,10213.290039
2022-12-29,10478.089844
2022-12-30,10466.480469
2023-01-03,10386.980469
2023-01-04,10458.759766
2023-01-05,10305.240234
2023-01-06,10569.290039
2023-01-09,10635.650391
2023-01-10,10742.629883
2023-01-11,10931.669922
2023-01-12,11001.099609
2023-01-13,11079.160156
2023-01-17,11095.110352
2023-01-18,10957.009766
2023-01-19,10852.269531
2023-01-20,11140.429688
2023-01-23,11364.410156
2023-01-24,11334.269531
2023-01-25,11313.360352
2023-01-26,11512.410156
2023-01-27,11621.709961
2023-01-30,11393.809570
2023-01-31,11584.549805
2023-02-01,11816.320313
2023-02-02,12200.820313
2023-02-03,12006.950195
2023-02-06,11887.450195
2023-02-07,12113.790039
2023-02-08,11910.519531
2023-02-09,11789.580078
2023-02-10,11718.120117
2023-02-13,11891.790039
2023-02-14,11960.150391
2023-02-15,12070.589844
2023-02-16,11855.830078
2023-02-17,11787.269531
2023-02-21,11492.299805
2023-02-22,11507.070313
2023-02-23,11590.400391
2023-02-24,11394.940430
2023-02-27,11466.980469
2023-02-28,11455.540039
2023-03-01,11379.480469
2023-03-02,11462.980469
2023-03-03,11689.009766
2023-03-06,11675.740234
2023-03-07,11530.330078
2023-03-08,11576.000000
2023-03-09,11338.349609
2023-03-10,11138.889648
2023-03-13,11188.839844
2023-03-14,11428.150391
2023-03-15,11434.049805
2023-03-16,11717.280273
2023-03-17,11630.509766
2023-03-20,11675.540039
2023-03-21,11860.110352
2023-03-22,11669.959961
2023-03-23,11787.400391
2023-03-24,11823.959961
2023-03-27,11768.839844
2023-03-28,11716.080078
2023-03-29,11926.240234
2023-03-30,12013.469727
2023-03-31,12221.910156
2023-04-03,12189.450195
2023-04-04,12126.330078
2023-04-05,11996.860352
2023-04-06,12087.959961
2023-04-10,12084.360352
2023-04-11,12031.879883
2023-04-12,11929.339844
2023-04-13,12166.269531
2023-04-14,12123.469727
2023-04-17,12157.719727
2023-04-18,12153.410156
2023-04-19,12157.230469
2023-04-20,12059.559570
2023-04-21,12072.459961
2023-04-24,12037.200195
2023-04-25,11799.160156
2023-04-26,11854.349609
2023-04-27,12142.240234
2023-04-28,12226.580078
2023-05-01,12212.599609
2023-05-02,12080.509766
2023-05-03,12025.330078
2023-05-04,11966.400391
2023-05-05,12235.410156
2023-05-08,12256.919922
2023-05-09,12179.549805
2023-05-10,12306.440430
2023-05-11,12328.509766
2023-05-12,12284.740234
2023-05-15,12365.209961
2023-05-16,12343.049805
2023-05-17,12500.570313
2023-05-18,12688.839844
2023-05-19,12657.900391
2023-05-22,12720.780273
2023-05-23,12560.250000
2023-05-24,12484.160156
2023-05-25,12698.089844
2023-05-26,12975.690430
2023-05-30,13017.429688
2023-05-31,12935.290039
2023-06-01,13100.980469
2023-06-02,13240.769531
2023-06-05,13229.429688
2023-06-06,13276.419922
2023-06-07,13104.900391
2023-06-08,13238.519531
2023-06-09,13259.139648
2023-06-12,13461.919922
2023-06-13,13573.320313
2023-06-14,13626.480469
2023-06-15,13782.820313
2023-06-16,13689.570313
2023-06-20,13667.290039
2023-06-21,13502.200195
2023-06-22,13630.610352
2023-06-23,13492.519531
2023-06-26,13335.780273
2023-06-27,13555.669922
2023-06-28,13591.750000
2023-06-29,13591.330078
2023-06-30,13787.919922
2023-07-03,13816.769531
2023-07-05,13791.650391
2023-07-06,13679.040039
2023-07-07,13660.719727
2023-07-10,13685.480469
2023-07-11,13760.700195
2023-07-12,13918.959961
2023-07-13,14138.570313
2023-07-14,14113.700195
2023-07-17,14244.950195
2023-07-18,14353.639648
2023-07-19,14358.019531
2023-07-20,14063.309570
2023-07-21,14032.809570
2023-07-24,14058.870117
2023-07-25,14144.559570
2023-07-26,14127.280273
2023-07-27,14050.110352
2023-07-28,14316.660156
2023-07-31,14346.019531
2023-08-01,14283.910156
2023-08-02,13973.450195
2023-08-03,13959.719727
2023-08-04,13909.240234
2023-08-07,13994.400391
2023-08-08,13884.320313
2023-08-09,13722.019531
2023-08-10,13737.990234
2023-08-11,13644.849609
2023-08-14,13788.330078
2023-08-15,13631.049805
2023-08-16,13474.629883
2023-08-17,13316.929688
2023-08-18,13290.780273
2023-08-21,13497.589844
2023-08-22,13505.870117
2023-08-23,13721.030273
2023-08-24,13463.969727
2023-08-25,13590.650391
2023-08-28,13705.129883
2023-08-29,13943.759766
2023-08-30,14019.309570
2023-08-31,14034.969727
2023-09-01,14031.809570
2023-09-05,14020.950195
2023-09-06,13872.469727
2023-09-07,13748.830078
2023-09-08,13761.530273
2023-09-11,13917.889648
2023-09-12,13773.610352
2023-09-13,13813.589844
2023-09-14,13926.049805
2023-09-15,13708.330078
2023-09-18,13710.240234
2023-09-19,13678.190430
2023-09-20,13469.129883
2023-09-21,13223.980469
2023-09-22,13211.809570
2023-09-25,13271.320313
2023-09-26,13063.610352
2023-09-27,13092.849609
2023-09-28,13201.280273
2023-09-29,13219.320313
2023-10-02,13307.769531
2023-10-03,13059.469727
2023-10-04,13236.009766
2023-10-05,13219.830078
2023-10-06,13431.339844
2023-10-09,13484.240234
2023-10-10,13562.839844
2023-10-11,13659.679688
2023-10-12,13574.219727
2023-10-13,13407.230469
2023-10-16,13567.980469
2023-10-17,13533.750000
2023-10-18,13314.299805
2023-10-19,13186.179688
2023-10-20,12983.809570
2023-10-23,13018.330078
2023-10-24,13139.870117
2023-10-25,12821.219727
2023-10-26,12595.610352
2023-10-27,12643.009766
2023-10-30,12789.480469
2023-10-31,12851.240234
2023-11-01,13061.469727
2023-11-02,13294.190430
2023-11-03,13478.280273
2023-11-06,13518.780273
2023-11-07,13639.860352
2023-11-08,13650.410156
2023-11-09,13521.450195
2023-11-10,13798.110352
2023-11-13,13767.740234
2023-11-14,14094.379883
2023-11-15,14103.839844
2023-11-16,14113.669922
2023-11-17,14125.480469
2023-11-20,14284.530273
2023-11-21,14199.980469
2023-11-22,14265.860352
2023-11-24,14250.849609
2023-11-27,14241.019531
2023-11-28,14281.759766
2023-11-29,14258.490234
2023-11-30,14226.219727
2023-12-01,14305.030273
2023-12-04,14185.490234
2023-12-05,14229.910156
2023-12-06,14146.709961
2023-12-07,14339.990234
2023-12-08,14403.969727
2023-12-11,14432.490234
2023-12-12,14533.400391
2023-12-13,14733.959961
2023-12-14,14761.559570
2023-12-15,14813.919922
2023-12-18,14904.809570
2023-12-19,15003.219727
2023-12-20,14777.940430
2023-12-21,14963.870117
2023-12-22,14992.969727
2023-12-26,15074.570313
2023-12-27,15099.179688
2023-12-28,15095.139648
2023-12-29,15011.349609
2024-01-02,14765.940430
2024-01-03,14592.209961
2024-01-04,14510.299805
2024-01-05,14524.070313
2024-01-08,14843.769531
2024-01-09,14857.709961
2024-01-10,14969.650391
2024-01-11,14970.190430
2024-01-12,14972.759766
2024-01-16,14944.349609
2024-01-17,14855.620117
2024-01-18,15055.650391
2024-01-19,15310.969727
2024-01-22,15360.290039
2024-01-23,15425.940430
2024-01-24,15481.919922
2024-01-25,15510.500000
2024-01-26,15455.360352
2024-01-29,15628.040039
2024-01-30,15509.900391
2024-01-31,15164.009766
2024-02-01,15361.639648
2024-02-02,15628.950195
2024-02-05,15597.679688
2024-02-06,15609.000000
2024-02-07,15756.639648
2024-02-08,15793.709961
2024-02-09,15990.660156
2024-02-12,15942.549805
2024-02-13,15655.599609
2024-02-14,15859.150391
2024-02-15,15906.169922
2024-02-16,15775.650391
2024-02-20,15630.780273
2024-02-21,15580.870117
2024-02-22,16041.620117
2024-02-23,15996.820313
2024-02-26,15976.250000
2024-02-27,16035.299805
2024-02-28,15947.740234
2024-02-29,16091.919922
2024-03-01,16274.940430
2024-03-04,16207.509766
2024-03-05,15939.589844
2024-03-06,16031.540039
2024-03-07,16273.379883
2024-03-08,16085.110352
2024-03-11,16019.269531
2024-03-12,16265.639648
2024-03-13,16177.769531
2024-03-14,16128.530273
2024-03-15,15973.169922
2024-03-18,16103.450195
2024-03-19,16166.790039
2024-03-20,16369.410156
2024-03-21,16401.839844
2024-03-22,16428.820313
2024-03-25,16384.470703
2024-03-26,16315.700195
2024-03-27,16399.519531
2024-03-28,16379.459961
2024-04-01,16396.830078
2024-04-02,16240.450195
2024-04-03,16277.459961
2024-04-04,16049.080078
2024-04-05,16248.519531
2024-04-08,16253.959961
2024-04-09,16306.639648
2024-04-10,16170.360352
2024-04-11,16442.199219
2024-04-12,16175.089844
2024-04-15,15885.019531
2024-04-16,15865.250000
2024-04-17,15683.370117
2024-04-18,15601.500000
2024-04-19,15282.009766
2024-04-22,15451.309570
2024-04-23,15696.639648
2024-04-24,15712.750000
2024-04-25,15611.759766
2024-04-26,15927.900391
2024-04-29,15983.080078
2024-04-30,15657.820313
2024-05-01,15605.480469
2024-05-02,15840.959961
2024-05-03,16156.330078
2024-05-06,16349.250000
2024-05-07,16332.559570
2024-05-08,16302.759766
2024-05-09,16346.259766