date, value
2003-12-01,0.835770
2003-12-02,0.827200
2003-12-03,0.824880
2003-12-04,0.827750
2003-12-05,0.820550
2003-12-08,0.818330
2003-12-09,0.816330
2003-12-10,0.820280
2003-12-11,0.818060
2003-12-12,0.814400
2003-12-15,0.811690
2003-12-16,0.811560
2003-12-17,0.806320
2003-12-18,0.804960
2003-12-19,0.807430
2003-12-22,0.806520
2003-12-23,0.806450
2003-12-24,0.803020
2003-12-25,0.803340
2003-12-26,0.804380
2003-12-29,0.801030
2003-12-30,0.796880
2003-12-31,0.794280
2004-01-01,0.794790
2004-01-02,0.794790
2004-01-05,0.788210
2004-01-06,0.786100
2004-01-07,0.791080
2004-01-08,0.782780
2004-01-09,0.777670
2004-01-12,0.784870
2004-01-13,0.782110
2004-01-14,0.790450
2004-01-15,0.793590
2004-01-16,0.806580
2004-01-19,0.809450
2004-01-20,0.794340
2004-01-21,0.789950
2004-01-22,0.785850
2004-01-23,0.794720
2004-01-26,0.800770
2004-01-27,0.791330
2004-01-28,0.803730
2004-01-29,0.805800
2004-01-30,0.802050
2004-02-02,0.804310
2004-02-03,0.797770
2004-02-04,0.797450
2004-02-05,0.795420
2004-02-06,0.787400
2004-02-09,0.787770
2004-02-10,0.788330
2004-02-11,0.779420
2004-02-12,0.780150
2004-02-13,0.785670
2004-02-16,0.783390
2004-02-17,0.777730
2004-02-18,0.785850
2004-02-19,0.783880
2004-02-20,0.797320
2004-02-23,0.795420
2004-02-24,0.788770
2004-02-25,0.800190
2004-02-26,0.803340
2004-02-27,0.800380
2004-03-01,0.803340
2004-03-02,0.819400
2004-03-03,0.820280
2004-03-04,0.819200
2004-03-05,0.808540
2004-03-08,0.804760
2004-03-09,0.811750
2004-03-10,0.817530
2004-03-11,0.809650
2004-03-12,0.818060
2004-03-15,0.814860
2004-03-16,0.815590
2004-03-17,0.817860
2004-03-18,0.807170
2004-03-19,0.815060
2004-03-22,0.809980
2004-03-23,0.810040
2004-03-24,0.823790
2004-03-25,0.823930
2004-03-26,0.824610
2004-03-29,0.821960
2004-03-30,0.820680
2004-03-31,0.812150
2004-04-01,0.808730
2004-04-02,0.824470
2004-04-05,0.832430
2004-04-06,0.824330
2004-04-07,0.821960
2004-04-08,0.828020
2004-04-09,0.827400
2004-04-12,0.828290
2004-04-13,0.837660
2004-04-14,0.837030
2004-04-15,0.834240
2004-04-16,0.833130
2004-04-19,0.832850
2004-04-20,0.844020
2004-04-21,0.846740
2004-04-22,0.838570
2004-04-23,0.843880
2004-04-26,0.843030
2004-04-27,0.838290
2004-04-28,0.844380
2004-04-29,0.836120
2004-04-30,0.834520
2004-05-03,0.837800
2004-05-04,0.826100
2004-05-05,0.822440
2004-05-06,0.828020
2004-05-07,0.841750
2004-05-10,0.844170
2004-05-11,0.841610
2004-05-12,0.839980
2004-05-13,0.847170
2004-05-14,0.841610
2004-05-17,0.831600
2004-05-18,0.837170
2004-05-19,0.833060
2004-05-20,0.836330
2004-05-21,0.831390
2004-05-24,0.833400
2004-05-25,0.826380
2004-05-26,0.825700
2004-05-27,0.814600
2004-05-28,0.818460
2004-05-31,0.819740
2004-06-01,0.816660
2004-06-02,0.818400
2004-06-03,0.818260
2004-06-04,0.814660
2004-06-07,0.811820
2004-06-08,0.815590
2004-06-09,0.830360
2004-06-10,0.825830
2004-06-11,0.832290
2004-06-14,0.829050
2004-06-15,0.821960
2004-06-16,0.832850
2004-06-17,0.830980
2004-06-18,0.823380
2004-06-21,0.824670
2004-06-22,0.824950
2004-06-23,0.827400
2004-06-24,0.821420
2004-06-25,0.819470
2004-06-28,0.820550
2004-06-29,0.826580
2004-06-30,0.820750
2004-07-01,0.822230
2004-07-02,0.812280
2004-07-05,0.813010
2004-07-06,0.814000
2004-07-07,0.808340
2004-07-08,0.806780
2004-07-09,0.805220
2004-07-12,0.805930
2004-07-13,0.810830
2004-07-14,0.807430
2004-07-15,0.809320
2004-07-16,0.802830
2004-07-19,0.803860
2004-07-20,0.810770
2004-07-21,0.815460
2004-07-22,0.815930
2004-07-23,0.826720
2004-07-26,0.823790
2004-07-27,0.828910
2004-07-28,0.830290
2004-07-29,0.830700
2004-07-30,0.832220
2004-08-02,0.831810
2004-08-03,0.829670
2004-08-04,0.829190
2004-08-05,0.829740
2004-08-06,0.812480
2004-08-09,0.814800
2004-08-10,0.817260
2004-08-11,0.818200
2004-08-12,0.817060
2004-08-13,0.808020
2004-08-16,0.809130
2004-08-17,0.810040
2004-08-18,0.810370
2004-08-19,0.808280
2004-08-20,0.811560
2004-08-23,0.822910
2004-08-24,0.827680
2004-08-25,0.827400
2004-08-26,0.826510
2004-08-27,0.831950
2004-08-30,0.829940
2004-08-31,0.821150
2004-09-01,0.820340
2004-09-02,0.821490
2004-09-03,0.829530
2004-09-06,0.828780
2004-09-07,0.826510
2004-09-08,0.820410
2004-09-09,0.816860
2004-09-10,0.814800
2004-09-13,0.815390
2004-09-14,0.815660
2004-09-15,0.822570
2004-09-16,0.820340
2004-09-17,0.820880
2004-09-20,0.821420
2004-09-21,0.811100
2004-09-22,0.815200
2004-09-23,0.814860
2004-09-24,0.814600
2004-09-27,0.812480
2004-09-28,0.811620
2004-09-29,0.810570
2004-09-30,0.804250
2004-10-01,0.805480
2004-10-04,0.813670
2004-10-05,0.811950
2004-10-06,0.814270
2004-10-07,0.813070
2004-10-08,0.805800
2004-10-11,0.807490
2004-10-12,0.811620
2004-10-13,0.809780
2004-10-14,0.807170
2004-10-15,0.801350
2004-10-18,0.800700
2004-10-19,0.798790
2004-10-20,0.794980
2004-10-21,0.792390
2004-10-22,0.787960
2004-10-25,0.780580
2004-10-26,0.783390
2004-10-27,0.787030
2004-10-28,null
2004-10-29,0.781740
2004-11-01,0.784560
2004-11-02,0.786160
2004-11-03,0.779730
2004-11-04,0.776820
2004-11-05,0.771190
2004-11-08,0.774710
2004-11-09,0.775250
2004-11-10,0.776040
2004-11-11,0.774590
2004-11-12,0.771010
2004-11-15,0.772800
2004-11-16,0.771490
2004-11-17,0.766990
2004-11-18,0.772260
2004-11-19,0.766930
2004-11-22,0.766870
2004-11-23,0.763530
2004-11-24,0.758840
2004-11-25,0.754260
2004-11-26,0.752160
2004-11-29,0.753860
2004-11-30,0.751990
2004-12-01,0.749290
2004-12-02,0.754090
2004-12-03,0.742610
2004-12-06,0.746490
2004-12-07,0.744550
2004-12-08,0.749340
2004-12-09,0.751650
2004-12-10,0.756660
2004-12-13,0.750750
2004-12-14,0.751370
2004-12-15,0.746050
2004-12-16,0.754660
2004-12-17,0.751150
2004-12-20,0.746710
2004-12-21,0.748000
2004-12-22,0.746770
2004-12-23,0.740080
2004-12-24,0.738660
2004-12-27,0.734000
2004-12-28,0.735620
2004-12-29,0.734920
2004-12-30,0.733780
2004-12-31,0.737190
2005-01-03,0.742390
2005-01-04,0.752900
2005-01-05,0.753010
2005-01-06,0.758550
2005-01-07,0.765640
2005-01-10,0.762780
2005-01-11,0.762370
2005-01-12,0.754380
2005-01-13,0.756940
2005-01-14,0.763420
2005-01-17,0.766220
2005-01-18,0.768170
2005-01-19,0.769050
2005-01-20,0.771430
2005-01-21,0.769290
2005-01-24,0.766930
2005-01-25,0.770950
2005-01-26,0.764640
2005-01-27,0.766810
2005-01-28,0.766580
2005-01-31,0.766170
2005-02-01,0.766930
2005-02-02,0.767340
2005-02-03,0.770890
2005-02-04,0.777730
2005-02-07,0.783450
2005-02-08,0.783090
2005-02-09,0.780460
2005-02-10,0.776640
2005-02-11,0.777790
2005-02-14,0.770830
2005-02-15,0.768230
2005-02-16,0.767870
2005-02-17,0.764820
2005-02-18,0.765170
2005-02-21,0.765460
2005-02-22,0.754090
2005-02-23,0.757400
2005-02-24,0.758550
2005-02-25,0.754940
2005-02-28,0.756600
2005-03-01,0.759190
2005-03-02,0.761270
2005-03-03,0.763010
2005-03-04,0.754890
2005-03-07,0.756320
2005-03-08,0.748950
2005-03-09,0.747550
2005-03-10,0.744160
2005-03-11,0.742230
2005-03-14,0.748220
2005-03-15,0.751310
2005-03-16,0.745660
2005-03-17,0.747440
2005-03-18,0.750640
2005-03-21,0.759820
2005-03-22,0.764700
2005-03-23,0.769650
2005-03-24,0.773280
2005-03-25,0.771840
2005-03-28,0.775490
2005-03-29,0.772920
2005-03-30,0.774290
2005-03-31,0.771190
2005-04-01,0.774650
2005-04-04,0.778210
2005-04-05,0.777730
2005-04-06,0.777180
2005-04-07,0.778210
2005-04-08,0.773100
2005-04-11,0.770950
2005-04-12,0.774290
2005-04-13,0.774470
2005-04-14,0.781560
2005-04-15,0.777000
2005-04-18,0.768170
2005-04-19,0.765400
2005-04-20,0.764120
2005-04-21,0.766460
2005-04-22,0.765580
2005-04-25,0.769590
2005-04-26,0.770120
2005-04-27,0.773930
2005-04-28,0.774890
2005-04-29,0.776640
2005-05-02,0.778450
2005-05-03,0.775980
2005-05-04,0.772200
2005-05-05,0.771840
2005-05-06,0.780520
2005-05-09,0.777910
2005-05-10,0.775980
2005-05-11,0.780400
2005-05-12,0.788580
2005-05-13,0.792640
2005-05-16,0.791140
2005-05-17,0.793460
2005-05-18,0.788580
2005-05-19,0.791450
2005-05-20,0.796370
2005-05-23,0.795480
2005-05-24,0.795670
2005-05-25,0.793710
2005-05-26,0.799110
2005-05-27,0.794790
2005-05-30,0.801090
2005-05-31,0.812480
2005-06-01,0.819940
2005-06-02,0.815200
2005-06-03,0.817660
2005-06-06,0.815660
2005-06-07,0.814400
2005-06-08,0.817130
2005-06-09,0.817800
2005-06-10,0.823930
2005-06-13,0.825220
2005-06-14,0.831530
2005-06-15,0.824950
2005-06-16,0.826510
2005-06-17,0.814400
2005-06-20,0.822910
2005-06-21,0.821420
2005-06-22,0.825010
2005-06-23,0.831320
2005-06-24,0.826580
2005-06-27,0.822100
2005-06-28,0.828290
2005-06-29,0.827950
2005-06-30,0.827060
2005-07-01,0.837800
2005-07-04,0.839700
2005-07-05,0.838150
2005-07-06,0.838290
2005-07-07,0.837170
2005-07-08,0.834650
2005-07-11,0.828570
2005-07-12,0.817660
2005-07-13,0.827810
2005-07-14,0.826860
2005-07-15,0.830150
2005-07-18,0.829460
2005-07-19,0.831260
2005-07-20,0.822500
2005-07-21,0.822300
2005-07-22,0.829120
2005-07-25,0.828840
2005-07-26,0.832150
2005-07-27,0.828710
2005-07-28,0.824270
2005-07-29,0.824810
2005-08-01,0.820750
2005-08-02,0.820080
2005-08-03,0.810700
2005-08-04,0.807430
2005-08-05,0.808670
2005-08-08,0.809650
2005-08-09,0.807880
2005-08-10,0.807360
2005-08-11,0.801730
2005-08-12,0.803540
2005-08-15,0.808340
2005-08-16,0.809720
2005-08-17,0.814460
2005-08-18,0.820750
2005-08-19,0.822710
2005-08-22,0.817390
2005-08-23,0.817330
2005-08-24,0.814730
2005-08-25,0.812880
2005-08-26,0.813400
2005-08-29,0.817330
2005-08-30,0.818460
2005-08-31,0.810310
2005-09-01,0.800640
2005-09-02,0.797890
2005-09-05,0.798280
2005-09-06,0.802700
2005-09-07,0.805410
2005-09-08,0.806840
2005-09-09,0.805740
2005-09-12,0.813600
2005-09-13,0.814330
2005-09-14,0.814400
2005-09-15,0.817260
2005-09-16,0.817060
2005-09-19,0.823790
2005-09-20,0.825150
2005-09-21,null
2005-09-22,0.822770
2005-09-23,0.830500
2005-09-26,0.828290
2005-09-27,0.832020
2005-09-28,0.829050
2005-09-29,0.831880
2005-09-30,0.831390
2005-10-03,0.839420
2005-10-04,0.839000
2005-10-05,0.832500
2005-10-06,0.821560
2005-10-07,0.824400
2005-10-10,0.829940
2005-10-11,0.834380
2005-10-12,0.831390
2005-10-13,0.832020
2005-10-14,0.828020
2005-10-17,0.832570
2005-10-18,0.836470
2005-10-19,0.835140
2005-10-20,0.832090
2005-10-21,0.836540
2005-10-24,0.835000
2005-10-25,0.825630
2005-10-26,0.828980
2005-10-27,0.823520
2005-10-28,0.828430
2005-10-31,0.834100
2005-11-01,0.831670
2005-11-02,0.828670
2005-11-03,0.836680
2005-11-04,0.846520
2005-11-07,0.847960
2005-11-08,0.849760
2005-11-09,0.849040
2005-11-10,0.856490
2005-11-11,0.852150
2005-11-14,0.855290
2005-11-15,0.852370
2005-11-16,0.856380
2005-11-17,0.851210
2005-11-18,0.849180
2005-11-21,0.852010
2005-11-22,0.846450
2005-11-23,0.846880
2005-11-24,0.848820
2005-11-25,0.852880
2005-11-28,0.843880
2005-11-29,0.849760
2005-11-30,0.847100
2005-12-01,0.851640
2005-12-02,0.853320
2005-12-05,0.848390
2005-12-06,0.847600
2005-12-07,0.853390
2005-12-08,0.846520
2005-12-09,0.846450
2005-12-12,0.836400
2005-12-13,0.836890
2005-12-14,0.835140
2005-12-15,0.835630
2005-12-16,0.832360
2005-12-19,0.832850
2005-12-20,0.842110
2005-12-21,0.845020
2005-12-22,0.842250
2005-12-23,0.842320
2005-12-26,0.844740
2005-12-27,0.843450
2005-12-28,0.844020
2005-12-29,0.843880
2005-12-30,0.844520
2006-01-02,0.846240
2006-01-03,0.831050
2006-01-04,0.825630
2006-01-05,0.825970
2006-01-06,0.822770
2006-01-09,0.828160
2006-01-10,0.828910
2006-01-11,0.823790
2006-01-12,0.830220
2006-01-13,0.823520
2006-01-16,0.825350
2006-01-17,0.825870
2006-01-18,0.825900
2006-01-19,0.827060
2006-01-20,0.823990
2006-01-23,0.812740
2006-01-24,0.815330
2006-01-25,0.816660
2006-01-26,0.818670
2006-01-27,0.826860
2006-01-30,0.827400
2006-01-31,0.823150
2006-02-01,0.828710
2006-02-02,0.827540
2006-02-03,0.831460
2006-02-06,0.835910
2006-02-07,0.833820
2006-02-08,0.835770
2006-02-09,0.833750
2006-02-10,0.839840
2006-02-13,0.839490
2006-02-14,0.839210
2006-02-15,0.841330
2006-02-16,0.839840
2006-02-17,0.837380
2006-02-20,0.837940
2006-02-21,0.838930
2006-02-22,0.839210
2006-02-23,0.838790
2006-02-24,0.841890
2006-02-27,0.843880
2006-02-28,0.838220
2006-03-01,0.838930
2006-03-02,0.830630
2006-03-03,0.830150
2006-03-06,0.832220
2006-03-07,0.841040
2006-03-08,0.838430
2006-03-09,0.840050
2006-03-10,0.839560
2006-03-13,0.835630
2006-03-14,0.832020
2006-03-15,0.828430
2006-03-16,0.821360
2006-03-17,0.820210
2006-03-20,0.822170
2006-03-21,0.825900
2006-03-22,0.827880
2006-03-23,0.835280
2006-03-24,0.830910
2006-03-27,0.832570
2006-03-28,0.832570
2006-03-29,0.831190
2006-03-30,0.821830
2006-03-31,0.825420
2006-04-03,0.823790
2006-04-04,0.815660
2006-04-05,0.813800
2006-04-06,0.818730
2006-04-07,0.826790
2006-04-10,0.825630
2006-04-11,0.823180
2006-04-12,0.825490
2006-04-13,0.825350
2006-04-14,0.825630
2006-04-17,0.816060
2006-04-18,0.808600
2006-04-19,0.807880
2006-04-20,0.812410
2006-04-21,0.810310
2006-04-24,0.807170
2006-04-25,0.804570
2006-04-26,0.803280
2006-04-27,0.797960
2006-04-28,0.791390
2006-05-01,0.794910
2006-05-02,0.792580
2006-05-03,0.792200
2006-05-04,0.787340
2006-05-05,0.785670
2006-05-08,0.787220
2006-05-09,0.783270
2006-05-10,0.782810
2006-05-11,0.778090
2006-05-12,0.773400
2006-05-15,0.781860
2006-05-16,0.778210
2006-05-17,0.784810
2006-05-18,0.778150
2006-05-19,0.783270
2006-05-22,0.778030
2006-05-23,0.782290
2006-05-24,0.782840
2006-05-25,0.780640
2006-05-26,0.784990
2006-05-29,0.784250
2006-05-30,0.777300
2006-05-31,0.780270
2006-06-01,0.780580
2006-06-02,0.774110
2006-06-05,0.775130
2006-06-06,0.779910
2006-06-07,0.781130
2006-06-08,0.790580
2006-06-09,0.791080
2006-06-12,0.794530
2006-06-13,0.797070
2006-06-14,0.793080
2006-06-15,0.791140
2006-06-16,0.790830
2006-06-19,0.794910
2006-06-20,0.794340
2006-06-21,0.789830
2006-06-22,0.794600
2006-06-23,0.798470
2006-06-26,0.794340
2006-06-27,0.795610
2006-06-28,0.797070
2006-06-29,0.789640
2006-06-30,0.782290
2006-07-03,0.781190
2006-07-04,0.781860
2006-07-05,0.785300
2006-07-06,0.782720
2006-07-07,0.779790
2006-07-10,0.784620
2006-07-11,0.783240
2006-07-12,0.786660
2006-07-13,0.787590
2006-07-14,0.790890
2006-07-17,0.798850
2006-07-18,0.799870
2006-07-19,0.793710
2006-07-20,0.791580
2006-07-21,0.787030
2006-07-24,0.792140
2006-07-25,0.794660
2006-07-26,0.786600
2006-07-27,0.787650
2006-07-28,0.784250
2006-07-31,0.782840
2006-08-01,0.780030
2006-08-02,0.781740
2006-08-03,0.781310
2006-08-04,0.776460
2006-08-07,0.780090
2006-08-08,0.783270
2006-08-09,0.776700
2006-08-10,0.781680
2006-08-11,0.785850
2006-08-14,0.785980
2006-08-15,0.781800
2006-08-16,0.778630
2006-08-17,0.779300
2006-08-18,0.779540
2006-08-21,0.776820
2006-08-22,0.780520
2006-08-23,0.782410
2006-08-24,0.783580
2006-08-25,0.783880
2006-08-28,0.781710
2006-08-29,0.779480
2006-08-30,0.778760
2006-08-31,0.780700
2006-09-01,0.779060
2006-09-04,0.777790
2006-09-05,0.779790
2006-09-06,0.780090
2006-09-07,0.785420
2006-09-08,0.789080
2006-09-11,0.786780
2006-09-12,0.787710
2006-09-13,0.787590
2006-09-14,0.785980
2006-09-15,0.790450
2006-09-18,0.786970
2006-09-19,0.788830
2006-09-20,0.788150
2006-09-21,0.782410
2006-09-22,0.781250
2006-09-25,0.784620
2006-09-26,0.788210
2006-09-27,0.787030
2006-09-28,0.787180
2006-09-29,0.789760
2006-10-02,0.784810
2006-10-03,0.785240
2006-10-04,0.786600
2006-10-05,0.787680
2006-10-06,0.793400
2006-10-09,0.793590
2006-10-10,0.797960
2006-10-11,0.798470
2006-10-12,0.796180
2006-10-13,0.799680
2006-10-16,0.797380
2006-10-17,0.797130
2006-10-18,0.797510
2006-10-19,0.791950
2006-10-20,0.792640
2006-10-23,0.796750
2006-10-24,0.796240
2006-10-25,0.792640
2006-10-26,0.787770
2006-10-27,0.784740
2006-10-30,0.786290
2006-10-31,0.783270
2006-11-01,0.784040
2006-11-02,0.782470
2006-11-03,0.786970
2006-11-06,0.785820
2006-11-07,0.782530
2006-11-08,0.783700
2006-11-09,0.779270
2006-11-10,0.777970
2006-11-13,0.779670
2006-11-14,0.780400
2006-11-15,0.779730
2006-11-16,0.781620
2006-11-17,0.778210
2006-11-20,0.780150
2006-11-21,0.778450
2006-11-22,0.772860
2006-11-23,0.772080
2006-11-24,0.764230
2006-11-27,0.761440
2006-11-28,0.757350
2006-11-29,0.760570
2006-11-30,0.754660
2006-12-01,0.749570
2006-12-04,0.749850
2006-12-05,0.750810
2006-12-06,0.752640
2006-12-07,0.752670
2006-12-08,0.746600
2006-12-11,0.754660
2006-12-12,0.752730
2006-12-13,0.756540
2006-12-14,0.760080
2006-12-15,0.763420
2006-12-18,0.763010
2006-12-19,0.757170
2006-12-20,0.758320
2006-12-21,0.758500
2006-12-22,0.761210
2006-12-25,0.761270
2006-12-26,0.762780
2006-12-27,0.761900
2006-12-28,0.760570
2006-12-29,0.757690
2007-01-01,0.756490
2007-01-02,0.753240
2007-01-03,0.759240
2007-01-04,0.763770
2007-01-05,0.770120
2007-01-08,0.766870
2007-01-09,0.769410
2007-01-10,0.772800
2007-01-11,0.775490
2007-01-12,0.773510
2007-01-15,0.773040
2007-01-16,0.773990
2007-01-17,0.772800
2007-01-18,0.771550
2007-01-19,0.771070
2007-01-22,0.772200
2007-01-23,0.767870
2007-01-24,0.771430
2007-01-25,0.772800
2007-01-26,0.773460
2007-01-29,0.771430
2007-01-30,0.771250
2007-01-31,0.767870
2007-02-01,0.768110
2007-02-02,0.771370
2007-02-05,0.773280
2007-02-06,0.770180
2007-02-07,0.767870
2007-02-08,0.766870
2007-02-09,0.768820
2007-02-12,0.771430
2007-02-13,0.767340
2007-02-14,0.761040
2007-02-15,0.761320
2007-02-16,0.761150
2007-02-19,0.760340
2007-02-20,0.760570
2007-02-21,0.761090
2007-02-22,0.761900
2007-02-23,0.759360
2007-02-26,0.757920
2007-02-27,0.755740
2007-02-28,0.755920
2007-03-01,0.759300
2007-03-02,0.759590
2007-03-05,0.764120
2007-03-06,0.761150
2007-03-07,0.758810
2007-03-08,0.760920
2007-03-09,0.762430
2007-03-12,0.758270
2007-03-13,0.758150
2007-03-14,0.755570
2007-03-15,0.752840
2007-03-16,0.750860
2007-03-19,0.751150
2007-03-20,0.750980
2007-03-21,0.746320
2007-03-22,0.749960
2007-03-23,0.752050
2007-03-26,0.750080
2007-03-27,0.748220
2007-03-28,0.751030
2007-03-29,0.749910
2007-03-30,0.748560
2007-04-02,0.747940
2007-04-03,0.750470
2007-04-04,0.747720
2007-04-05,0.744490
2007-04-06,0.746160
2007-04-09,0.748780
2007-04-10,0.744490
2007-04-11,0.744050
2007-04-12,0.741230
2007-04-13,0.739590
2007-04-16,0.739150
2007-04-17,0.736810
2007-04-18,0.734540
2007-04-19,0.733980
2007-04-20,0.735890
2007-04-23,0.736160
2007-04-24,0.733350
2007-04-25,0.733190
2007-04-26,0.735890
2007-04-27,0.732330
2007-04-30,0.732490
2007-05-01,0.735240
2007-05-02,0.735940
2007-05-03,0.737680
2007-05-04,0.735890
2007-05-07,0.735290
2007-05-08,0.738500
2007-05-09,0.739260
2007-05-10,0.741670
2007-05-11,0.739590
2007-05-14,0.738390
2007-05-15,0.735510
2007-05-16,0.739430
2007-05-17,0.740910
2007-05-18,0.740030
2007-05-21,0.742610
2007-05-22,0.743380
2007-05-23,0.743050
2007-05-24,0.744600
2007-05-25,0.743490
2007-05-28,0.743380
2007-05-29,0.743720
2007-05-30,0.744490
2007-05-31,0.743160
2007-06-01,0.743940
2007-06-04,0.741180
2007-06-05,0.739640
2007-06-06,0.741130
2007-06-07,0.744710
2007-06-08,0.748500
2007-06-11,0.748730
2007-06-12,0.751540
2007-06-13,0.751310
2007-06-14,0.750980
2007-06-15,0.747440
2007-06-18,0.745380
2007-06-19,0.744930
2007-06-20,0.746490
2007-06-21,0.746600
2007-06-22,0.742340
2007-06-25,0.742500
2007-06-26,0.743550
2007-06-27,0.743220
2007-06-28,0.743660
2007-06-29,0.738770
2007-07-02,0.733410
2007-07-03,0.734650
2007-07-04,0.734480
2007-07-05,0.735350
2007-07-06,0.733680
2007-07-09,0.734000
2007-07-10,0.726740
2007-07-11,0.727060
2007-07-12,0.725270
2007-07-13,0.725430
2007-07-16,0.725850
2007-07-17,0.725160
2007-07-18,0.724270
2007-07-19,0.724740
2007-07-20,0.722860
2007-07-23,0.724380
2007-07-24,0.723330
2007-07-25,0.728540
2007-07-26,0.727270
2007-07-27,0.733350
2007-07-30,0.729290
2007-07-31,0.731420
2007-08-01,0.731150
2007-08-02,0.729550
2007-08-03,0.725320
2007-08-06,0.724800
2007-08-07,0.727750
2007-08-08,0.724480
2007-08-09,0.731310
2007-08-10,0.730510
2007-08-13,0.734590
2007-08-14,0.738830
2007-08-15,0.744710
2007-08-16,0.744880
2007-08-17,0.741070
2007-08-20,0.742120
2007-08-21,0.743220
2007-08-22,0.738010
2007-08-23,0.737630
2007-08-24,0.731690
2007-08-27,0.733250
2007-08-28,0.735350
2007-08-29,0.731310
2007-08-30,0.733030
2007-08-31,0.733030
2007-09-03,0.734540
2007-09-04,0.734210
2007-09-05,0.732390
2007-09-06,0.730140
2007-09-07,0.725950
2007-09-10,null
2007-09-11,0.722540
2007-09-12,0.719010
2007-09-13,0.721140
2007-09-14,0.720560
2007-09-17,0.721240
2007-09-18,0.715310
2007-09-19,0.715870
2007-09-20,0.710280
2007-09-21,0.709620
2007-09-24,0.710530
2007-09-25,0.706610
2007-09-26,0.707560
2007-09-27,0.706610
2007-09-28,0.701020
2007-10-01,0.702440
2007-10-02,0.706610
2007-10-03,0.709220
2007-10-04,0.707460
2007-10-05,0.707560
2007-10-08,0.711790
2007-10-09,0.708870
2007-10-10,0.707160
2007-10-11,0.704130
2007-10-12,0.704720
2007-10-15,0.704030
2007-10-16,0.705370
2007-10-17,0.703380
2007-10-18,0.699550
2007-10-19,0.699450
2007-10-22,0.705220
2007-10-23,0.701360
2007-10-24,0.701110
2007-10-25,0.698030
2007-10-26,0.694780
2007-10-29,0.693580
2007-10-30,0.692520
2007-10-31,0.690990
2007-11-01,0.693140
2007-11-02,0.690230
2007-11-05,0.690700
2007-11-06,0.686620
2007-11-07,0.683810
2007-11-08,0.681150
2007-11-09,0.681430
2007-11-12,0.688520
2007-11-13,0.683950
2007-11-14,0.682590
2007-11-15,0.683950
2007-11-16,0.683340
2007-11-19,0.681710
2007-11-20,0.674170
2007-11-21,0.673040
2007-11-22,0.673130
2007-11-23,0.675630
2007-11-26,null
2007-11-27,0.673950
2007-11-28,0.673810
2007-11-29,0.677510
2007-11-30,0.680460
2007-12-03,0.681660
2007-12-04,0.677230
2007-12-05,0.684980
2007-12-06,0.682170
2007-12-07,0.682310
2007-12-10,0.679860
2007-12-11,0.681900
2007-12-12,0.679530
2007-12-13,0.683530
2007-12-14,0.692660
2007-12-17,0.693820
2007-12-18,null
2007-12-19,0.695220
2007-12-20,0.697690
2007-12-21,0.695020
2007-12-24,0.694590
2007-12-25,0.694640
2007-12-26,0.690230
2007-12-27,0.684280
2007-12-28,0.679440
2007-12-31,0.684880
2008-01-01,0.683990
2008-01-02,0.679490
2008-01-03,0.678200
2008-01-04,0.677740
2008-01-07,0.681060
2008-01-08,0.642220
2008-01-09,0.681940
2008-01-10,0.675630
2008-01-11,0.676130
2008-01-14,0.672540
2008-01-15,0.675580
2008-01-16,0.681940
2008-01-17,0.683060
2008-01-18,0.684090
2008-01-21,0.693480
2008-01-22,0.682690
2008-01-23,0.683430
2008-01-24,0.676860
2008-01-25,0.681430
2008-01-28,0.676220
2008-01-29,0.676960
2008-01-30,0.674260
2008-01-31,0.672720
2008-02-01,0.675680
2008-02-04,0.674400
2008-02-05,0.683150
2008-02-06,0.684130
2008-02-07,0.690660
2008-02-08,0.642220
2008-02-11,0.689560
2008-02-12,0.685780
2008-02-13,0.687000
2008-02-14,0.682870
2008-02-15,0.681380
2008-02-18,0.682590
2008-02-19,0.678890
2008-02-20,0.679210
2008-02-21,0.674990
2008-02-22,0.674490
2008-02-25,0.674040
2008-02-26,0.666840
2008-02-27,0.661460
2008-02-28,0.658070
2008-02-29,0.658240
2008-03-03,0.657890
2008-03-04,0.657460
2008-03-05,0.654580
2008-03-06,0.649980
2008-03-07,0.652060
2008-03-10,0.651850
2008-03-11,0.651810
2008-03-12,0.643500
2008-03-13,0.640120
2008-03-14,0.640290
2008-03-17,0.635000
2008-03-18,0.638650
2008-03-19,0.639430
2008-03-20,0.647580
2008-03-21,0.637060
2008-03-24,0.647880
2008-03-25,0.640530
2008-03-26,0.631950
2008-03-27,0.632350
2008-03-28,0.634480
2008-03-31,0.634600
2008-04-01,null
2008-04-02,0.637840
2008-04-03,0.638280
2008-04-04,0.635450
2008-04-07,0.636740
2008-04-08,0.641930
2008-04-09,0.631950
2008-04-10,0.635240
2008-04-11,0.632030
2008-04-14,0.631910
2008-04-15,0.633470
2008-04-16,0.626640
2008-04-17,0.628850
2008-04-18,0.635570
2008-04-21,0.628460
2008-04-22,0.625470
2008-04-23,0.629960
2008-04-24,0.637590
2008-04-25,0.639510
2008-04-28,0.638860
2008-04-29,0.642380
2008-04-30,0.640120
2008-05-01,null
2008-05-02,0.647920
2008-05-05,0.645240
2008-05-06,0.643670
2008-05-07,0.649980
2008-05-08,0.646660
2008-05-09,0.645580
2008-05-12,0.643500
2008-05-13,0.646120
2008-05-14,0.646450
2008-05-15,0.647210
2008-05-16,0.641190
2008-05-19,0.644000
2008-05-20,0.638810
2008-05-21,0.633390
2008-05-22,0.635650
2008-05-23,0.633510
2008-05-26,0.633740
2008-05-27,0.637310
2008-05-28,0.638730
2008-05-29,0.644410
2008-05-30,0.643460
2008-06-02,0.643250
2008-06-03,0.647240
2008-06-04,0.647980
2008-06-05,0.641480
2008-06-06,0.633510
2008-06-09,0.639240
2008-06-10,0.646660
2008-06-11,0.642760
2008-06-12,0.646790
2008-06-13,0.650660
2008-06-16,0.646250
2008-06-17,0.644250
2008-06-18,0.643580
2008-06-19,0.644750
2008-06-20,0.639880
2008-06-23,0.644210
2008-06-24,0.642260
2008-06-25,0.638000
2008-06-26,0.634800
2008-06-27,0.634800
2008-06-30,0.634920
2008-07-01,null
2008-07-02,0.629800
2008-07-03,0.636940
2008-07-04,0.636380
2008-07-07,0.636130
2008-07-08,0.652150
2008-07-09,0.635490
2008-07-10,0.633510
2008-07-11,0.627000
2008-07-14,0.629290
2008-07-15,0.628970
2008-07-16,0.632030
2008-07-17,0.630680
2008-07-18,0.630760
2008-07-21,0.628380
2008-07-22,0.633230
2008-07-23,0.637250
2008-07-24,0.637400
2008-07-25,0.638040
2008-07-28,0.635270
2008-07-29,0.641400
2008-07-30,0.642110
2008-07-31,0.641310
2008-08-01,null
2008-08-04,null
2008-08-05,null
2008-08-06,null
2008-08-07,null
2008-08-08,0.664500
2008-08-11,null
2008-08-12,null
2008-08-13,null
2008-08-14,null
2008-08-15,null
2008-08-18,null
2008-08-19,null
2008-08-20,null
2008-08-21,null
2008-08-22,null
2008-08-25,null
2008-08-26,0.682690
2008-08-27,0.679080
2008-08-28,0.679620
2008-08-29,0.681620
2008-09-01,0.686110
2008-09-02,0.688900
2008-09-03,0.690320
2008-09-04,0.701020
2008-09-05,0.700530
2008-09-08,0.664450
2008-09-09,0.706790
2008-09-10,0.715100
2008-09-11,0.714490
2008-09-12,0.702250
2008-09-15,0.700820
2008-09-16,0.707460
2008-09-17,0.697870
2008-09-18,0.699060
2008-09-19,0.693580
2008-09-22,0.675860
2008-09-23,0.680600
2008-09-24,0.683380
2008-09-25,0.682970
2008-09-26,0.684980
2008-09-29,0.694770
2008-09-30,0.709400
2008-10-01,0.713460
2008-10-02,0.724220
2008-10-03,0.725430
2008-10-06,0.740470
2008-10-07,0.735940
2008-10-08,0.668580
2008-10-09,0.735400
2008-10-10,0.746380
2008-10-13,0.734110
2008-10-14,0.734320
2008-10-15,0.743830
2008-10-16,0.741290
2008-10-17,0.744990
2008-10-20,0.751130
2008-10-21,0.765630
2008-10-22,0.780230
2008-10-23,0.772500
2008-10-24,0.791770
2008-10-27,0.802270
2008-10-28,0.780700
2008-10-29,0.771650
2008-10-30,0.777120
2008-10-31,0.787280
2008-11-03,0.792520
2008-11-04,0.770180
2008-11-05,0.774110
2008-11-06,0.787710
2008-11-07,0.786530
2008-11-10,0.784440
2008-11-11,0.798980
2008-11-12,0.802630
2008-11-13,0.781940
2008-11-14,0.793840
2008-11-17,0.790890
2008-11-18,0.791330
2008-11-19,0.799660
2008-11-20,0.803920
2008-11-21,0.794220
2008-11-24,0.774130
2008-11-25,0.767220
2008-11-26,0.775240
2008-11-27,0.775490
2008-11-28,0.787530
2008-12-01,0.793710
2008-12-02,0.786580
2008-12-03,0.786910
2008-12-04,0.782840
2008-12-05,0.786350
2008-12-08,0.670330
2008-12-09,0.773630
2008-12-10,0.768400
2008-12-11,0.750190
2008-12-12,0.748840
2008-12-15,0.730140
2008-12-16,0.711140
2008-12-17,0.694040
2008-12-18,0.699640
2008-12-19,0.718080
2008-12-22,0.716380
2008-12-23,0.717470
2008-12-24,0.713830
2008-12-25,0.713520
2008-12-26,0.712910
2008-12-29,0.712300
2008-12-30,0.707210
2008-12-31,0.715310
2009-01-01,0.714340
2009-01-02,0.718240
2009-01-05,0.732820
2009-01-06,0.740190
2009-01-07,0.734700
2009-01-08,0.729980
2009-01-09,0.743220
2009-01-12,0.748500
2009-01-13,0.757460
2009-01-14,0.756600
2009-01-15,0.759990
2009-01-16,0.752330
2009-01-19,0.763710
2009-01-20,0.776100
2009-01-21,0.768930
2009-01-22,0.768830
2009-01-23,0.771310
2009-01-26,0.758040
2009-01-27,0.756660
2009-01-28,0.760270
2009-01-29,0.772920
2009-01-30,0.779000
2009-02-02,0.780340
2009-02-03,0.768470
2009-02-04,0.777870
2009-02-05,0.781790
2009-02-06,0.773570
2009-02-09,0.771660
2009-02-10,0.774350
2009-02-11,0.777120
2009-02-12,0.775740
2009-02-13,0.777240
2009-02-16,0.781310
2009-02-17,0.794790
2009-02-18,0.795610
2009-02-19,0.789950
2009-02-20,0.773220
2009-02-23,0.788760
2009-02-24,0.776760
2009-02-25,0.785900
2009-02-26,0.786130
2009-02-27,0.788710
2009-03-02,0.795920
2009-03-03,0.797970
2009-03-04,0.791260
2009-03-05,0.797020
2009-03-06,0.791260
2009-03-09,0.792220
2009-03-10,0.786370
2009-03-11,0.780840
2009-03-12,0.775260
2009-03-13,0.773400
2009-03-16,0.770650
2009-03-17,0.767270
2009-03-18,0.741620
2009-03-19,0.731960
2009-03-20,0.736270
2009-03-23,0.734190
2009-03-24,0.741770
2009-03-25,0.736540
2009-03-26,0.739060
2009-03-27,0.752330
2009-03-30,0.758370
2009-03-31,0.754890
2009-04-01,0.755230
2009-04-02,0.742560
2009-04-03,0.741340
2009-04-06,0.745950
2009-04-07,0.753160
2009-04-08,0.754640
2009-04-09,0.759880
2009-04-10,0.758960
2009-04-13,0.748280
2009-04-14,0.753350
2009-04-15,0.756090
2009-04-16,0.758700
2009-04-17,0.766580
2009-04-20,0.773460
2009-04-21,0.773100
2009-04-22,0.768890
2009-04-23,0.760980
2009-04-24,0.754260
2009-04-27,0.768110
2009-04-28,0.761560
2009-04-29,0.753810
2009-04-30,0.755560
2009-05-01,0.753690
2009-05-04,0.745230
2009-05-05,0.750980
2009-05-06,0.751150
2009-05-07,0.746710
2009-05-08,0.733190
2009-05-11,0.735840
2009-05-12,0.732870
2009-05-13,0.735910
2009-05-14,0.733350
2009-05-15,0.740630
2009-05-18,0.737570
2009-05-19,0.733550
2009-05-20,0.726060
2009-05-21,0.719110
2009-05-22,0.714130
2009-05-25,0.713930
2009-05-26,0.714590
2009-05-27,0.722860
2009-05-28,0.717820
2009-05-29,0.706360
2009-06-01,0.706020
2009-06-02,0.698880
2009-06-03,0.706730
2009-06-04,0.705320
2009-06-05,0.715720
2009-06-08,0.719270
2009-06-09,0.711070
2009-06-10,0.715110
2009-06-11,0.708670
2009-06-12,0.714230
2009-06-15,0.725430
2009-06-16,0.723070
2009-06-17,0.717460
2009-06-18,0.718650
2009-06-19,0.717000
2009-06-22,0.721230
2009-06-23,0.710630
2009-06-24,0.717310
2009-06-25,0.715020
2009-06-26,0.711590
2009-06-29,0.709920
2009-06-30,0.712310
2009-07-01,0.707170
2009-07-02,0.716460
2009-07-03,0.716330
2009-07-06,0.715460
2009-07-07,0.718600
2009-07-08,0.720510
2009-07-09,0.712860
2009-07-10,0.717670
2009-07-13,0.714790
2009-07-14,0.715740
2009-07-15,0.709120
2009-07-16,0.707160
2009-07-17,0.708970
2009-07-20,0.703640
2009-07-21,0.704300
2009-07-22,0.703930
2009-07-23,0.706050
2009-07-24,0.703630
2009-07-27,0.701900
2009-07-28,0.706910
2009-07-29,0.713540
2009-07-30,0.709980
2009-07-31,0.701260
2009-08-03,0.693870
2009-08-04,0.693500
2009-08-05,0.693880
2009-08-06,0.695750
2009-08-07,0.704670
2009-08-10,0.707660
2009-08-11,0.706710
2009-08-12,0.703380
2009-08-13,0.700480
2009-08-14,0.703880
2009-08-17,0.708920
2009-08-18,0.705960
2009-08-19,0.701560
2009-08-20,0.701260
2009-08-21,0.698280
2009-08-24,0.699640
2009-08-25,0.700080
2009-08-26,0.702430
2009-08-27,0.695750
2009-08-28,0.696380
2009-08-31,0.697220
2009-09-01,0.703630
2009-09-02,0.700570
2009-09-03,0.701440
2009-09-04,0.699590
2009-09-07,0.697740
2009-09-08,0.689460
2009-09-09,0.687380
2009-09-10,0.685810
2009-09-11,0.685870
2009-09-14,0.682910
2009-09-15,0.681620
2009-09-16,0.679720
2009-09-17,0.678750
2009-09-18,0.679530
2009-09-21,0.681010
2009-09-22,0.675130
2009-09-23,0.679070
2009-09-24,0.682550
2009-09-25,0.680970
2009-09-28,0.683920
2009-09-29,0.685320
2009-09-30,0.682360
2009-10-01,0.688900
2009-10-02,0.685400
2009-10-05,0.682130
2009-10-06,0.679270
2009-10-07,0.679740
2009-10-08,0.676530
2009-10-09,0.678700
2009-10-12,0.676000
2009-10-13,0.673580
2009-10-14,0.669700
2009-10-15,0.668630
2009-10-16,0.670780
2009-10-19,0.668230
2009-10-20,0.669590
2009-10-21,0.666360
2009-10-22,0.664810
2009-10-23,0.666220
2009-10-26,0.672870
2009-10-27,0.674900
2009-10-28,0.679440
2009-10-29,0.673850
2009-10-30,0.678750
2009-11-02,0.676860
2009-11-03,0.678840
2009-11-04,0.672540
2009-11-05,0.672130
2009-11-06,0.673450
2009-11-09,0.666310
2009-11-10,0.667120
2009-11-11,0.667380
2009-11-12,0.673090
2009-11-13,0.670740
2009-11-16,0.667390
2009-11-17,0.672180
2009-11-18,0.668720
2009-11-19,0.670410
2009-11-20,0.672770
2009-11-23,0.668360
2009-11-24,0.668150
2009-11-25,0.661030
2009-11-26,0.667870
2009-11-27,0.667070
2009-11-30,0.664940
2009-12-01,0.662690
2009-12-02,0.663580
2009-12-03,0.663770
2009-12-04,0.673080
2009-12-07,0.673800
2009-12-08,0.680410
2009-12-09,0.678520
2009-12-10,0.678910
2009-12-11,0.684040
2009-12-14,0.682270
2009-12-15,0.687660
2009-12-16,0.688420
2009-12-17,0.697010
2009-12-18,0.696910
2009-12-21,0.699950
2009-12-22,0.701540
2009-12-23,0.697540
2009-12-24,0.695170
2009-12-25,0.694490
2009-12-28,0.695650
2009-12-29,0.697200
2009-12-30,0.697250
2009-12-31,0.697980
2010-01-01,0.694930
2010-01-04,0.693290
2010-01-05,0.696090
2010-01-06,0.694250
2010-01-07,0.698420
2010-01-08,0.693910
2010-01-11,0.689120
2010-01-12,0.690770
2010-01-13,0.688520
2010-01-14,0.689660
2010-01-15,0.694880
2010-01-18,0.694120
2010-01-19,0.700230
2010-01-20,0.708700
2010-01-21,0.709370
2010-01-22,0.707160
2010-01-25,0.706710
2010-01-26,0.710110
2010-01-27,0.712710
2010-01-28,0.715920
2010-01-29,0.721140
2010-02-01,0.718030
2010-02-02,0.715500
2010-02-03,0.719370
2010-02-04,0.727540
2010-02-05,0.730990
2010-02-08,0.732350
2010-02-09,0.725580
2010-02-10,0.727100
2010-02-11,0.730900
2010-02-12,0.733410
2010-02-15,0.735130
2010-02-16,0.726370
2010-02-17,0.734920
2010-02-18,0.742860
2010-02-19,0.734480
2010-02-22,0.734990
2010-02-23,0.739260
2010-02-24,0.738380
2010-02-25,0.738770
2010-02-26,0.733620
2010-03-01,0.737350
2010-03-02,0.734180
2010-03-03,0.729840
2010-03-04,0.736160
2010-03-05,0.733730
2010-03-08,0.734380
2010-03-09,0.734920
2010-03-10,0.732960
2010-03-11,0.730710
2010-03-12,0.726220
2010-03-15,0.731130
2010-03-16,0.726280
2010-03-17,0.727890
2010-03-18,0.734540
2010-03-19,0.738720
2010-03-22,0.737080
2010-03-23,0.742500
2010-03-24,0.750130
2010-03-25,0.751480
2010-03-26,0.745710
2010-03-29,0.741780
2010-03-30,0.744930
2010-03-31,0.740300
2010-04-01,0.736160
2010-04-02,0.740470
2010-04-05,0.741340
2010-04-06,0.746160
2010-04-07,0.749150
2010-04-08,0.748440
2010-04-09,0.740690
2010-04-12,0.735510
2010-04-13,0.734830
2010-04-14,0.732280
2010-04-15,0.736700
2010-04-16,0.740520
2010-04-19,0.741440
2010-04-20,0.744320
2010-04-21,0.746830
2010-04-22,0.753580
2010-04-23,0.747160
2010-04-26,0.746200
2010-04-27,0.759260
2010-04-28,0.756840
2010-04-29,0.753980
2010-04-30,0.751990
2010-05-03,0.757580
2010-05-04,0.771370
2010-05-05,0.780340
2010-05-06,0.791580
2010-05-07,0.783940
2010-05-10,0.782520
2010-05-11,0.791770
2010-05-12,0.791200
2010-05-13,0.797380
2010-05-14,0.809060
2010-05-17,0.806910
2010-05-18,0.821090
2010-05-19,0.806880
2010-05-20,0.801350
2010-05-21,0.795730
2010-05-24,0.809720
2010-05-25,0.809980
2010-05-26,0.821490
2010-05-27,0.809850
2010-05-28,0.814730
2010-05-31,0.813810
2010-06-01,0.817460
2010-06-02,0.817060
2010-06-03,0.821730
2010-06-04,0.835350
2010-06-07,0.838720
2010-06-08,0.835280
2010-06-09,0.833890
2010-06-10,0.825830
2010-06-11,0.825490
2010-06-14,0.818460
2010-06-15,0.811750
2010-06-16,0.812220
2010-06-17,0.807620
2010-06-18,0.806910
2010-06-21,0.811950
2010-06-22,0.814660
2010-06-23,0.811750
2010-06-24,0.810540
2010-06-25,0.808210
2010-06-28,0.814530
2010-06-29,0.820590
2010-06-30,0.817660
2010-07-01,0.799520
2010-07-02,0.795480
2010-07-05,0.797640
2010-07-06,0.792140
2010-07-07,0.791570
2010-07-08,0.787770
2010-07-09,0.790890
2010-07-12,0.794280
2010-07-13,0.786110
2010-07-14,0.784900
2010-07-15,0.773480
2010-07-16,0.773280
2010-07-19,0.772830
2010-07-20,0.775610
2010-07-21,0.783210
2010-07-22,0.775010
2010-07-23,0.774410
2010-07-26,0.769290
2010-07-27,0.769770
2010-07-28,0.769690
2010-07-29,0.764640
2010-07-30,0.766930
2010-08-02,0.758960
2010-08-03,0.756140
2010-08-04,0.756140
2010-08-05,0.759990
2010-08-06,0.758650
2010-08-09,0.752690
2010-08-10,0.755860
2010-08-11,0.758440
2010-08-12,0.778570
2010-08-13,0.779430
2010-08-16,0.783030
2010-08-17,0.780520
2010-08-18,0.776400
2010-08-19,0.777820
2010-08-20,0.780760
2010-08-23,0.786780
2010-08-24,0.791450
2010-08-25,0.791580
2010-08-26,0.789640
2010-08-27,0.787000
2010-08-30,0.784070
2010-08-31,0.789520
2010-09-01,0.788190
2010-09-02,0.781070
2010-09-03,0.779670
2010-09-06,0.775550
2010-09-07,0.777100
2010-09-08,0.788770
2010-09-09,0.785420
2010-09-10,0.787830
2010-09-13,0.786350
2010-09-14,0.776880
2010-09-15,0.769720
2010-09-16,0.768340
2010-09-17,0.764760
2010-09-20,0.766640
2010-09-21,0.765290
2010-09-22,0.754320
2010-09-23,0.746770
2010-09-24,0.750800
2010-09-27,0.741890
2010-09-28,0.744100
2010-09-29,0.736870
2010-09-30,0.733780
2010-10-01,0.734100
2010-10-04,0.725850
2010-10-05,0.731310
2010-10-06,0.722860
2010-10-07,0.718390
2010-10-08,0.717980
2010-10-11,0.715430
2010-10-12,0.720450
2010-10-13,0.718550
2010-10-14,0.715960
2010-10-15,0.710630
2010-10-18,0.716110
2010-10-19,0.717570
2010-10-20,0.727850
2010-10-21,0.716170
2010-10-22,0.718550
2010-10-25,0.717150
2010-10-26,0.716900
2010-10-27,0.721800
2010-10-28,0.725790
2010-10-29,0.725790
2010-11-01,0.715560
2010-11-02,0.718860
2010-11-03,0.712450
2010-11-04,0.707850
2010-11-05,0.702840
2010-11-08,0.710440
2010-11-09,0.721000
2010-11-10,0.726110
2010-11-11,0.725920
2010-11-12,0.734160
2010-11-15,0.730290
2010-11-16,0.736660
2010-11-17,0.741260
2010-11-18,0.737790
2010-11-19,0.732210
2010-11-22,0.727570
2010-11-23,0.735190
2010-11-24,0.747030
2010-11-25,0.748620
2010-11-26,0.749640
2010-11-29,0.755400
2010-11-30,0.763130
2010-12-01,0.769700
2010-12-02,0.761910
2010-12-03,0.756660
2010-12-06,0.745380
2010-12-07,0.752620
2010-12-08,0.755020
2010-12-09,0.754670
2010-12-10,0.755170
2010-12-13,0.757740
2010-12-14,0.746520
2010-12-15,0.748450
2010-12-16,0.756200
2010-12-17,0.755290
2010-12-20,0.759590
2010-12-21,0.762310
2010-12-22,0.763940
2010-12-23,0.762460
2010-12-24,0.761780
2010-12-27,0.764540
2010-12-28,0.758170
2010-12-29,0.764160
2010-12-30,0.756170
2010-12-31,0.751810
2011-01-03,0.748620
2011-01-04,0.748680
2011-01-05,0.750690
2011-01-06,0.760060
2011-01-07,0.770420
2011-01-10,0.775490
2011-01-11,0.771310
2011-01-12,0.770180
2011-01-13,0.761710
2011-01-14,0.748880
2011-01-17,0.747370
2011-01-18,0.752790
2011-01-19,0.747490
2011-01-20,0.743380
2011-01-21,0.742500
2011-01-24,0.734240
2011-01-25,0.732920
2011-01-26,0.730670
2011-01-27,0.729390
2011-01-28,0.728700
2011-01-31,0.736770
2011-02-01,0.729190
2011-02-02,0.723070
2011-02-03,0.723700
2011-02-04,0.733970
2011-02-07,0.736650
2011-02-08,0.735730
2011-02-09,0.733840
2011-02-10,0.728810
2011-02-11,0.735190
2011-02-14,0.740190
2011-02-15,0.741780
2011-02-16,0.740820
2011-02-17,0.736630
2011-02-18,0.733890
2011-02-21,0.729210
2011-02-22,0.730870
2011-02-23,0.731330
2011-02-24,0.726530
2011-02-25,0.723590
2011-02-28,0.728100
2011-03-01,0.723510
2011-03-02,0.726120
2011-03-03,0.721160
2011-03-04,0.716390
2011-03-07,0.714760
2011-03-08,0.716130
2011-03-09,0.719530
2011-03-10,0.719310
2011-03-11,0.724570
2011-03-14,0.717640
2011-03-15,0.714690
2011-03-16,0.714990
2011-03-17,0.720210
2011-03-18,0.712610
2011-03-21,0.705690
2011-03-22,0.703380
2011-03-23,0.705810
2011-03-24,0.708920
2011-03-25,0.705620
2011-03-28,0.712960
2011-03-29,0.710240
2011-03-30,0.708660
2011-03-31,0.708150
2011-04-01,0.706280
2011-04-04,0.703070
2011-04-05,0.703230
2011-04-06,0.703280
2011-04-07,0.697580
2011-04-08,0.699200
2011-04-11,0.691460
2011-04-12,0.692620
2011-04-13,0.690780
2011-04-14,0.692420
2011-04-15,0.692900
2011-04-18,0.693820
2011-04-19,0.703040
2011-04-20,0.697450
2011-04-21,0.688990
2011-04-22,0.687050
2011-04-25,0.686950
2011-04-26,0.685920
2011-04-27,0.680830
2011-04-28,0.676590
2011-04-29,0.673670
2011-05-02,0.675950
2011-05-03,0.674590
2011-05-04,0.674160
2011-05-05,0.674320
2011-05-06,0.687550
2011-05-09,0.696720
2011-05-10,0.695600
2011-05-11,0.693910
2011-05-12,0.703680
2011-05-13,0.702350
2011-05-16,0.710330
2011-05-17,0.706310
2011-05-18,0.700820
2011-05-19,0.701500
2011-05-20,0.698510
2011-05-23,0.708930
2011-05-24,0.712420
2011-05-25,0.709270
2011-05-26,0.709980
2011-05-27,0.707460
2011-05-30,0.699430
2011-05-31,0.698210
2011-06-01,0.693100
2011-06-02,0.697110
2011-06-03,0.690320
2011-06-06,0.682360
2011-06-07,0.685730
2011-06-08,0.680920
2011-06-09,0.684840
2011-06-10,0.688910
2011-06-13,0.697710
2011-06-14,0.693630
2011-06-15,0.692040
2011-06-16,0.705120
2011-06-17,0.704270
2011-06-20,0.700030
2011-06-21,0.698060
2011-06-22,0.695330
2011-06-23,0.698600
2011-06-24,0.700770
2011-06-27,0.705650
2011-06-28,0.698480
2011-06-29,0.696480
2011-06-30,0.690660
2011-07-01,0.689800
2011-07-04,0.687760
2011-07-05,0.687140
2011-07-06,0.693090
2011-07-07,0.697760
2011-07-08,0.696160
2011-07-11,0.704130
2011-07-12,0.712220
2011-07-13,0.715870
2011-07-14,0.702530
2011-07-15,0.706350
2011-07-18,0.708060
2011-07-19,0.708620
2011-07-20,0.705570
2011-07-21,0.700770
2011-07-22,0.693480
2011-07-25,0.695000
2011-07-26,0.695820
2011-07-27,0.689270
2011-07-28,0.695750
2011-07-29,0.697740
2011-08-01,0.696200
2011-08-02,0.701160
2011-08-03,0.705550
2011-08-04,0.696720
2011-08-05,0.710880
2011-08-08,0.699590
2011-08-09,0.705680
2011-08-10,0.695260
2011-08-11,0.707980
2011-08-12,0.702920
2011-08-15,0.700570
2011-08-16,0.692600
2011-08-17,0.694540
2011-08-18,0.693040
2011-08-19,0.698110
2011-08-22,0.695930
2011-08-23,0.696330
2011-08-24,0.692660
2011-08-25,0.693850
2011-08-26,0.695750
2011-08-29,0.689890
2011-08-30,0.688500
2011-08-31,0.692850
2011-09-01,0.695670
2011-09-02,0.701160
2011-09-05,0.706330
2011-09-06,0.711080
2011-09-07,0.714120
2011-09-08,0.709940
2011-09-09,0.719210
2011-09-12,0.735250
2011-09-13,0.732050
2011-09-14,0.730670
2011-09-15,0.727480
2011-09-16,0.721030
2011-09-19,0.729850
2011-09-20,0.734990
2011-09-21,0.730250
2011-09-22,0.736050
2011-09-23,0.741790
2011-09-26,0.738170
2011-09-27,0.739750
2011-09-28,0.736250
2011-09-29,0.738680
2011-09-30,0.736060
2011-10-03,0.748450
2011-10-04,0.757860
2011-10-05,0.750180
2011-10-06,0.749630
2011-10-07,0.744660
2011-10-10,0.747050
2011-10-11,0.733380
2011-10-12,0.732830
2011-10-13,0.725060
2011-10-14,0.728040
2011-10-17,0.720510
2011-10-18,0.727590
2011-10-19,0.727800
2011-10-20,0.726480
2011-10-21,0.725740
2011-10-24,0.722140
2011-10-25,0.718270
2011-10-26,0.719190
2011-10-27,0.720620
2011-10-28,0.705520
2011-10-31,0.707210
2011-11-01,0.721500
2011-11-02,0.732280
2011-11-03,0.730460
2011-11-04,0.723070
2011-11-07,0.725200
2011-11-08,0.726740
2011-11-09,0.723250
2011-11-10,0.739280
2011-11-11,0.734750
2011-11-14,0.725320
2011-11-15,0.733990
2011-11-16,0.740350
2011-11-17,0.743990
2011-11-18,0.743050
2011-11-21,0.739100
2011-11-22,0.741600
2011-11-23,0.739540
2011-11-24,0.748950
2011-11-25,0.750130
2011-11-28,0.751120
2011-11-29,0.750920
2011-11-30,0.750520
2011-12-01,0.743830
2011-12-02,0.742560
2011-12-05,0.745210
2011-12-06,0.747010
2011-12-07,0.745600
2011-12-08,0.746060
2011-12-09,0.749320
2011-12-12,0.747850
2011-12-13,0.759240
2011-12-14,0.768100
2011-12-15,0.769940
2011-12-16,0.767480
2011-12-19,0.767050
2011-12-20,0.768770
2011-12-21,0.764060
2011-12-22,0.766870
2011-12-23,0.765930
2011-12-26,0.766580
2011-12-27,0.766250
2011-12-28,0.764990
2011-12-29,0.773560
2011-12-30,0.771840
2012-01-02,0.771600
2012-01-03,0.772740
2012-01-04,0.765930
2012-01-05,0.773310
2012-01-06,0.781490
2012-01-09,0.788620
2012-01-10,0.782720
2012-01-11,0.784200
2012-01-12,0.785920
2012-01-13,0.780000
2012-01-16,0.790700
2012-01-17,0.789450
2012-01-18,0.784560
2012-01-19,0.777240
2012-01-20,0.771310
2012-01-23,0.776110
2012-01-24,0.767640
2012-01-25,0.766810
2012-01-26,0.762930
2012-01-27,0.763780
2012-01-30,0.757120
2012-01-31,0.761060
2012-02-01,0.764700
2012-02-02,0.759300
2012-02-03,0.761200
2012-02-06,0.761780
2012-02-07,0.762100
2012-02-08,0.754800
2012-02-09,0.754800
2012-02-10,0.753100
2012-02-13,0.755470
2012-02-14,0.760000
2012-02-15,0.761400
2012-02-16,0.765810
2012-02-17,0.761800
2012-02-20,0.756020
2012-02-21,0.757300
2012-02-22,0.755100
2012-02-23,0.754390
2012-02-24,0.747740
2012-02-27,0.742550
2012-02-28,0.745900
2012-02-29,0.741950
2012-03-01,0.750700
2012-03-02,0.750600
2012-03-05,0.758370
2012-03-06,0.756100
2012-03-07,0.762000
2012-03-08,0.761040
2012-03-09,0.753300
2012-03-12,0.761900
2012-03-13,0.759400
2012-03-14,0.764500
2012-03-15,0.767900
2012-03-16,0.764600
2012-03-19,0.758890
2012-03-20,0.755900
2012-03-21,0.755420
2012-03-22,0.756500
2012-03-23,0.757300
2012-03-26,0.752840
2012-03-27,0.748500
2012-03-28,0.750260
2012-03-29,0.750400
2012-03-30,0.751100
2012-04-02,0.748600
2012-04-03,0.750000
2012-04-04,0.756130
2012-04-05,0.760800
2012-04-06,0.765400
2012-04-09,0.764580
2012-04-10,0.762700
2012-04-11,0.764900
2012-04-12,0.762200
2012-04-13,0.758200
2012-04-16,0.765900
2012-04-17,0.761800
2012-04-18,0.761300
2012-04-19,0.762200
2012-04-20,0.760700
2012-04-23,0.757300
2012-04-24,0.760340
2012-04-25,0.757700
2012-04-26,0.755700
2012-04-27,0.758100
2012-04-30,0.755200
2012-05-01,0.755300
2012-05-02,0.755300
2012-05-03,0.760600
2012-05-04,0.760100
2012-05-07,0.770990
2012-05-08,0.765600
2012-05-09,0.769500
2012-05-10,0.773000
2012-05-11,0.773100
2012-05-14,0.775200
2012-05-15,0.779300
2012-05-16,0.785200
2012-05-17,0.785500
2012-05-18,0.787500
2012-05-21,0.782900
2012-05-22,0.780600
2012-05-23,0.789600
2012-05-24,0.796100
2012-05-25,0.797700
2012-05-28,0.795600
2012-05-29,0.798400
2012-05-30,0.801400
2012-05-31,0.808100
2012-06-01,0.808900
2012-06-04,0.806300
2012-06-05,0.799400
2012-06-06,0.802400
2012-06-07,0.795300
2012-06-08,0.795500
2012-06-11,0.790800
2012-06-12,0.801400
2012-06-13,0.799700
2012-06-14,0.795300
2012-06-15,0.791900
2012-06-18,0.787100
2012-06-19,0.793800
2012-06-20,0.788600
2012-06-21,0.788600
2012-06-22,0.796700
2012-06-25,0.797600
2012-06-26,0.799700
2012-06-27,0.800800
2012-06-28,0.801700
2012-06-29,0.803800
2012-07-02,0.790190
2012-07-03,0.794800
2012-07-04,0.793300
2012-07-05,0.798960
2012-07-06,0.807000
2012-07-09,0.814900
2012-07-10,0.811800
2012-07-11,0.815900
2012-07-12,0.816510
2012-07-13,0.820160
2012-07-16,0.816400
2012-07-17,0.815100
2012-07-18,0.813300
2012-07-19,0.814500
2012-07-20,0.814540
2012-07-23,0.824600
2012-07-24,0.824800
2012-07-25,0.829060
2012-07-26,0.823700
2012-07-27,0.814300
2012-07-30,0.812700
2012-07-31,0.815700
2012-08-01,0.813400
2012-08-02,0.816900
2012-08-03,0.821000
2012-08-06,0.804600
2012-08-07,0.807100
2012-08-08,0.807300
2012-08-09,0.808190
2012-08-10,0.813400
2012-08-13,0.814520
2012-08-14,0.811200
2012-08-15,0.811300
2012-08-16,0.813700
2012-08-17,0.809200
2012-08-20,0.810860
2012-08-21,0.809500
2012-08-22,0.801500
2012-08-23,0.797800
2012-08-24,0.796100
2012-08-27,0.799720
2012-08-28,0.799900
2012-08-29,0.795400
2012-08-30,0.798000
2012-08-31,0.799300
2012-09-03,0.795100
2012-09-04,0.794500
2012-09-05,0.797800
2012-09-06,0.793500
2012-09-07,0.791600
2012-09-10,0.781500
2012-09-11,0.783600
2012-09-12,0.778100
2012-09-13,0.775000
2012-09-14,0.769600
2012-09-17,0.762400
2012-09-18,0.762770
2012-09-19,0.766500
2012-09-20,0.765800
2012-09-21,0.770800
2012-09-24,0.771100
2012-09-25,0.772700
2012-09-26,0.775190
2012-09-27,0.776300
2012-09-28,0.774400
2012-10-01,0.780700
2012-10-02,0.775900
2012-10-03,0.774200
2012-10-04,0.773800
2012-10-05,0.768200
2012-10-08,0.768300
2012-10-09,0.770600
2012-10-10,0.777700
2012-10-11,0.777700
2012-10-12,0.773200
2012-10-15,0.772600
2012-10-16,0.771100
2012-10-17,0.762900
2012-10-18,0.762400
2012-10-19,0.765160
2012-10-22,0.767900
2012-10-23,0.765100
2012-10-24,0.770800
2012-10-25,0.771300
2012-10-26,0.772900
2012-10-29,0.773750
2012-10-30,0.774700
2012-10-31,0.771450
2012-11-01,0.771300
2012-11-02,0.772300
2012-11-05,0.779550
2012-11-06,0.781100
2012-11-07,0.780760
2012-11-08,0.783700
2012-11-09,0.784600
2012-11-12,0.785920
2012-11-13,0.786800
2012-11-14,0.786800
2012-11-15,0.785400
2012-11-16,0.782200
2012-11-19,0.783730
2012-11-20,0.783120
2012-11-21,0.780370
2012-11-22,0.777300
2012-11-23,0.776690
2012-11-26,0.771250
2012-11-27,0.770000
2012-11-28,0.772900
2012-11-29,0.772000
2012-11-30,0.770800
2012-12-03,0.769420
2012-12-04,null
2012-12-05,0.763400
2012-12-06,0.765100
2012-12-07,0.771400
2012-12-10,0.774830
2012-12-11,0.772900
2012-12-12,0.768450
2012-12-13,0.765300
2012-12-14,0.764600
2012-12-17,0.759540
2012-12-18,0.759600
2012-12-19,0.755800
2012-12-20,0.756700
2012-12-21,0.755420
2012-12-24,0.758610
2012-12-25,0.758700
2012-12-26,0.758700
2012-12-27,0.756100
2012-12-28,0.754700
2012-12-31,0.755990
2013-01-01,0.757500
2013-01-02,0.757700
2013-01-03,0.758600
2013-01-04,0.767300
2013-01-07,0.765260
2013-01-08,0.761900
2013-01-09,0.764390
2013-01-10,0.766000
2013-01-11,0.753400
2013-01-14,0.748390
2013-01-15,0.747500
2013-01-16,0.751400
2013-01-17,0.752400
2013-01-18,0.747800
2013-01-21,0.750750
2013-01-22,0.751230
2013-01-23,0.751090
2013-01-24,0.751400
2013-01-25,0.747980
2013-01-28,0.742610
2013-01-29,0.743700
2013-01-30,0.741200
2013-01-31,0.737010
2013-02-01,0.734700
2013-02-04,0.732670
2013-02-05,0.740100
2013-02-06,0.736300
2013-02-07,0.739430
2013-02-08,0.746860
2013-02-11,0.748040
2013-02-12,0.746070
2013-02-13,0.743380
2013-02-14,0.743800
2013-02-15,0.748900
2013-02-18,0.749400
2013-02-19,0.749220
2013-02-20,0.746500
2013-02-21,0.753400
2013-02-22,0.757900
2013-02-25,0.757810
2013-02-26,0.765400
2013-02-27,0.765350
2013-02-28,0.760400
2013-03-01,0.765700
2013-03-04,0.768230
2013-03-05,0.767100
2013-03-06,0.766370
2013-03-07,0.770500
2013-03-08,0.762700
2013-03-11,0.769940
2013-03-12,0.767300
2013-03-13,0.767500
2013-03-14,0.771700
2013-03-15,0.768500
2013-03-18,0.775630
2013-03-19,0.772500
2013-03-20,0.777370
2013-03-21,0.772700
2013-03-22,0.774900
2013-03-25,0.767810
2013-03-26,0.777700
2013-03-27,0.777600
2013-03-28,0.782600
2013-03-29,0.780280
2013-04-01,0.780900
2013-04-02,0.778200
2013-04-03,0.780000
2013-04-04,0.778200
2013-04-05,0.773500
2013-04-08,0.769700
2013-04-09,0.767500
2013-04-10,0.764510
2013-04-11,0.765970
2013-04-12,0.762500
2013-04-15,0.763400
2013-04-16,0.766010
2013-04-17,0.758800
2013-04-18,0.767170
2013-04-19,0.766100
2013-04-22,0.765950
2013-04-23,0.765600
2013-04-24,0.769560
2013-04-25,0.768200
2013-04-26,0.768800
2013-04-29,0.766720
2013-04-30,0.763600
2013-05-01,0.759400
2013-05-02,0.758600
2013-05-03,0.765400
2013-05-06,0.762000
2013-05-07,0.765100
2013-05-08,0.764700
2013-05-09,0.759800
2013-05-10,0.767200
2013-05-13,0.771290
2013-05-14,0.769940
2013-05-15,0.772970
2013-05-16,0.776250
2013-05-17,0.776200
2013-05-20,0.779080
2013-05-21,0.775730
2013-05-22,0.774050
2013-05-23,0.778690
2013-05-24,0.773690
2013-05-27,0.772930
2013-05-28,0.773160
2013-05-29,0.778430
2013-05-30,0.772330
2013-05-31,0.766640
2013-06-03,0.769440
2013-06-04,0.764940
2013-06-05,0.764910
2013-06-06,0.763750
2013-06-07,0.754970
2013-06-10,0.756200
2013-06-11,0.756200
2013-06-12,0.756200
2013-06-13,0.749650
2013-06-14,0.748060
2013-06-17,0.749140
2013-06-18,0.748330
2013-06-19,0.746830
2013-06-20,0.752340
2013-06-21,0.755540
2013-06-24,0.763050
2013-06-25,0.761480
2013-06-26,0.764540
2013-06-27,0.768440
2013-06-28,0.767110
2013-07-01,0.768400
2013-07-02,0.765250
2013-07-03,0.770480
2013-07-04,0.768590
2013-07-05,0.774730
2013-07-08,0.779480
2013-07-09,0.776940
2013-07-10,0.782360
2013-07-11,0.758280
2013-07-12,0.763490
2013-07-15,0.765700
2013-07-16,0.765770
2013-07-17,0.760390
2013-07-18,0.762370
2013-07-19,0.762740
2013-07-22,0.759880
2013-07-23,0.758130
2013-07-24,0.756240
2013-07-25,0.758100
2013-07-26,0.753340
2013-07-29,0.752590
2013-07-30,0.753940
2013-07-31,0.753870
2013-08-01,0.751800
2013-08-02,0.756890
2013-08-05,0.753070
2013-08-06,0.754290
2013-08-07,0.751420
2013-08-08,0.749570
2013-08-09,0.747380
2013-08-12,0.749660
2013-08-13,0.752280
2013-08-14,0.753830
2013-08-15,0.753910
2013-08-16,0.748840
2013-08-19,0.750240
2013-08-20,0.749970
2013-08-21,0.745100
2013-08-22,0.749460
2013-08-23,0.748780
2013-08-26,0.747020
2013-08-27,0.747430
2013-08-28,0.746710
2013-08-29,0.749910
2013-08-30,0.755500
2013-09-02,0.757100
2013-09-03,0.758150
2013-09-04,0.759070
2013-09-05,0.757540
2013-09-06,0.762290
2013-09-09,0.759060
2013-09-10,0.754260
2013-09-11,0.753790
2013-09-12,0.751000
2013-09-13,0.751940
2013-09-16,0.748540
2013-09-17,0.749740
2013-09-18,0.748620
2013-09-19,0.739480
2013-09-20,0.738870
2013-09-23,0.738850
2013-09-24,0.740800
2013-09-25,0.742290
2013-09-26,0.739810
2013-09-27,0.741500
2013-09-30,0.740990
2013-10-01,0.739360
2013-10-02,0.739460
2013-10-03,0.735780
2013-10-04,0.733990
2013-10-07,0.736920
2013-10-08,null
2013-10-09,0.735400
2013-10-10,0.739630
2013-10-11,0.739280
2013-10-14,0.737640
2013-10-15,0.737540
2013-10-16,0.739550
2013-10-17,0.739510
2013-10-18,0.731690
2013-10-21,0.730890
2013-10-22,0.731210
2013-10-23,0.725770
2013-10-24,0.725640
2013-10-25,0.724430
2013-10-28,0.724360
2013-10-29,0.725200
2013-10-30,0.727640
2013-10-31,0.728650
2013-11-01,0.736390
2013-11-04,0.741070
2013-11-05,0.739810
2013-11-06,0.742220
2013-11-07,0.739750
2013-11-08,0.745760
2013-11-11,0.749180
2013-11-12,0.745750
2013-11-13,0.744050
2013-11-14,0.741310
2013-11-15,0.743550
2013-11-18,0.741620
2013-11-19,0.740500
2013-11-20,0.737060
2013-11-21,0.744390
2013-11-22,0.742290
2013-11-25,0.737880
2013-11-26,0.739230
2013-11-27,0.737040
2013-11-28,0.736720
2013-11-29,0.735080
2013-12-02,0.736100
2013-12-03,0.738440
2013-12-04,0.735800
2013-12-05,0.736030
2013-12-06,0.731530
2013-12-09,0.729580
2013-12-10,0.727790
2013-12-11,0.726510
2013-12-12,0.725370
2013-12-13,0.727230
2013-12-16,0.727840
2013-12-17,0.726590
2013-12-18,0.726150
2013-12-19,0.730730
2013-12-20,0.732290
2013-12-23,0.731080
2013-12-24,0.729930
2013-12-25,0.730890
2013-12-26,0.731610
2013-12-27,0.730130
2013-12-30,0.727260
2013-12-31,0.724110
2014-01-01,0.727540
2014-01-02,0.726390
2014-01-03,0.731710
2014-01-06,0.735510
2014-01-07,0.733570
2014-01-08,0.734410
2014-01-09,0.736810
2014-01-10,0.734910
2014-01-13,0.731430
2014-01-14,0.731530
2014-01-15,0.731610
2014-01-16,0.735330
2014-01-17,0.734320
2014-01-20,0.739230
2014-01-21,0.738060
2014-01-22,0.737510
2014-01-23,0.738430
2014-01-24,0.730510
2014-01-27,0.730570
2014-01-28,0.731280
2014-01-29,0.732330
2014-01-30,0.732140
2014-01-31,0.737530
2014-02-03,0.741390
2014-02-04,0.739370
2014-02-05,0.739870
2014-02-06,0.738820
2014-02-07,0.735720
2014-02-10,0.734250
2014-02-11,0.732810
2014-02-12,0.733190
2014-02-13,0.735830
2014-02-14,0.731060
2014-02-17,0.729930
2014-02-18,0.729690
2014-02-19,0.726640
2014-02-20,0.728310
2014-02-21,0.728800
2014-02-24,0.727910
2014-02-25,0.728010
2014-02-26,0.727480
2014-02-27,0.730890
2014-02-28,0.729530
2014-03-03,0.725850
2014-03-04,0.727960
2014-03-05,0.727740
2014-03-06,0.728110
2014-03-07,0.721340
2014-03-10,0.720530
2014-03-11,0.720520
2014-03-12,0.721600
2014-03-13,0.719190
2014-03-14,0.721220
2014-03-17,0.718750
2014-03-18,0.718050
2014-03-19,0.717830
2014-03-20,0.723630
2014-03-21,0.725580
2014-03-24,0.724870
2014-03-25,0.722600
2014-03-26,0.723640
2014-03-27,0.725580
2014-03-28,0.727730
2014-03-31,0.727160
2014-04-01,0.725950
2014-04-02,0.724910
2014-04-03,0.726310
2014-04-04,0.728660
2014-04-07,0.729710
2014-04-08,0.727640
2014-04-09,0.724990
2014-04-10,0.721760
2014-04-11,0.720130
2014-04-14,0.722220
2014-04-15,0.723740
2014-04-16,0.724010
2014-04-17,0.723220
2014-04-18,0.724000
2014-04-21,0.723840
2014-04-22,0.724900
2014-04-23,0.724110
2014-04-24,0.723630
2014-04-25,0.722960
2014-04-28,0.722510
2014-04-29,0.721870
2014-04-30,0.723920
2014-05-01,0.721020
2014-05-02,0.720930
2014-05-05,0.720840
2014-05-06,0.720670
2014-05-07,0.717840
2014-05-08,0.718820
2014-05-09,0.722320
2014-05-12,0.726710
2014-05-13,0.726920
2014-05-14,0.729420
2014-05-15,0.728860
2014-05-16,0.729050
2014-05-19,0.729750
2014-05-20,0.729190
2014-05-21,0.729710
2014-05-22,0.730900
2014-05-23,0.732360
2014-05-26,0.733740
2014-05-27,0.732530
2014-05-28,0.733300
2014-05-29,0.735650
2014-05-30,0.735050
2014-06-02,0.733780
2014-06-03,0.735350
2014-06-04,0.734160
2014-06-05,0.735070
2014-06-06,0.731960
2014-06-09,0.732980
2014-06-10,0.735690
2014-06-11,0.738500
2014-06-12,0.738710
2014-06-13,0.737760
2014-06-16,0.738660
2014-06-17,0.736530
2014-06-18,0.738120
2014-06-19,0.735800
2014-06-20,0.734680
2014-06-23,0.735670
2014-06-24,0.735190
2014-06-25,0.734980
2014-06-26,0.733730
2014-06-27,0.734590
2014-06-30,0.732900
2014-07-01,0.730270
2014-07-02,0.730950
2014-07-03,0.732440
2014-07-04,0.734750
2014-07-07,0.735920
2014-07-08,0.734960
2014-07-09,0.734370
2014-07-10,0.732980
2014-07-11,0.735020
2014-07-14,0.735090
2014-07-15,0.734120
2014-07-16,0.736810
2014-07-17,0.739100
2014-07-18,0.739710
2014-07-21,0.738980
2014-07-22,0.739260
2014-07-23,0.742500
2014-07-24,0.742780
2014-07-25,0.742680
2014-07-28,0.744660
2014-07-29,0.744100
2014-07-30,0.745650
2014-07-31,0.746490
2014-08-01,0.746830
2014-08-04,0.744660
2014-08-05,0.745040
2014-08-06,0.747810
2014-08-07,0.747220
2014-08-08,0.748600
2014-08-11,0.745980
2014-08-12,0.747110
2014-08-13,0.748160
2014-08-14,0.748060
2014-08-15,0.748280
2014-08-18,0.746800
2014-08-19,0.748440
2014-08-20,0.750640
2014-08-21,0.754120
2014-08-22,0.753050
2014-08-25,0.757650
2014-08-26,0.758210
2014-08-27,0.759290
2014-08-28,0.758100
2014-08-29,0.758440
2014-09-01,0.761740
2014-09-02,0.761500
2014-09-03,0.761500
2014-09-04,0.760400
2014-09-05,0.773230
2014-09-08,0.772000
2014-09-09,0.775730
2014-09-10,0.772680
2014-09-11,0.774170
2014-09-12,0.773780
2014-09-15,0.771600
2014-09-16,0.772810
2014-09-17,0.771660
2014-09-18,0.778210
2014-09-19,0.773990
2014-09-22,0.778730
2014-09-23,0.778120
2014-09-24,0.777970
2014-09-25,0.782590
2014-09-26,0.783880
2014-09-29,0.789070
2014-09-30,0.787970
2014-10-01,0.791870
2014-10-02,0.792130
2014-10-03,0.789230
2014-10-06,0.799130
2014-10-07,0.790760
2014-10-08,0.789390
2014-10-09,0.784740
2014-10-10,0.788080
2014-10-13,0.791150
2014-10-14,0.785920
2014-10-15,0.791200
2014-10-16,0.779930
2014-10-17,0.780980
2014-10-20,0.784340
2014-10-21,0.781540
2014-10-22,0.786490
2014-10-23,0.791050
2014-10-24,0.790260
2014-10-27,0.788850
2014-10-28,0.787310
2014-10-29,0.785030
2014-10-30,0.791590
2014-10-31,0.792810
2014-11-03,0.799800
2014-11-04,0.800260
2014-11-05,0.796650
2014-11-06,0.801280
2014-11-07,0.807750
2014-11-10,0.802480
2014-11-11,0.804510
2014-11-12,0.801550
2014-11-13,0.804510
2014-11-14,0.801540
2014-11-17,0.798820
2014-11-18,0.803280
2014-11-19,0.797870
2014-11-20,0.797400
2014-11-21,0.797130
2014-11-24,0.808080
2014-11-25,0.804300
2014-11-26,0.801240
2014-11-27,0.799620
2014-11-28,0.802440
2014-12-01,0.803970
2014-12-02,0.801920
2014-12-03,0.807200
2014-12-04,0.811910
2014-12-05,0.807320
2014-12-08,0.813400
2014-12-09,0.812010
2014-12-10,0.806780
2014-12-11,0.801670
2014-12-12,0.806780
2014-12-15,0.802340
2014-12-16,0.803630
2014-12-17,0.799230
2014-12-18,0.810440
2014-12-19,0.813640
2014-12-22,0.817930
2014-12-23,0.818080
2014-12-24,0.821360
2014-12-25,0.819770
2014-12-26,0.819000
2014-12-29,0.821730
2014-12-30,0.822810
2014-12-31,0.822230
2015-01-01,0.826540
2015-01-02,0.827170
2015-01-05,0.837070
2015-01-06,0.837590
2015-01-07,0.842080
2015-01-08,0.844880
2015-01-09,0.847740
2015-01-12,0.842410
2015-01-13,0.845200
2015-01-14,0.849020
2015-01-15,0.848470
2015-01-16,0.859300
2015-01-19,0.864600
2015-01-20,0.862220
2015-01-21,0.866030
2015-01-22,0.860930
2015-01-23,0.881310
2015-01-26,0.898840
2015-01-27,0.889070
2015-01-28,0.879710
2015-01-29,0.886410
2015-01-30,0.882180
2015-02-02,0.884250
2015-02-03,0.881700
2015-02-04,0.872800
2015-02-05,0.883490
2015-02-06,0.871690
2015-02-09,0.883830
2015-02-10,0.882850
2015-02-11,0.883240
2015-02-12,0.884020
2015-02-13,0.876890
2015-02-16,0.877190
2015-02-17,0.882300
2015-02-18,0.876830
2015-02-19,0.877190
2015-02-20,0.879760
2015-02-23,0.878620
2015-02-24,0.882380
2015-02-25,0.881910
2015-02-26,0.880000
2015-02-27,0.892430
2015-03-02,0.895900
2015-03-03,0.894530
2015-03-04,0.894280
2015-03-05,0.902360
2015-03-06,0.906450
2015-03-09,0.922000
2015-03-10,0.923070
2015-03-11,0.933820
2015-03-12,0.947980
2015-03-13,0.941060
2015-03-16,0.954050
2015-03-17,0.945810
2015-03-18,0.943570
2015-03-19,0.921660
2015-03-20,0.937300
2015-03-23,0.923650
2015-03-24,0.913660
2015-03-25,0.917260
2015-03-26,0.912370
2015-03-27,0.918580
2015-03-30,0.918700
2015-03-31,0.923340
2015-04-01,0.931260
2015-04-02,0.928510
2015-04-03,0.919900
2015-04-06,0.908980
2015-04-07,0.914510
2015-04-08,0.923860
2015-04-09,0.927190
2015-04-10,0.937290
2015-04-13,0.942520
2015-04-14,0.945810
2015-04-15,0.939220
2015-04-16,0.936610
2015-04-17,0.929750
2015-04-20,0.925050
2015-04-21,0.930450
2015-04-22,0.930950
2015-04-23,0.932330
2015-04-24,0.924640
2015-04-27,0.920050
2015-04-28,0.919290
2015-04-29,0.911650
2015-04-30,0.899740
2015-05-01,0.891690
2015-05-04,0.893980
2015-05-05,0.896930
2015-05-06,0.893950
2015-05-07,0.881720
2015-05-08,0.889130
2015-05-11,0.893330
2015-05-12,0.897310
2015-05-13,0.891150
2015-05-14,0.881020
2015-05-15,0.876810
2015-05-18,0.873740
2015-05-19,0.882910
2015-05-20,0.897130
2015-05-21,0.900840
2015-05-22,0.899940
2015-05-25,0.909670
2015-05-26,0.911480
2015-05-27,0.918370
2015-05-28,0.917430
2015-05-29,0.912380
2015-06-01,0.912580
2015-06-02,0.915500
2015-06-03,0.896860
2015-06-04,0.888270
2015-06-05,0.892230
2015-06-08,0.900240
2015-06-09,0.886450
2015-06-10,0.885030
2015-06-11,0.884020
2015-06-12,0.889630
2015-06-15,0.891270
2015-06-16,0.886760
2015-06-17,0.889520
2015-06-18,0.879510
2015-06-19,0.879450
2015-06-22,0.879280
2015-06-23,0.881130
2015-06-24,0.895080
2015-06-25,0.892300
2015-06-26,0.892620
2015-06-29,0.911160
2015-06-30,0.891030
2015-07-01,0.898070
2015-07-02,0.906320
2015-07-03,0.901960
2015-07-06,0.909500
2015-07-07,0.905060
2015-07-08,0.908270
2015-07-09,0.903260
2015-07-10,0.903910
2015-07-13,0.898550
2015-07-14,0.909880
2015-07-15,0.908430
2015-07-16,0.913780
2015-07-17,0.918610
2015-07-20,0.923340
2015-07-21,0.922900
2015-07-22,0.914080
2015-07-23,0.915160
2015-07-24,0.910000
2015-07-27,0.911380
2015-07-28,0.901710
2015-07-29,0.903670
2015-07-30,0.910410
2015-07-31,0.914140
2015-08-03,0.911660
2015-08-04,0.912740
2015-08-05,0.918360
2015-08-06,0.917170
2015-08-07,0.915160
2015-08-10,0.911990
2015-08-11,0.907690
2015-08-12,0.905630
2015-08-13,0.895980
2015-08-14,0.895980
2015-08-17,0.901470
2015-08-18,0.902690
2015-08-19,0.906550
2015-08-20,0.899440
2015-08-21,0.889920
2015-08-24,0.878970
2015-08-25,0.863330
2015-08-26,0.865730
2015-08-27,0.881830
2015-08-28,0.889050
2015-08-31,0.891740
2015-09-01,0.890800
2015-09-02,0.885470
2015-09-03,0.891580
2015-09-04,0.898800
2015-09-07,0.896700
2015-09-08,0.895740
2015-09-09,0.892270
2015-09-10,0.891210
2015-09-11,0.885670
2015-09-14,0.881520
2015-09-15,0.884360
2015-09-16,0.887170
2015-09-17,0.885580
2015-09-18,0.877120
2015-09-21,0.885580
2015-09-22,0.893580
2015-09-23,0.899220
2015-09-24,0.893660
2015-09-25,0.894540
2015-09-28,0.892720
2015-09-29,0.890390
2015-09-30,0.888420
2015-10-01,0.895090
2015-10-02,0.893380
2015-10-05,0.890710
2015-10-06,0.893240
2015-10-07,0.887470
2015-10-08,0.889680
2015-10-09,0.885980
2015-10-12,0.879510
2015-10-13,0.880630
2015-10-14,0.878350
2015-10-15,0.871420
2015-10-16,0.879650
2015-10-19,0.880200
2015-10-20,0.882690
2015-10-21,0.880750
2015-10-22,0.881210
2015-10-23,0.902450
2015-10-26,0.907410
2015-10-27,0.903670
2015-10-28,0.906040
2015-10-29,0.915000
2015-10-30,0.909600
2015-11-02,0.906950
2015-11-03,0.907770
2015-11-04,0.912080
2015-11-05,0.920130
2015-11-06,0.918780
2015-11-09,0.931670
2015-11-10,0.929410
2015-11-11,0.931310
2015-11-12,0.929110
2015-11-13,0.924640
2015-11-16,0.934580
2015-11-17,0.935630
2015-11-18,0.939510
2015-11-19,0.937210
2015-11-20,0.932300
2015-11-23,0.939760
2015-11-24,0.939670
2015-11-25,0.939510
2015-11-26,0.941180
2015-11-27,0.943000
2015-11-30,0.944910
2015-12-01,0.945810
2015-12-02,0.941100
2015-12-03,0.942240
2015-12-04,0.916090
2015-12-07,0.918780
2015-12-08,0.923020
2015-12-09,0.917940
2015-12-10,0.907610
2015-12-11,0.913400
2015-12-14,0.910420
2015-12-15,0.909670
2015-12-16,0.914390
2015-12-17,0.919580
2015-12-18,0.922160
2015-12-21,0.919970
2015-12-22,0.916340
2015-12-23,0.913240
2015-12-24,0.916660
2015-12-25,0.911580
2015-12-28,0.911910
2015-12-29,0.911140
2015-12-30,0.915080
2015-12-31,0.914580
2016-01-01,0.920890
2016-01-04,0.921320
2016-01-05,0.923570
2016-01-06,0.930060
2016-01-07,0.927730
2016-01-08,0.915250
2016-01-11,0.913990
2016-01-12,0.920980
2016-01-13,0.922170
2016-01-14,0.918610
2016-01-15,0.920900
2016-01-18,0.915750
2016-01-19,0.917850
2016-01-20,0.916340
2016-01-21,0.919370
2016-01-22,0.920640
2016-01-25,0.926010
2016-01-26,0.921400
2016-01-27,0.920390
2016-01-28,0.916760
2016-01-29,0.914330
2016-02-01,0.923710
2016-02-02,0.917660
2016-02-03,0.915580
2016-02-04,0.901630
2016-02-05,0.892860
2016-02-08,0.897260
2016-02-09,0.893670
2016-02-10,0.885740
2016-02-11,0.886450
2016-02-12,0.883550
2016-02-15,0.890790
2016-02-16,0.894930
2016-02-17,0.897100
2016-02-18,0.899040
2016-02-19,0.900010
2016-02-22,0.898960
2016-02-23,0.906780
2016-02-24,0.906860
2016-02-25,0.907940
2016-02-26,0.907030
2016-02-29,0.915420
2016-03-01,0.918360
2016-03-02,0.919460
2016-03-03,0.920050
2016-03-04,0.913330
2016-03-07,0.909590
2016-03-08,0.907770
2016-03-09,0.908760
2016-03-10,0.910000
2016-03-11,0.894580
2016-03-14,0.895420
2016-03-15,0.900740
2016-03-16,0.900170
2016-03-17,0.891350
2016-03-18,0.883550
2016-03-21,0.886600
2016-03-22,0.890000
2016-03-23,0.891030
2016-03-24,0.894370
2016-03-25,0.895420
2016-03-28,0.896060
2016-03-29,0.892640
2016-03-30,0.885580
2016-03-31,0.882250
2016-04-01,0.878760
2016-04-04,0.877960
2016-04-05,0.878040
2016-04-06,0.878580
2016-04-07,0.876810
2016-04-08,0.879200
2016-04-11,0.876960
2016-04-12,0.876200
2016-04-13,0.878350
2016-04-14,0.886600
2016-04-15,0.887310
2016-04-18,0.884960
2016-04-19,0.884250
2016-04-20,0.880310
2016-04-21,0.884560
2016-04-22,0.885580
2016-04-25,0.890150
2016-04-26,0.887390
2016-04-27,0.885030
2016-04-28,0.882690
2016-04-29,0.880600
2016-05-02,0.872370
2016-05-03,0.867680
2016-05-04,0.869260
2016-05-05,0.870090
2016-05-06,0.876730
2016-05-09,0.878120
2016-05-10,0.878120
2016-05-11,0.879170
2016-05-12,0.875120
2016-05-13,0.878970
2016-05-16,0.883630
2016-05-17,0.883700
2016-05-18,0.883700
2016-05-19,0.891030
2016-05-20,0.892380
2016-05-23,0.891130
2016-05-24,0.891580
2016-05-25,0.897830
2016-05-26,0.896140
2016-05-27,0.893490
2016-05-30,0.900090
2016-05-31,0.896990
2016-06-01,0.897990
2016-06-02,0.893730
2016-06-03,0.896700
2016-06-06,0.880980
2016-06-07,0.879970
2016-06-08,0.880450
2016-06-09,0.876650
2016-06-10,0.883780
2016-06-13,0.889680
2016-06-14,0.885660
2016-06-15,0.891820
2016-06-16,0.887890
2016-06-17,0.888730
2016-06-20,0.881130
2016-06-21,0.883160
2016-06-22,0.888840
2016-06-23,0.882750
2016-06-24,0.883080
2016-06-27,0.906130
2016-06-28,0.907850
2016-06-29,0.903020
2016-06-30,0.898630
2016-07-01,0.900410
2016-07-04,0.898390
2016-07-05,0.897180
2016-07-06,0.903750
2016-07-07,0.900980
2016-07-08,0.903690
2016-07-11,0.905470
2016-07-12,0.904320
2016-07-13,0.903920
2016-07-14,0.901310
2016-07-15,0.900410
2016-07-18,0.904720
2016-07-19,0.903190
2016-07-20,0.907970
2016-07-21,0.907480
2016-07-22,0.906380
2016-07-25,0.911540
2016-07-26,0.909820
2016-07-27,0.910100
2016-07-28,0.903060
2016-07-29,0.902170
2016-08-01,0.895410
2016-08-02,0.895410
2016-08-03,0.891340
2016-08-04,0.896740
2016-08-05,0.898090
2016-08-08,0.901750
2016-08-09,0.902230
2016-08-10,0.899620
2016-08-11,0.893940
2016-08-12,0.897740
2016-08-15,0.895500
2016-08-16,0.894130
2016-08-17,0.886840
2016-08-18,0.885040
2016-08-19,0.881100
2016-08-22,0.885100
2016-08-23,0.883450
2016-08-24,0.884890
2016-08-25,0.887800
2016-08-26,0.885700
2016-08-29,0.892900
2016-08-30,0.893430
2016-08-31,0.896600
2016-09-01,0.896000
2016-09-02,0.892800
2016-09-05,0.895900
2016-09-06,0.896600
2016-09-07,0.888600
2016-09-08,0.889600
2016-09-09,0.887200
2016-09-12,0.889590
2016-09-13,0.889400
2016-09-14,0.891370
2016-09-15,0.889100
2016-09-16,0.889210
2016-09-19,0.896180
2016-09-20,0.894400
2016-09-21,0.896540
2016-09-22,0.893400
2016-09-23,0.892050
2016-09-26,0.889740
2016-09-27,0.888900
2016-09-28,0.891300
2016-09-29,0.890870
2016-09-30,0.891300
2016-10-03,0.890100
2016-10-04,0.892030
2016-10-05,0.892000
2016-10-06,0.892200
2016-10-07,0.897300
2016-10-10,0.893100
2016-10-11,0.897600
2016-10-12,0.904000
2016-10-13,0.908110
2016-10-14,0.905000
2016-10-17,0.911760
2016-10-18,0.907800
2016-10-19,0.911000
2016-10-20,0.911150
2016-10-21,0.914880
2016-10-24,0.918900
2016-10-25,0.919500
2016-10-26,0.918500
2016-10-27,0.916420
2016-10-28,0.917400
2016-10-31,0.910360
2016-11-01,0.911300
2016-11-02,0.904400
2016-11-03,0.901100
2016-11-04,0.900700
2016-11-07,0.900800
2016-11-08,0.904800
2016-11-09,0.907520
2016-11-10,0.915700
2016-11-11,0.918300
2016-11-14,0.923800
2016-11-15,0.930200
2016-11-16,0.932200
2016-11-17,0.934000
2016-11-18,0.941350
2016-11-21,0.944800
2016-11-22,0.939950
2016-11-23,0.940400
2016-11-24,0.948300
2016-11-25,0.946800
2016-11-28,0.942300
2016-11-29,0.941500
2016-11-30,0.939100
2016-12-01,0.944100
2016-12-02,0.937810
2016-12-05,0.945000
2016-12-06,0.929600
2016-12-07,0.932800
2016-12-08,0.929200
2016-12-09,0.941500
2016-12-12,0.948100
2016-12-13,0.939700
2016-12-14,0.940800
2016-12-15,0.951100
2016-12-16,0.959800
2016-12-19,0.956940
2016-12-20,0.961000
2016-12-21,0.962420
2016-12-22,0.958900
2016-12-23,0.958070
2016-12-26,0.956500
2016-12-27,0.956300
2016-12-28,0.955810
2016-12-29,0.959970
2016-12-30,0.945600
2017-01-02,0.949940
2017-01-03,0.956020
2017-01-04,0.959700
2017-01-05,0.952300
2017-01-06,0.942870
2017-01-09,0.949500
2017-01-10,0.944410
2017-01-11,0.947650
2017-01-12,0.943600
2017-01-13,0.941900
2017-01-16,0.940850
2017-01-17,0.943130
2017-01-18,0.934860
2017-01-19,0.940930
2017-01-20,0.938110
2017-01-23,0.933380
2017-01-24,0.929300
2017-01-25,0.932080
2017-01-26,0.930060
2017-01-27,0.936070
2017-01-30,0.933360
2017-01-31,0.933830
2017-02-01,0.925600
2017-02-02,0.928730
2017-02-03,0.929220
2017-02-06,0.927390
2017-02-07,0.930820
2017-02-08,0.936500
2017-02-09,0.935260
2017-02-10,0.938210
2017-02-13,0.941660
2017-02-14,0.943530
2017-02-15,0.945330
2017-02-16,0.942740
2017-02-17,0.937010
2017-02-20,0.941030
2017-02-21,0.942560
2017-02-22,0.948580
2017-02-23,0.947500
2017-02-24,0.944780
2017-02-27,0.947620
2017-02-28,0.944800
2017-03-01,0.946150
2017-03-02,0.949140
2017-03-03,0.951500
2017-03-06,0.941580
2017-03-07,0.945250
2017-03-08,0.946060
2017-03-09,0.948100
2017-03-10,0.945320
2017-03-13,0.935450
2017-03-14,0.938840
2017-03-15,0.942290
2017-03-16,0.931280
2017-03-17,0.928100
2017-03-20,0.930840
2017-03-21,0.931300
2017-03-22,0.924860
2017-03-23,0.926770
2017-03-24,0.927310
2017-03-27,0.921700
2017-03-28,0.920730
2017-03-29,0.924410
2017-03-30,0.929400
2017-03-31,0.935710
2017-04-03,0.937310
2017-04-04,0.937200
2017-04-05,0.936300
2017-04-06,0.936990
2017-04-07,0.939440
2017-04-10,0.945000
2017-04-11,0.943610
2017-04-12,0.942390
2017-04-13,0.937150
2017-04-14,0.941940
2017-04-17,0.942460
2017-04-18,0.939450
2017-04-19,0.932080
2017-04-20,0.933270
2017-04-21,0.933280
2017-04-24,0.919630
2017-04-25,0.920400
2017-04-26,0.915060
2017-04-27,0.916680
2017-04-28,0.920450
2017-05-01,0.916800
2017-05-02,0.916680
2017-05-03,0.914440
2017-05-04,0.918360
2017-05-05,0.910620
2017-05-08,0.911980
2017-05-09,0.915100
2017-05-10,0.918540
2017-05-11,0.919900
2017-05-12,0.920390
2017-05-15,0.915140
2017-05-16,0.910600
2017-05-17,0.901390
2017-05-18,0.896350
2017-05-19,0.899800
2017-05-22,0.892470
2017-05-23,0.889770
2017-05-24,0.894510
2017-05-25,0.890400
2017-05-26,0.892000
2017-05-29,0.894770
2017-05-30,0.898550
2017-05-31,0.895120
2017-06-01,0.889400
2017-06-02,0.891600
2017-06-05,0.886460
2017-06-06,0.888350
2017-06-07,0.887200
2017-06-08,0.888480
2017-06-09,0.894070
2017-06-12,0.892700
2017-06-13,0.893160
2017-06-14,0.892150
2017-06-15,0.891600
2017-06-16,0.897110
2017-06-19,0.892200
2017-06-20,0.897300
2017-06-21,0.897910
2017-06-22,0.895480
2017-06-23,0.896890
2017-06-26,0.892950
2017-06-27,0.894170
2017-06-28,0.881900
2017-06-29,0.878530
2017-06-30,0.874000
2017-07-03,0.875420
2017-07-04,0.879400
2017-07-05,0.880270
2017-07-06,0.881300
2017-07-07,0.875290
2017-07-10,0.876900
2017-07-11,null
2017-07-12,0.871540
2017-07-13,0.875740
2017-07-14,0.876890
2017-07-17,0.871430
2017-07-18,0.871510
2017-07-19,0.865820
2017-07-20,0.867420
2017-07-21,0.859940
2017-07-24,0.856040
2017-07-25,0.859190
2017-07-26,0.858770
2017-07-27,0.852660
2017-07-28,0.855530
2017-07-31,0.851260
2017-08-01,0.845730
2017-08-02,0.846650
2017-08-03,0.843800
2017-08-04,0.841400
2017-08-07,0.849010
2017-08-08,0.847390
2017-08-09,0.850730
2017-08-10,0.850230
2017-08-11,0.849600
2017-08-14,0.845630
2017-08-15,0.849200
2017-08-16,0.851700
2017-08-17,0.849310
2017-08-18,0.853570
2017-08-21,0.850610
2017-08-22,0.846600
2017-08-23,0.850180
2017-08-24,0.846270
2017-08-25,0.847300
2017-08-28,0.836690
2017-08-29,0.835850
2017-08-30,0.835390
2017-08-31,0.840800
2017-09-01,0.839600
2017-09-04,0.841550
2017-09-05,0.840800
2017-09-06,0.838640
2017-09-07,0.838380
2017-09-08,0.831320
2017-09-11,0.832110
2017-09-12,0.836160
2017-09-13,0.835100
2017-09-14,0.841000
2017-09-15,0.838810
2017-09-18,0.837720
2017-09-19,0.836170
2017-09-20,0.833850
2017-09-21,0.842310
2017-09-22,0.837130
2017-09-25,0.838420
2017-09-26,0.843480
2017-09-27,0.848460
2017-09-28,0.851090
2017-09-29,0.848770
2017-10-02,0.846930
2017-10-03,0.852240
2017-10-04,0.851240
2017-10-05,0.850540
2017-10-06,0.853800
2017-10-09,0.851610
2017-10-10,0.851670
2017-10-11,0.846390
2017-10-12,0.842780
2017-10-13,0.845180
2017-10-16,0.846450
2017-10-17,0.847850
2017-10-18,0.849480
2017-10-19,0.847800
2017-10-20,0.844020
2017-10-23,0.850800
2017-10-24,0.850400
2017-10-25,0.850410
2017-10-26,0.845970
2017-10-27,0.859310
2017-10-30,0.861730
2017-10-31,0.858170
2017-11-01,0.858240
2017-11-02,0.859940
2017-11-03,0.857500
2017-11-06,0.860960
2017-11-07,0.861130
2017-11-08,0.861990
2017-11-09,0.862300
2017-11-10,0.858600
2017-11-13,0.857550
2017-11-14,0.857270
2017-11-15,0.847970
2017-11-16,null
2017-11-17,0.849080
2017-11-20,0.852380
2017-11-21,0.851700
2017-11-22,0.851990
2017-11-23,0.846400
2017-11-24,0.843600
2017-11-27,0.838470
2017-11-28,0.839990
2017-11-29,0.844020
2017-11-30,0.843740
2017-12-01,0.840460
2017-12-04,0.843180
2017-12-05,0.842620
2017-12-06,0.845100
2017-12-07,0.847150
2017-12-08,0.849460
2017-12-11,0.849620
2017-12-12,0.849070
2017-12-13,0.851600
2017-12-14,0.844890
2017-12-15,0.849260
2017-12-18,0.851530
2017-12-19,0.848590
2017-12-20,0.844500
2017-12-21,0.841880
2017-12-22,0.843360
2017-12-25,0.843450
2017-12-26,0.842280
2017-12-27,0.843320
2017-12-28,0.840280
2017-12-29,0.837400
2018-01-01,0.832990
2018-01-02,0.832530
2018-01-03,0.828950
2018-01-04,0.832610
2018-01-05,0.828580
2018-01-08,0.830740
2018-01-09,0.835390
2018-01-10,0.838270
2018-01-11,0.836390
2018-01-12,0.830420
2018-01-15,0.820190
2018-01-16,0.815100
2018-01-17,0.814910
2018-01-18,0.820750
2018-01-19,0.817220
2018-01-22,0.815960
2018-01-23,0.815910
2018-01-24,0.812330
2018-01-25,0.807030
2018-01-26,0.806950
2018-01-29,0.804630
2018-01-30,0.807680
2018-01-31,0.805830
2018-02-01,0.805240
2018-02-02,0.799360
2018-02-05,0.803410
2018-02-06,0.808550
2018-02-07,0.807670
2018-02-08,0.815120
2018-02-09,0.815610
2018-02-12,0.816140
2018-02-13,0.812760
2018-02-14,0.809470
2018-02-15,0.802100
2018-02-16,0.799770
2018-02-19,0.805680
2018-02-20,0.806540
2018-02-21,0.810680
2018-02-22,0.814210
2018-02-23,0.811250
2018-02-26,0.813860
2018-02-27,0.811980
2018-02-28,0.817640
2018-03-01,0.820260
2018-03-02,0.814940
2018-03-05,0.811990
2018-03-06,0.810600
2018-03-07,0.805370
2018-03-08,0.805500
2018-03-09,0.812570
2018-03-12,0.812430
2018-03-13,0.810400
2018-03-14,0.806950
2018-03-15,0.808040
2018-03-16,0.812400
2018-03-19,0.814280
2018-03-20,0.810580
2018-03-21,0.816200
2018-03-22,0.809870
2018-03-23,0.811360
2018-03-26,0.809430
2018-03-27,0.802730
2018-03-28,0.805940
2018-03-29,0.812330
2018-03-30,0.812820
2018-04-02,0.812070
2018-04-03,0.813490
2018-04-04,0.814430
2018-04-05,0.813880
2018-04-06,0.816220
2018-04-09,0.814900
2018-04-10,0.811530
2018-04-11,0.808860
2018-04-12,0.808300
2018-04-13,0.811050
2018-04-16,0.810860
2018-04-17,0.807420
2018-04-18,0.808200
2018-04-19,0.807810
2018-04-20,0.810010
2018-04-23,0.814770
2018-04-24,0.819070
2018-04-25,0.816900
2018-04-26,0.821580
2018-04-27,0.825790
2018-04-30,0.824890
2018-05-01,0.827730
2018-05-02,0.833920
2018-05-03,0.836750
2018-05-04,0.834080
2018-05-07,0.836470
2018-05-08,0.837960
2018-05-09,0.842610
2018-05-10,0.844080
2018-05-11,0.839100
2018-05-14,0.836670
2018-05-15,0.838140
2018-05-16,0.845960
2018-05-17,0.846240
2018-05-18,0.847800
2018-05-21,0.849860
2018-05-22,0.848000
2018-05-23,0.848280
2018-05-24,0.853960
2018-05-25,0.853050
2018-05-28,0.855510
2018-05-29,0.860070
2018-05-30,0.866600
2018-05-31,0.857100
2018-06-01,0.855200
2018-06-04,0.857000
2018-06-05,0.854660
2018-06-06,0.852790
2018-06-07,0.848500
2018-06-08,0.847800
2018-06-11,0.848610
2018-06-12,0.849320
2018-06-13,0.851190
2018-06-14,0.846900
2018-06-15,0.864560
2018-06-18,0.862370
2018-06-19,0.859790
2018-06-20,0.862920
2018-06-21,0.863630
2018-06-22,0.861640
2018-06-25,0.857530
2018-06-26,0.854500
2018-06-27,0.858350
2018-06-28,0.864780
2018-06-29,0.864830
2018-07-02,0.856270
2018-07-03,0.858950
2018-07-04,0.857690
2018-07-05,0.857460
2018-07-06,0.855000
2018-07-09,0.850900
2018-07-10,0.850560
2018-07-11,0.852730
2018-07-12,0.856400
2018-07-13,0.857200
2018-07-16,0.856230
2018-07-17,0.854010
2018-07-18,0.858130
2018-07-19,0.858690
2018-07-20,0.857990
2018-07-23,0.851650
2018-07-24,0.855130
2018-07-25,0.855760
2018-07-26,0.851970
2018-07-27,0.858890
2018-07-30,0.857600
2018-07-31,0.854160
2018-08-01,0.855460
2018-08-02,0.857200
2018-08-03,0.863110
2018-08-06,0.864880
2018-08-07,0.865200
2018-08-08,0.861850
2018-08-09,0.861270
2018-08-10,0.867760
2018-08-13,0.877600
2018-08-14,0.877000
2018-08-15,0.881390
2018-08-16,0.881500
2018-08-17,0.879400
2018-08-20,0.874300
2018-08-21,0.870220
2018-08-22,0.863800
2018-08-23,0.863200
2018-08-24,0.866300
2018-08-27,0.858450
2018-08-28,0.855900
2018-08-29,0.855340
2018-08-30,0.853990
2018-08-31,0.857290
2018-09-03,0.861990
2018-09-04,0.860920
2018-09-05,0.863070
2018-09-06,0.859460
2018-09-07,0.860580
2018-09-10,0.864970
2018-09-11,0.862370
2018-09-12,0.862360
2018-09-13,0.859900
2018-09-14,0.855300
2018-09-17,0.859920
2018-09-18,0.856960
2018-09-19,0.856170
2018-09-20,0.856560
2018-09-21,0.849190
2018-09-24,0.850990
2018-09-25,0.850850
2018-09-26,0.850110
2018-09-27,0.851170
2018-09-28,0.859300
2018-10-01,0.861670
2018-10-02,0.863740
2018-10-03,0.865670
2018-10-04,0.871360
2018-10-05,0.868200
2018-10-08,0.867860
2018-10-09,0.870010
2018-10-10,0.869040
2018-10-11,0.867050
2018-10-12,0.862780
2018-10-15,0.865700
2018-10-16,0.863300
2018-10-17,0.863910
2018-10-18,0.869500
2018-10-19,0.872600
2018-10-22,0.868850
2018-10-23,0.872000
2018-10-24,0.871600
2018-10-25,0.877250
2018-10-26,0.878900
2018-10-29,0.877290
2018-10-30,0.879030
2018-10-31,0.881340
2018-11-01,0.883650
2018-11-02,0.876940
2018-11-05,0.877380
2018-11-06,0.876200
2018-11-07,0.874240
2018-11-08,0.874580
2018-11-09,0.879630
2018-11-12,0.883000
2018-11-13,0.890200
2018-11-14,0.884080
2018-11-15,0.884030
2018-11-16,0.883010
2018-11-19,0.876120
2018-11-20,0.872980
2018-11-21,0.879320
2018-11-22,0.878090
2018-11-23,0.876950
2018-11-26,0.882040
2018-11-27,0.882350
2018-11-28,0.885050
2018-11-29,0.879620
2018-11-30,0.877750
2018-12-03,0.881660
2018-12-04,0.880680
2018-12-05,0.881610
2018-12-06,0.881130
2018-12-07,0.879140
2018-12-10,0.877120
2018-12-11,0.880550
2018-12-12,0.883150
2018-12-13,0.879240
2018-12-14,0.880000
2018-12-17,0.884490
2018-12-18,0.881070
2018-12-19,0.879090
2018-12-20,0.878000
2018-12-21,0.872840
2018-12-24,0.879290
2018-12-25,0.876890
2018-12-26,0.876000
2018-12-27,0.880180
2018-12-28,0.874810
2018-12-31,0.874130
2019-01-01,0.870090
2019-01-02,0.872470
2019-01-03,0.883540
2019-01-04,0.877880
2019-01-07,0.876390
2019-01-08,0.871100
2019-01-09,0.872900
2019-01-10,0.865430
2019-01-11,0.868800
2019-01-14,0.872590
2019-01-15,0.871620
2019-01-16,0.875900
2019-01-17,0.877340
2019-01-18,0.877760
2019-01-21,0.879850
2019-01-22,0.879560
2019-01-23,0.879970
2019-01-24,0.878100
2019-01-25,0.883900
2019-01-28,0.876190
2019-01-29,0.874890
2019-01-30,0.874480
2019-01-31,0.870500
2019-02-01,0.873400
2019-02-04,0.872960
2019-02-05,0.874410
2019-02-06,0.876430
2019-02-07,0.879820
2019-02-08,0.881930
2019-02-11,0.883060
2019-02-12,0.886600
2019-02-13,0.882250
2019-02-14,0.887710
2019-02-15,0.885320
2019-02-18,0.885110
2019-02-19,0.884020
2019-02-20,0.881600
2019-02-21,0.881340
2019-02-22,0.881600
2019-02-25,0.881660
2019-02-26,0.879700
2019-02-27,0.877720
2019-02-28,0.878720
2019-03-01,0.879240
2019-03-04,0.879050
2019-03-05,0.882040
2019-03-06,0.884400
2019-03-07,0.883860
2019-03-08,0.892990
2019-03-11,0.890280
2019-03-12,0.888160
2019-03-13,0.885940
2019-03-14,0.882530
2019-03-15,0.884300
2019-03-18,0.883410
2019-03-19,0.882130
2019-03-20,0.880680
2019-03-21,0.875050
2019-03-22,0.879120
2019-03-25,0.885280
2019-03-26,0.883720
2019-03-27,0.886930
2019-03-28,0.888750
2019-03-29,0.890470
2019-04-01,0.890960
2019-04-02,0.892400
2019-04-03,0.892550
2019-04-04,0.889130
2019-04-05,0.890800
2019-04-08,0.891300
2019-04-09,0.888380
2019-04-10,0.887550
2019-04-11,0.886800
2019-04-12,0.888040
2019-04-15,0.884560
2019-04-16,0.884570
2019-04-17,0.886130
2019-04-18,0.885180
2019-04-19,0.890000
2019-04-22,0.889320
2019-04-23,0.888180
2019-04-24,0.890920
2019-04-25,0.896580
2019-04-26,0.897920
2019-04-29,0.896840
2019-04-30,0.894040
2019-05-01,0.891580
2019-05-02,0.892790
2019-05-03,0.894970
2019-05-06,0.893990
2019-05-07,0.892710
2019-05-08,0.893570
2019-05-09,0.892990
2019-05-10,0.891100
2019-05-13,0.889960
2019-05-14,0.890270
2019-05-15,0.892500
2019-05-16,0.892280
2019-05-17,0.894970
2019-05-20,0.895630
2019-05-21,0.895370
2019-05-22,null
2019-05-23,0.896420
2019-05-24,0.894090
2019-05-27,0.892090
2019-05-28,0.893350
2019-05-29,0.895200
2019-05-30,0.897880
2019-05-31,0.898380
2019-06-03,0.894930
2019-06-04,0.889180
2019-06-05,0.888570
2019-06-06,0.890550
2019-06-07,0.886800
2019-06-10,0.883380
2019-06-11,0.883540
2019-06-12,0.882650
2019-06-13,0.885300
2019-06-14,0.886490
2019-06-17,0.891500
2019-06-18,0.890900
2019-06-19,0.893000
2019-06-20,0.889800
2019-06-21,0.885300
2019-06-24,0.878370
2019-06-25,0.877170
2019-06-26,0.879510
2019-06-27,0.879140
2019-06-28,0.879280
2019-07-01,0.879900
2019-07-02,0.885940
2019-07-03,0.885500
2019-07-04,0.885900
2019-07-05,0.886070
2019-07-08,0.890680
2019-07-09,0.891580
2019-07-10,0.892200
2019-07-11,0.888190
2019-07-12,0.888700
2019-07-15,0.887150
2019-07-16,0.887960
2019-07-17,0.891880
2019-07-18,0.890500
2019-07-19,0.887980
2019-07-22,0.891400
2019-07-23,0.892370
2019-07-24,0.896760
2019-07-25,0.897470
2019-07-26,0.897170
2019-07-29,0.898300
2019-07-30,0.897420
2019-07-31,0.896220
2019-08-01,0.903200
2019-08-02,0.902620
2019-08-05,0.900250
2019-08-06,0.889380
2019-08-07,0.892300
2019-08-08,0.892510
2019-08-09,0.893880
2019-08-12,0.892180
2019-08-13,0.891400
2019-08-14,0.894690
2019-08-15,0.897400
2019-08-16,0.899800
2019-08-19,0.901400
2019-08-20,0.902270
2019-08-21,0.901080
2019-08-22,0.901650
2019-08-23,0.902200
2019-08-26,0.897420
2019-08-27,0.900600
2019-08-28,0.901710
2019-08-29,0.902050
2019-08-30,0.904000
2019-09-02,0.909770
2019-09-03,0.911700
2019-09-04,0.911200
2019-09-05,0.906210
2019-09-06,0.906100
2019-09-09,0.907390
2019-09-10,0.905110
2019-09-11,0.904950
2019-09-12,0.907980
2019-09-13,0.904300
2019-09-16,0.902250
2019-09-17,0.908600
2019-09-18,0.902960
2019-09-19,0.906500
2019-09-20,0.905100
2019-09-23,0.907520
2019-09-24,0.909610
2019-09-25,0.907700
2019-09-26,0.913000
2019-09-27,0.915520
2019-09-30,0.913850
2019-10-01,0.917460
2019-10-02,0.914500
2019-10-03,0.912100
2019-10-04,0.911130
2019-10-07,0.910200
2019-10-08,0.911400
2019-10-09,0.912400
2019-10-10,0.910100
2019-10-11,0.908180
2019-10-14,0.906618
2019-10-15,0.906700
2019-10-16,0.906230
2019-10-17,0.902940
2019-10-18,0.898700
2019-10-21,0.896400
2019-10-22,0.896720
2019-10-23,0.898530
2019-10-24,0.898280
2019-10-25,0.900580
2019-10-28,0.902180
2019-10-29,0.900970
2019-10-30,0.899700
2019-10-31,0.896500
2019-11-01,0.896290
2019-11-04,0.895530
2019-11-05,0.898590
2019-11-06,0.903000
2019-11-07,0.903310
2019-11-08,0.907466
2019-11-11,0.907240
2019-11-12,0.906170
2019-11-13,0.908070
2019-11-14,0.908000
2019-11-15,0.907400
2019-11-18,0.904560
2019-11-19,0.903150
2019-11-20,0.902527
2019-11-21,0.902620
2019-11-22,0.903680
2019-11-25,0.907230
2019-11-26,0.907900
2019-11-27,0.907230
2019-11-28,0.908690
2019-11-29,0.908120
2019-12-02,0.907520
2019-12-03,0.902600
2019-12-04,0.902100
2019-12-05,0.902280
2019-12-06,0.900460
2019-12-09,0.904250
2019-12-10,0.903751
2019-12-11,0.901490
2019-12-12,0.898000
2019-12-13,0.893970
2019-12-16,0.898920
2019-12-17,0.897910
2019-12-18,0.896750
2019-12-19,0.899610
2019-12-20,0.898800
2019-12-23,0.902540
2019-12-24,0.901400
2019-12-25,0.901700
2019-12-26,0.901270
2019-12-27,0.900810
2019-12-30,0.894270
2019-12-31,0.892674
2020-01-01,0.891200
2020-01-02,0.891200
2020-01-03,0.895140
2020-01-06,0.895900
2020-01-07,0.893017
2020-01-08,0.896480
2020-01-09,0.899830
2020-01-10,0.900000
2020-01-13,0.899550
2020-01-14,0.898010
2020-01-15,0.898400
2020-01-16,0.896539
2020-01-17,0.897700
2020-01-20,0.901340
2020-01-21,0.901150
2020-01-22,0.902070
2020-01-23,0.901190
2020-01-24,0.904550
2020-01-27,0.907000
2020-01-28,0.907460
2020-01-29,0.907230
2020-01-30,0.907700
2020-01-31,0.906690
2020-02-03,0.901730
2020-02-04,0.903920
2020-02-05,0.905200
2020-02-06,0.908900
2020-02-07,0.910500
2020-02-10,0.913300
2020-02-11,0.916300
2020-02-12,0.915800
2020-02-13,0.919460
2020-02-14,0.922000
2020-02-17,0.922360
2020-02-18,0.922500
2020-02-19,0.926320
2020-02-20,0.925061
2020-02-21,0.926956
2020-02-24,0.922590
2020-02-25,0.921727
2020-02-26,0.918949
2020-02-27,0.918620
2020-02-28,0.909320
2020-03-02,0.904870
2020-03-03,0.897340
2020-03-04,0.894400
2020-03-05,0.897740
2020-03-06,0.890960
2020-03-09,0.878270
2020-03-10,0.877350
2020-03-11,0.883665
2020-03-12,0.887980
2020-03-13,0.894060
2020-03-16,0.896430
2020-03-17,0.895800
2020-03-18,0.907810
2020-03-19,0.912280
2020-03-20,0.938320
2020-03-23,0.935070
2020-03-24,0.928970
2020-03-25,0.925700
2020-03-26,0.918310
2020-03-27,0.905120
2020-03-30,0.897740
2020-03-31,0.906580
2020-04-01,0.906900
2020-04-02,0.912940
2020-04-03,0.921880
2020-04-06,0.925330
2020-04-07,0.925600
2020-04-08,0.917840
2020-04-09,0.920500
2020-04-10,0.915130
2020-04-13,0.914690
2020-04-14,0.915500
2020-04-15,0.910300
2020-04-16,0.917002
2020-04-17,0.920940
2020-04-20,0.920220
2020-04-21,0.920400
2020-04-22,0.921110
2020-04-23,0.925100
2020-04-24,0.927900
2020-04-27,0.923900
2020-04-28,0.923800
2020-04-29,0.922800
2020-04-30,0.919350
2020-05-01,0.913620
2020-05-04,0.912440
2020-05-05,0.917070
2020-05-06,0.922630
2020-05-07,0.926050
2020-05-08,0.922750
2020-05-11,0.922550
2020-05-12,0.925120
2020-05-13,0.921930
2020-05-14,0.923900
2020-05-15,0.925330
2020-05-18,0.924100
2020-05-19,0.916160
2020-05-20,0.915100
2020-05-21,0.910500
2020-05-22,0.913000
2020-05-25,0.916775
2020-05-26,0.917179
2020-05-27,0.910600
2020-05-28,0.907700
2020-05-29,0.902600
2020-06-01,0.899400
2020-06-02,0.898800
2020-06-03,0.893700
2020-06-04,0.890000
2020-06-05,0.882000
2020-06-08,0.883430
2020-06-09,0.884520
2020-06-10,0.882440
2020-06-11,0.879860
2020-06-12,0.885890
2020-06-15,0.888730
2020-06-16,0.882010
2020-06-17,0.887650
2020-06-18,0.889450
2020-06-19,0.891981
2020-06-22,0.894650
2020-06-23,0.886550
2020-06-24,0.883990
2020-06-25,0.888820
2020-06-26,0.891100
2020-06-29,0.890800
2020-06-30,0.889110
2020-07-01,0.890000
2020-07-02,0.888780
2020-07-03,0.889850
2020-07-06,0.889110
2020-07-07,0.883950
2020-07-08,0.886900
2020-07-09,0.881900
2020-07-10,0.885900
2020-07-13,0.884170
2020-07-14,0.881407
2020-07-15,0.876370
2020-07-16,0.875872
2020-07-17,0.877800
2020-07-20,0.873900
2020-07-21,0.872700
2020-07-22,0.867000
2020-07-23,0.864400
2020-07-24,0.862360
2020-07-27,0.858180
2020-07-28,0.849670
2020-07-29,0.853330
2020-07-30,0.848690
2020-07-31,0.842300
2020-08-03,0.848730
2020-08-04,0.850100
2020-08-05,0.846350
2020-08-06,0.842260
2020-08-07,0.842000
2020-08-10,0.848700
2020-08-11,0.851950
2020-08-12,0.852040
2020-08-13,0.847903
2020-08-14,0.846270
2020-08-17,0.843700
2020-08-18,0.842000
2020-08-19,0.836970
2020-08-20,0.844345
2020-08-21,0.842200
2020-08-24,0.847600
2020-08-25,0.847850
2020-08-26,0.844950
2020-08-27,0.844400
2020-08-28,0.846050
2020-08-31,0.839050
2020-09-01,0.837590
2020-09-02,0.838700
2020-09-03,0.844070
2020-09-04,0.844610
2020-09-07,0.844990
2020-09-08,0.845900
2020-09-09,0.849600
2020-09-10,0.847000
2020-09-11,0.845710
2020-09-14,0.844400
2020-09-15,0.842460
2020-09-16,0.844280
2020-09-17,0.847210
2020-09-18,0.844010
2020-09-21,0.844200
2020-09-22,0.849762
2020-09-23,0.854090
2020-09-24,0.857740
2020-09-25,0.856660
2020-09-28,0.859450
2020-09-29,0.856250
2020-09-30,0.851640
2020-10-01,0.852800
2020-10-02,0.851430
2020-10-05,0.853210
2020-10-06,0.848000
2020-10-07,0.851960
2020-10-08,0.849800
2020-10-09,0.849834
2020-10-12,0.846250
2020-10-13,0.846300
2020-10-14,0.851630
2020-10-15,0.851500
2020-10-16,0.854180
2020-10-19,0.853570
2020-10-20,0.849700
2020-10-21,0.845320
2020-10-22,0.843600
2020-10-23,0.846380
2020-10-26,0.843990
2020-10-27,0.846780
2020-10-28,0.848600
2020-10-29,0.851160
2020-10-30,0.856260
2020-11-02,0.858950
2020-11-03,0.858900
2020-11-04,0.850180
2020-11-05,0.852320
2020-11-06,0.846200
2020-11-09,0.840830
2020-11-10,0.845500
2020-11-11,0.846110
2020-11-12,0.848875
2020-11-13,0.847214
2020-11-16,0.844220
2020-11-17,0.843210
2020-11-18,0.842910
2020-11-19,0.844050
2020-11-20,0.842710
2020-11-23,0.842710
2020-11-24,0.844400
2020-11-25,0.840300
2020-11-26,0.838926
2020-11-27,0.839208
2020-11-30,0.835320
2020-12-01,0.837650
2020-12-02,0.828200
2020-12-03,0.825450
2020-12-04,0.823340
2020-12-07,0.824990
2020-12-08,0.825550
2020-12-09,0.825700
2020-12-10,0.827900
2020-12-11,0.823432
2020-12-14,0.824171
2020-12-15,0.823120
2020-12-16,0.822754
2020-12-17,0.819700
2020-12-18,0.815480
2020-12-21,0.818590
2020-12-22,0.817200
2020-12-23,0.820570
2020-12-24,0.820250
2020-12-25,0.820700
2020-12-28,0.819330
2020-12-29,0.818100
2020-12-30,0.816130
2020-12-31,0.813015
2021-01-01,0.821000
2021-01-04,0.816280
2021-01-05,0.816220
2021-01-06,0.812990
2021-01-07,0.810300
2021-01-08,0.814900
2021-01-11,0.820600
2021-01-12,0.822321
2021-01-13,0.819075
2021-01-14,0.822200
2021-01-15,0.822960
2021-01-18,0.828630
2021-01-19,0.828000
2021-01-20,0.823800
2021-01-21,0.825380
2021-01-22,0.821943
2021-01-25,0.821730
2021-01-26,0.823300
2021-01-27,0.822166
2021-01-28,0.826100
2021-01-29,0.825080
2021-02-01,0.824820
2021-02-02,0.828590
2021-02-03,0.830630
2021-02-04,0.830400
2021-02-05,0.835650
2021-02-08,0.829960
2021-02-09,0.829628
2021-02-10,0.825083
2021-02-11,0.825000
2021-02-12,0.824300
2021-02-15,0.824940
2021-02-16,0.824253
2021-02-17,0.826960
2021-02-18,0.830013
2021-02-19,0.827000
2021-02-22,0.824650
2021-02-23,0.821909
2021-02-24,0.822900
2021-02-25,0.821600
2021-02-26,0.822340
2021-03-01,0.827160
2021-03-02,0.829800
2021-03-03,0.827440
2021-03-04,0.829830
2021-03-05,0.835580
2021-03-08,0.838530
2021-03-09,0.843760
2021-03-10,0.840484
2021-03-11,0.838500
2021-03-12,0.834300
2021-03-15,0.836820
2021-03-16,0.838520
2021-03-17,0.840220
2021-03-18,0.834530
2021-03-19,0.839050
2021-03-22,0.841530
2021-03-23,0.838010
2021-03-24,0.844580
2021-03-25,0.846520
2021-03-26,0.849140
2021-03-29,0.848320
2021-03-30,0.849545
2021-03-31,0.852980
2021-04-01,0.852600
2021-04-02,0.848900
2021-04-05,0.849750
2021-04-06,0.846100
2021-04-07,0.842160
2021-04-08,0.842200
2021-04-09,0.839230
2021-04-12,0.840300
2021-04-13,0.839300
2021-04-14,0.836530
2021-04-15,0.834300
2021-04-16,0.835300
2021-04-19,0.835460
2021-04-20,0.830200
2021-04-21,0.831090
2021-04-22,0.830720
2021-04-23,0.832310
2021-04-26,0.827140
2021-04-27,0.827700
2021-04-28,0.827109
2021-04-29,0.824000
2021-04-30,0.824600
2021-05-03,0.831410
2021-05-04,0.829100
2021-05-05,0.832290
2021-05-06,0.832780
2021-05-07,0.828600
2021-05-10,0.821620
2021-05-11,0.823660
2021-05-12,0.823418
2021-05-13,0.827917
2021-05-14,0.828000
2021-05-17,0.823020
2021-05-18,0.822580
2021-05-19,0.818063
2021-05-20,0.821500
2021-05-21,0.817970
2021-05-24,0.820800
2021-05-25,0.818690
2021-05-26,0.816387
2021-05-27,0.820170
2021-05-28,0.820130
2021-05-31,0.820340
2021-06-01,0.817470
2021-06-02,0.818480
2021-06-03,0.819010
2021-06-04,0.824198
2021-06-07,0.821800
2021-06-08,0.820100
2021-06-09,0.821500
2021-06-10,0.820883
2021-06-11,0.821520
2021-06-14,0.825750
2021-06-15,0.824930
2021-06-16,0.824600
2021-06-17,0.833640
2021-06-18,0.839390
2021-06-21,0.842200
2021-06-22,0.839450
2021-06-23,0.837750
2021-06-24,0.838000
2021-06-25,0.838200
2021-06-28,0.837370
2021-06-29,0.838300
2021-06-30,0.840200
2021-07-01,0.843400
2021-07-02,0.844150
2021-07-05,0.843440
2021-07-06,0.842900
2021-07-07,0.845700
2021-07-08,0.847932
2021-07-09,0.844024
2021-07-12,0.842250
2021-07-13,0.842800
2021-07-14,0.849230
2021-07-15,0.845070
2021-07-16,0.846610
2021-07-19,0.846453
2021-07-20,0.847900
2021-07-21,0.848600
2021-07-22,0.847980
2021-07-23,0.849420
2021-07-26,0.849370
2021-07-27,0.846900
2021-07-28,0.845800
2021-07-29,0.844170
2021-07-30,0.840831
2021-08-02,0.842670
2021-08-03,0.842130
2021-08-04,0.842500
2021-08-05,0.844780
2021-08-06,0.844900
2021-08-09,0.851100
2021-08-10,0.851900
2021-08-11,0.853000
2021-08-12,0.851651
2021-08-13,0.852060
2021-08-16,0.847840
2021-08-17,0.848900
2021-08-18,0.853990
2021-08-19,0.854460
2021-08-20,0.856414
2021-08-23,0.854880
2021-08-24,0.851460
2021-08-25,0.850840
2021-08-26,0.849300
2021-08-27,0.850600
2021-08-30,0.847529
2021-08-31,0.847680
2021-09-01,0.846720
2021-09-02,0.844530
2021-09-03,0.842000
2021-09-06,0.841330
2021-09-07,0.842100
2021-09-08,0.844340
2021-09-09,0.846088
2021-09-10,0.845600
2021-09-13,0.846600
2021-09-14,0.846600
2021-09-15,0.847100
2021-09-16,0.846024
2021-09-17,0.849800
2021-09-20,0.852520
2021-09-21,0.852500
2021-09-22,0.853030
2021-09-23,0.855600
2021-09-24,0.851770
2021-09-27,0.853020
2021-09-28,0.854935
2021-09-29,0.855700
2021-09-30,0.861950
2021-10-01,0.863970
2021-10-04,0.861530
2021-10-05,0.860700
2021-10-06,0.862360
2021-10-07,0.865400
2021-10-08,0.865070
2021-10-11,0.864600
2021-10-12,0.865520
2021-10-13,0.867000
2021-10-14,0.862100
2021-10-15,0.862700
2021-10-18,0.862290
2021-10-19,0.861040
2021-10-20,0.859700
2021-10-21,0.858000
2021-10-22,0.860190
2021-10-25,0.859100
2021-10-26,0.861200
2021-10-27,0.862200
2021-10-28,0.862060
2021-10-29,0.855900
2021-11-01,0.865300
2021-11-02,0.862100
2021-11-03,0.863600
2021-11-04,0.860900
2021-11-05,0.865400
2021-11-08,0.864390
2021-11-09,0.862700
2021-11-10,0.862400
2021-11-11,0.870630
2021-11-12,0.873300
2021-11-15,0.874000
2021-11-16,0.879780
2021-11-17,0.883300
2021-11-18,0.883300
2021-11-19,0.879630
2021-11-22,0.886860
2021-11-23,0.889510
2021-11-24,0.889290
2021-11-25,0.892620
2021-11-26,0.892090
2021-11-29,0.885490
2021-11-30,0.885470
2021-12-01,0.882590
2021-12-02,0.883430
2021-12-03,0.884470
2021-12-06,0.884580
2021-12-07,0.886000
2021-12-08,0.886800
2021-12-09,0.881400
2021-12-10,0.885480
2021-12-13,0.884030
2021-12-14,0.886100
2021-12-15,0.888000
2021-12-16,0.885680
2021-12-17,0.882290
2021-12-20,0.889400
2021-12-21,0.886720
2021-12-22,0.885930
2021-12-23,0.882700
2021-12-24,0.882820
2021-12-27,0.883060
2021-12-28,0.882610
2021-12-29,0.883800
2021-12-30,0.880270
2021-12-31,0.883000
2022-01-03,0.879240
2022-01-04,0.884780
2022-01-05,0.886240
2022-01-06,0.883900
2022-01-07,0.885200
2022-01-10,0.880750
2022-01-11,0.882580
2022-01-12,0.879780
2022-01-13,0.874000
2022-01-14,0.872820
2022-01-17,0.876370
2022-01-18,0.876380
2022-01-19,0.882640
2022-01-20,0.881570
2022-01-21,0.883880
2022-01-24,0.881720
2022-01-25,0.883070
2022-01-26,0.884600
2022-01-27,0.889400
2022-01-28,0.897100
2022-01-31,0.896670
2022-02-01,0.890500
2022-02-02,0.887000
2022-02-03,0.884960
2022-02-04,0.874450
2022-02-07,0.872970
2022-02-08,0.873900
2022-02-09,0.875560
2022-02-10,0.875540
2022-02-11,0.876000
2022-02-14,0.879890
2022-02-15,0.884460
2022-02-16,0.880530
2022-02-17,0.879100
2022-02-18,0.879780
2022-02-21,0.883610
2022-02-22,0.884200
2022-02-23,0.882680
2022-02-24,0.884510
2022-02-25,0.893600
2022-02-28,0.894370
2022-03-01,0.891590
2022-03-02,0.898250
2022-03-03,0.899900
2022-03-04,0.903600
2022-03-07,0.919580
2022-03-08,0.920360
2022-03-09,0.917580
2022-03-10,0.903030
2022-03-11,0.907940
2022-03-14,0.914740
2022-03-15,0.913810
2022-03-16,0.911630
2022-03-17,0.907280
2022-03-18,0.900940
2022-03-21,0.905540
2022-03-22,0.907670
2022-03-23,0.906640
2022-03-24,0.908570
2022-03-25,0.908300
2022-03-28,0.910590
2022-03-29,0.909600
2022-03-30,0.901590
2022-03-31,0.895910
2022-04-01,0.903150
2022-04-04,0.905200
2022-04-05,0.911090
2022-04-06,0.916890
2022-04-07,0.917580
2022-04-08,0.920400
2022-04-11,0.918700
2022-04-12,0.919290
2022-04-13,0.923690
2022-04-14,0.917720
2022-04-15,0.924130
2022-04-18,0.924620
2022-04-19,0.927490
2022-04-20,0.926400
2022-04-21,0.921670
2022-04-22,0.922920
2022-04-25,0.924980
2022-04-26,0.933340
2022-04-27,0.939530
2022-04-28,0.947410
2022-04-29,0.952000
2022-05-02,0.949130
2022-05-03,0.951560
2022-05-04,0.949800
2022-05-05,0.941400
2022-05-06,0.948790
2022-05-09,0.949470
2022-05-10,0.946450
2022-05-11,0.949400
2022-05-12,0.951250
2022-05-13,0.963430
2022-05-16,0.961480
2022-05-17,0.957950
2022-05-18,0.948060
2022-05-19,0.954860
2022-05-20,0.945270
2022-05-23,0.946090
2022-05-24,0.936150
2022-05-25,0.931400
2022-05-26,0.935750
2022-05-27,0.931710
2022-05-30,0.931840
2022-05-31,0.928200
2022-06-01,0.931610
2022-06-02,0.938600
2022-06-03,0.930140
2022-06-06,0.932310
2022-06-07,0.935330
2022-06-08,0.934700
2022-06-09,0.933040
2022-06-10,0.941690
2022-06-13,0.953290
2022-06-14,0.960140
2022-06-15,0.957800
2022-06-16,0.956370
2022-06-17,0.948150
2022-06-20,0.953160
2022-06-21,0.950500
2022-06-22,0.949430
2022-06-23,0.946600
2022-06-24,0.950560
2022-06-27,0.946420
2022-06-28,0.945100
2022-06-29,0.950250
2022-06-30,0.957250
2022-07-01,0.954410
2022-07-04,0.958410
2022-07-05,0.958480
2022-07-06,0.974880
2022-07-07,0.981700
2022-07-08,0.983300
2022-07-11,0.983660
2022-07-12,0.995270
2022-07-13,0.996700
2022-07-14,0.996740
2022-07-15,0.997440
2022-07-18,0.990460
2022-07-19,0.985690
2022-07-20,0.977390
2022-07-21,0.982050
2022-07-22,0.978370
2022-07-25,0.980370
2022-07-26,0.978000
2022-07-27,0.987210
2022-07-28,0.979500
2022-07-29,0.981130
2022-08-01,0.979600
2022-08-02,0.974530
2022-08-03,0.984670
2022-08-04,0.984480
2022-08-05,0.975820
2022-08-08,0.983200
2022-08-09,0.980620
2022-08-10,0.979610
2022-08-11,0.970800
2022-08-12,0.969300
2022-08-15,0.975000
2022-08-16,0.984060
2022-08-17,0.983220
2022-08-18,0.982300
2022-08-19,0.991090
2022-08-22,0.996490
2022-08-23,1.006090
2022-08-24,1.003320
2022-08-25,1.003100
2022-08-26,1.002880
2022-08-29,1.006170
2022-08-30,0.998600
2022-08-31,0.997500
2022-09-01,0.996110
2022-09-02,1.004790
2022-09-05,1.009140
2022-09-06,1.004800
2022-09-07,1.010310
2022-09-08,1.000430
2022-09-09,0.998800
2022-09-12,0.992910
2022-09-13,0.987210
2022-09-14,1.001800
2022-09-15,1.001600
2022-09-16,1.001170
2022-09-19,0.997770
2022-09-20,0.997050
2022-09-21,1.002930
2022-09-22,1.017220
2022-09-23,1.016100
2022-09-26,1.032000
2022-09-27,1.039100
2022-09-28,1.042080
2022-09-29,1.030060
2022-09-30,1.017340
2022-10-03,1.021170
2022-10-04,1.017080
2022-10-05,1.001570
2022-10-06,1.008980
2022-10-07,1.021550
2022-10-10,1.027220
2022-10-11,1.029860
2022-10-12,1.030910
2022-10-13,1.030080
2022-10-14,1.025500
2022-10-17,1.026760
2022-10-18,1.015600
2022-10-19,1.013800
2022-10-20,1.023910
2022-10-21,1.022610
2022-10-24,1.014190
2022-10-25,1.011480
2022-10-26,1.003640
2022-10-27,0.990890
2022-10-28,1.003230
2022-10-31,1.004520
2022-11-01,1.011500
2022-11-02,1.012360
2022-11-03,1.018910
2022-11-04,1.025680
2022-11-07,1.007170
2022-11-08,0.998140
2022-11-09,0.991980
2022-11-10,0.998050
2022-11-11,0.981140
2022-11-14,0.968190
2022-11-15,0.969060
2022-11-16,0.965450
2022-11-17,0.962000
2022-11-18,0.965090
2022-11-21,0.967970
2022-11-22,0.976020
2022-11-23,0.969830
2022-11-24,0.960040
2022-11-25,0.960790
2022-11-28,0.964550
2022-11-29,0.966600
2022-11-30,0.968570
2022-12-01,0.959200
2022-12-02,0.949810
2022-12-05,0.948390
2022-12-06,0.952660
2022-12-07,0.955200
2022-12-08,0.951180
2022-12-09,0.947000
2022-12-12,0.950370
2022-12-13,0.948610
2022-12-14,0.941030
2022-12-15,0.936650
2022-12-16,0.939800
2022-12-19,0.944730
2022-12-20,0.942100
2022-12-21,0.941000
2022-12-22,0.942500
2022-12-23,0.943100
2022-12-26,0.937400
2022-12-27,0.939830
2022-12-28,0.940100
2022-12-29,0.940800
2022-12-30,0.938020
2023-01-02,0.933730
2023-01-03,0.936530
2023-01-04,0.948150
2023-01-05,0.942830
2023-01-06,0.950370
2023-01-09,0.938410
2023-01-10,0.931690
2023-01-11,0.931190
2023-01-12,0.928850
2023-01-13,0.920790
2023-01-16,0.923820
2023-01-17,0.923350
2023-01-18,0.926500
2023-01-19,0.926110
2023-01-20,0.923030
2023-01-23,0.920380
2023-01-24,0.919600
2023-01-25,0.918430
2023-01-26,0.915580
2023-01-27,0.917900
2023-01-30,0.919840
2023-01-31,0.921600
2023-02-01,0.920730
2023-02-02,0.908030
2023-02-03,0.917000
2023-02-06,0.926710
2023-02-07,0.931900
2023-02-08,0.931990
2023-02-09,0.933200
2023-02-10,0.930900
2023-02-13,0.936530
2023-02-14,0.931930
2023-02-15,0.931470
2023-02-16,0.935300
2023-02-17,0.937580
2023-02-20,0.935940
2023-02-21,0.936100
2023-02-22,0.938790
2023-02-23,0.942880
2023-02-24,0.943570
2023-02-27,0.947440
2023-02-28,0.942400
2023-03-01,0.945420
2023-03-02,0.937300
2023-03-03,0.943420
2023-03-06,0.941070
2023-03-07,0.935600
2023-03-08,0.947800
2023-03-09,0.947910
2023-03-10,0.944760
2023-03-13,0.936010
2023-03-14,0.932400
2023-03-15,0.932170
2023-03-16,0.944880
2023-03-17,0.942140
2023-03-20,0.936430
2023-03-21,0.932910
2023-03-22,0.928140
2023-03-23,0.919930
2023-03-24,0.922930
2023-03-27,0.927800
2023-03-28,0.925320
2023-03-29,0.922550
2023-03-30,0.922200
2023-03-31,0.917040
2023-04-03,0.925640
2023-04-04,0.916400
2023-04-05,0.912400
2023-04-06,0.917150
2023-04-07,0.915740
2023-04-10,0.916290
2023-04-11,0.920020
2023-04-12,0.915960
2023-04-13,0.909100
2023-04-14,0.904600
2023-04-17,0.910200
2023-04-18,0.915300
2023-04-19,0.911130
2023-04-20,0.913060
2023-04-21,0.911500
2023-04-24,0.909730
2023-04-25,0.904200
2023-04-26,0.910880
2023-04-27,0.905200
2023-04-28,0.906450
2023-05-01,0.908190
2023-05-02,0.911640
2023-05-03,0.908190
2023-05-04,0.903430
2023-05-05,0.907200
2023-05-08,0.907550
2023-05-09,0.909410
2023-05-10,0.912020
2023-05-11,0.910410
2023-05-12,0.916410
2023-05-15,0.921430
2023-05-16,0.919650
2023-05-17,0.920330
2023-05-18,0.922650
2023-05-19,0.928040
2023-05-22,0.923980
2023-05-23,0.924980
2023-05-24,0.928530
2023-05-25,0.929600
2023-05-26,0.932450
2023-05-29,0.932570
2023-05-30,0.933910
2023-05-31,0.931700
2023-06-01,0.935000
2023-06-02,0.929300
2023-06-05,0.934700
2023-06-06,0.933550
2023-06-07,0.934750
2023-06-08,0.933930
2023-06-09,0.927410
2023-06-12,0.930150
2023-06-13,0.929110
2023-06-14,0.926840
2023-06-15,0.922250
2023-06-16,0.913580
2023-06-19,0.913900
2023-06-20,0.915390
2023-06-21,0.915720
2023-06-22,0.909700
2023-06-23,0.912500
2023-06-26,0.916870
2023-06-27,0.916550
2023-06-28,0.912640
2023-06-29,0.916100
2023-06-30,0.920130
2023-07-03,0.916800
2023-07-04,0.916330
2023-07-05,0.918700
2023-07-06,0.921100
2023-07-07,0.918220
2023-07-10,0.911600
2023-07-11,0.908600
2023-07-12,0.907930
2023-07-13,0.897300
2023-07-14,0.890990
2023-07-17,0.890650
2023-07-18,0.889870
2023-07-19,0.890560
2023-07-20,0.892440
2023-07-21,0.897900
2023-07-24,0.898850
2023-07-25,0.903900
2023-07-26,0.904940
2023-07-27,0.902660
2023-07-28,0.910850
2023-07-31,0.907090
2023-08-01,0.909290
2023-08-02,0.908440
2023-08-03,0.913730
2023-08-04,0.913110
2023-08-07,0.908870
2023-08-08,0.908830
2023-08-09,0.912500
2023-08-10,0.910940
2023-08-11,0.910610
2023-08-14,0.913710
2023-08-15,0.916600
2023-08-16,0.917080
2023-08-17,0.919550
2023-08-18,0.919570
2023-08-21,0.919490
2023-08-22,0.917570
2023-08-23,0.921940
2023-08-24,0.920320
2023-08-25,0.926000
2023-08-28,0.926150
2023-08-29,0.923740
2023-08-30,0.920030
2023-08-31,0.914700
2023-09-01,0.922160
2023-09-04,0.928000
2023-09-05,0.926400
2023-09-06,0.932300
2023-09-07,0.932470
2023-09-08,0.934770
2023-09-11,0.933000
2023-09-12,0.930200
2023-09-13,0.929950
2023-09-14,0.931600
2023-09-15,0.940100
2023-09-18,0.937360
2023-09-19,0.935220
2023-09-20,0.936150
2023-09-21,0.938700
2023-09-22,0.937950
2023-09-25,0.939100
2023-09-26,0.944140
2023-09-27,0.946120
2023-09-28,0.951900
2023-09-29,0.946750
2023-10-02,0.946500
2023-10-03,0.954130
2023-10-04,0.954900
2023-10-05,0.951740
2023-10-06,0.948170
2023-10-09,0.946300
2023-10-10,0.945280
2023-10-11,0.942970
2023-10-12,0.941240
2023-10-13,0.949060
2023-10-16,0.950430
2023-10-17,0.947480
2023-10-18,0.945800
2023-10-19,0.948900
2023-10-20,0.944600
2023-10-23,0.944290
2023-10-24,0.937220
2023-10-25,0.943810
2023-10-26,0.946320
2023-10-27,0.946570
2023-10-30,0.946750
2023-10-31,0.942060
2023-11-01,0.945260
2023-11-02,0.944550
2023-11-03,0.941700
2023-11-06,0.931780
2023-11-07,0.932700
2023-11-08,0.934920
2023-11-09,0.933670
2023-11-10,0.937420
2023-11-13,0.935440
2023-11-14,0.934420
2023-11-15,0.919260
2023-11-16,0.921270
2023-11-17,0.921340
2023-11-20,0.916840
2023-11-21,0.913580
2023-11-22,0.915900
2023-11-23,0.918200
2023-11-24,0.916900
2023-11-27,0.914040
2023-11-28,0.912540
2023-11-29,0.908600
2023-11-30,0.911270
2023-12-01,0.918100
2023-12-04,0.918430
2023-12-05,0.922700
2023-12-06,0.926470
2023-12-07,0.928790
2023-12-08,0.926600
2023-12-11,0.928870
2023-12-12,0.928800
2023-12-13,0.926040
2023-12-14,0.918600
2023-12-15,0.909620
2023-12-18,0.917830
2023-12-19,0.915430
2023-12-20,0.910660
2023-12-21,0.913600
2023-12-22,0.908580
2023-12-25,0.906900
2023-12-26,0.907420
2023-12-27,0.905550
2023-12-28,0.900200
2023-12-29,0.903490
2024-01-01,0.904500
2024-01-02,0.905900
2024-01-03,0.913930
2024-01-04,0.915100
2024-01-05,0.913460
2024-01-08,0.913890
2024-01-09,0.913100
2024-01-10,0.914710
2024-01-11,0.911150
2024-01-12,0.910610
2024-01-15,0.913600
2024-01-16,0.913600
2024-01-17,0.919220
2024-01-18,0.918630
2024-01-19,0.919190
2024-01-22,0.918080
2024-01-23,0.919100
2024-01-24,0.920990
2024-01-25,0.918970
2024-01-26,0.921910
2024-01-29,0.922210
2024-01-30,0.922980
2024-01-31,0.922220
2024-02-01,0.925590
2024-02-02,0.919570
2024-02-05,0.927640
2024-02-06,0.930940
2024-02-07,0.929610
2024-02-08,0.928010
2024-02-09,0.927880
2024-02-12,0.926080
2024-02-13,0.928310
2024-02-14,0.933800
2024-02-15,0.931780
2024-02-16,0.928170
2024-02-19,0.927220
2024-02-20,0.928040
2024-02-21,0.924800
2024-02-22,0.924180
2024-02-23,0.923730
2024-02-26,0.924210
2024-02-27,0.921580
2024-02-28,0.922100
2024-02-29,0.922610
2024-03-01,0.925500
2024-03-04,0.922280
2024-03-05,0.921220
2024-03-06,0.921150
2024-03-07,0.917470
2024-03-08,0.913230
2024-03-11,0.913830
2024-03-12,0.914800
2024-03-13,0.915100
2024-03-14,0.912800
2024-03-15,0.918830
2024-03-18,0.918900
2024-03-19,0.919630
2024-03-20,0.920530
2024-03-21,0.914310
2024-03-22,0.920610
2024-03-25,0.925280
2024-03-26,0.922660
2024-03-27,0.923160
2024-03-28,0.924780
2024-03-29,0.926400
2024-04-01,0.926550
2024-04-02,0.931340
2024-04-03,0.928630
2024-04-04,0.922650
2024-04-05,0.922760
2024-04-08,0.923320
2024-04-09,0.920500
2024-04-10,0.920870
2024-04-11,0.930950
2024-04-12,0.932240
2024-04-15,0.939000
2024-04-16,0.941110
2024-04-17,0.941490
2024-04-18,0.937260
2024-04-19,0.939480
2024-04-22,0.938240
2024-04-23,0.938610
2024-04-24,0.934200
2024-04-25,0.934590
2024-04-26,0.932000
2024-04-29,0.933980
2024-04-30,0.933210
2024-05-01,0.937510
2024-05-02,0.932700
2024-05-03,0.931700
2024-05-06,0.929530
2024-05-07,0.928720
2024-05-08,0.930190
2024-05-09,0.930500
2024-05-09,0.927000